ConvID,EntryID,Field,Conversation,Actor,Text
108,1,en-us,Intro,,Benvenuti nel mio castello.
108,2,en-us,Intro,,"Non aspettatevi che qui funzioni la logica di tutti i giorni. È volata dalla finestra qualche ora dopo mezzanotte, forse prima. "
108,3,en-us,Intro,,"Il mio regno non è di questo mondo, vedete. Sta molto al di fuori della realtà concreta e tangibile."
108,4,en-us,Intro,,"Ho provato a capire come ci arrivi la gente, e sono convinta che c’entri la luna. "
108,5,en-us,Intro,,"C’è chi dice che l’aura della luna li faccia impazzire. Avrete sentito espressioni come «rapito dalla luna» e «lunatico». Per come la vedo io, il chiaro di luna dà loro il permesso subliminale di mostrarsi per quello che sono. "
108,6,en-us,Intro,,"E così, ogni volta che lasciano che quel bagliore d’argento li guidi alle porte di questo posto, si sentono diversi. Varcata la soglia, sono pronti a dare spettacolo."
108,7,en-us,Intro,,Comincia una danza di orrori e meraviglie.
108,8,en-us,Intro,,Sono le 3:31. Benvenuti al Big Beat Burger.
108,9,en-us,Intro,,"Se siete qui a quest’ora, non vi state esattamente preparando a essere membri produttivi della società domani mattina. Più probabilmente state pregando che l’alba non arrivi mai."
108,10,en-us,Intro,,"Figli della notte insaziabili si radunano, sperando di crogiolarsi nella luce delle vittorie di stanotte, di smaltire una frustrante serie di fallimenti, o solo di lottare per non andare in pezzi."
108,11,en-us,Intro,,"Io intanto me ne sto qui seduta, a godermi avidamente ogni loro interazione. Non hanno idea di essere qui solo per il mio divertimento. Per loro sono una ragazza qualunque seduta in un angolo."
108,12,en-us,Intro,,"Ma questo è il mio territorio. Vengo qui quasi ogni notte da anni. So dove sedermi, dove guardare e dove origliare per divertirmi al massimo."
108,13,en-us,Intro,,"In pratica sono una guardona, e non mi vergogno ad ammetterlo. Mi ha dato una comprensione della condizione umana che non avrei mai avuto altrimenti e, soprattutto, le doti per campare come giornalista."
108,14,en-us,Intro,,"Mentre scrivo sul mio vecchio portatile scassato, aspettando con pazienza che la legione di voci negative nella mia testa si stanchi troppo per darmi feedback inutili, tengo i sensi all’erta per captare le storie intorno a me."
108,15,en-us,Intro,,"Certo, molti eventi ordinari, tipo le battaglie a colpi di cibo, non hanno niente di memorabile — a parte la mia sfortunata tendenza a diventare danno collaterale nelle guerre altrui. "
108,16,en-us,Intro,,"A oggi ho dovuto lavare i vestiti per colpa di Coca-Cola, Coca-Cola Light, caffè bollente, torta di mele e una specie di, ehm, bomba improvvisata di senape al miele. Ogni macchia racconta una storia diversa."
108,17,en-us,Intro,,"A volte questo hobby è sfiancante. A volte è inquietante. A volte è pericoloso, anche se meno di quando non mi portavo dietro lo spray al peperoncino. "
108,18,en-us,Intro,,Eppure quello che ho visto qui in tutti questi anni è valso assolutamente la pena. Ho così tante storie che non so da dove cominciare.
108,19,en-us,Intro,,Una signora in un magnifico abito Givenchy che ordina una vaschetta di nugget di pollo da asporto e paga in contanti con le mani completamente coperte di sangue. Le hanno chiesto se voleva un tovagliolo. Ha detto no.
108,20,en-us,Intro,,"Due maschi arrapati che se la spassano senza vergogna in un angolo, gemiti soffocati a riempire la sala mentre tutti intorno lottano eroicamente per fare finta di niente e mantenere un’illusione di normalità."
108,21,en-us,Intro,,"Un vero incontro di kung fu tra una cassiera minuta e un culturista fatto di droga in pieno episodio psicotico, che cercava di sfondare tutte le vetrate."
108,22,en-us,Intro,,Il gigante è uscito dal locale convinto di essersi messo KO da solo mentre l’addetta gli stava semplicemente accanto. Sembrava pure fiero della sua vittoria.
108,23,en-us,Intro,,"Una vecchiaccia di mezza età stroncata da un infarto dopo essersi sgolata perché non facessero avvicinare i musulmani al suo cibo, solo perché aveva visto una ragazza bianca con la retina dietro il bancone."
108,24,en-us,Intro,,"Una coppia mascherata che ha rapinato il locale di trenta hamburger, costringendo i dipendenti a cucinare sotto tiro. La polizia poi ha detto che erano studenti d’arte che rifacevano un libro hipster."
108,25,en-us,Intro,,Questa è la vita.
108,26,en-us,Intro,,Questa è l’umanità al suo peggio e al suo meglio. 
108,27,en-us,Intro,,Questo è il rumore che fa da fondamenta alla mia creatività. Questo è il soma che mi tiene in piedi. Questo è...
108,28,en-us,Intro,JuliaPreEmbrace,...Sospiro.
108,29,en-us,Intro,,Per quanto patetico possa sembrare… di questi tempi è l’unico posto in cui mi sento viva.
108,30,en-us,Intro,,"A volte mi vedo come una sanguisuga, che si nutre delle storie, delle emozioni e delle personalità di questa gente solo perché non le bastano le sue."
108,31,en-us,Intro,,"A volte penso alla mia psiche come a un costrutto postmoderno di merda, fondamentalmente incapace di onestà, che però non desidera altro che qualcosa di sentito e vero."
108,32,en-us,Intro,,Ha senso tutto questo? Guardo lo schermo del portatile. Le 3:47.
108,33,en-us,Intro,,"A questo punto sono quasi sonnambula, ma non è successo ancora niente di interessante. Sembra che stanotte i clienti si guardino a vicenda, sperando che siano gli altri a offrire un diversivo."
108,34,en-us,Intro,,"Questo è territorio mio, teste di cazzo parassite. La prossima volta cercatevene uno vostro."
108,35,en-us,Intro,,Credo sia ora di chiudere la serata. Il caffè che ordino sempre per non farmi cacciare è imbevibile. Bleah. Rileggo la bozza su cui lavoro da sei ore.
108,36,en-us,Intro,JuliaPreEmbrace,...Porca puttana. È pura spazzatura.
108,37,en-us,Intro,,"Tengo premuto il backspace finché la pagina di Google Documenti non è che una calma distesa bianca, e lascio uscire un sospiro di profondo sollievo."
108,38,en-us,Intro,,"Non c’è piacere più inebriante, per una scrittrice frustrata, che infierire su qualcuno ancora peggiore di lei; e quale bersaglio è più facile della stronza idiota che eri dieci minuti fa?"
108,39,en-us,Intro,,Ricontrollo l’ora. Devo andare. 
108,40,en-us,Intro,,"Domani alle 10 ho una riunione importante, e ho la sensazione che non finirà bene. "
108,41,en-us,Intro,,"E non perché io sia un’irresponsabile del cazzo che avrà bisogno di qualche caffè per funzionare a livello basilare dopo, tipo, quattro ore di sonno."
108,42,en-us,Intro,,È perché ho sempre la sensazione che le cose non stiano andando come dovrebbero.
108,43,en-us,Intro,,"Click, clack, click-click-clack. "
108,44,en-us,Intro,,Il fragore delle tastiere mi assale da tutti i lati. Rende insopportabile questo mal di testa lancinante.
108,45,en-us,Intro,,Un tempo non sognavo altro che far parte della redazione del New York Lodestar. È stata la prima rivista che ho letto con regolarità. La prima che mi sia mai comprata da sola.
108,46,en-us,Intro,,"Adesso mi basta sentire la parola «lodestar» per rovinarmi l’umore, figuriamoci vedere questi vecchi tromboni che tirano via editoriali reazionari e analisi dell’attualità da livello Wikipedia."
108,47,en-us,Intro,,"Click, clack, click-click-clack."
108,48,en-us,Intro,,"Un tempo mi demolivano e ricostruivano l’intera visione del mondo ogni mese. Hanno plasmato il mio modo di pensare la politica, l’arte, il giornalismo. Mi hanno perfino indirizzata alla mia marca di sigarette preferita, porca miseria."
108,49,en-us,Intro,,Poi le persone di talento hanno cominciato ad andarsene verso lidi migliori. Alcuni si sono chiusi troppo nelle proprie nevrosi. Altri si sono adagiati.
108,50,en-us,Intro,,"Tutti quanti hanno commesso il peccato di lasciarsi invecchiare. Sangue fresco ritenuto superfluo, anche se i giovani freelance continuavano a essere spremuti fino all’osso."
108,51,en-us,Intro,,"Oggi, se qualcuno fuori dal Lodestar parla del Lodestar, è per via di due o tre collaboratori idealisti disposti ad accettare una paga miserabile facendo un lavoro serio. Idioti."
108,52,en-us,Intro,,"Per il resto la rivista è specializzata in pallide eco di idee provocatorie che avevo già sentito altrove anni prima, avvolte in un’estetica che non è all’avanguardia da un decennio."
108,53,en-us,Intro,,"Non c’è da stupirsi se i lettori sono in caduta libera. Ma anche se la nave affonda, la vecchia guardia non la lascerà colare a picco senza combattere. "
108,54,en-us,Intro,,"Cioè: se qualcuno da fuori prova a salire a bordo sperando di correggere la rotta o tappare le falle, viene liquidato in fretta. Lo so bene. Ci sono passata."
108,55,en-us,Intro,,"Al momento, l’unico membro fisso della redazione che non mi faccia venire voglia di strapparmi la faccia leggendo quello che scrive..."
108,56,en-us,Intro,BrianNg,*Colpo di tosse*. *Colpo di tosse*.
108,57,en-us,Intro,,"...è il caporedattore del Lodestar, Brian Ng, l’uomo seduto davanti a me adesso. Certo, di questi tempi ha tempo solo per gli editoriali. Una goccia nel mare. I doveri manageriali l’hanno steso."
108,58,en-us,Intro,,"È la seconda volta che si lascia andare a un colpo di tosse teatrale. Ha detto la sua, ora tocca a me reagire, e non mi viene niente."
108,59,en-us,Intro,,"Ma cosa vuoi che ti dica, Brian? Sono incazzata. Si vede che hai già deciso, ma vuoi comunque recitare la scena, giusto per farmi sentire ascoltata."
108,60,en-us,Intro,,Vabbè. Facciamola.
108,61,Menu Text en-us,Intro,JuliaPreEmbrace,"Brian, quel tizio è colpevole di frode grave."
108,62,Menu Text en-us,Intro,JuliaPreEmbrace,"Quell’uomo è un molestatore sessuale, Brian."
108,63,Menu Text en-us,Intro,JuliaPreEmbrace,Qui stai proteggendo un pezzo di merda completo.
108,64,en-us,Intro,JuliaPreEmbrace,"Brian, il mio articolo non è che se la prende con i ricchi sperando che non reagiscano. Credo che gli investitori di Double Spiral gradirebbero sapere che li stanno truffando."
108,65,en-us,Intro,BrianNg,"Sempre che, e il se è grosso, non siano parte consapevole della truffa."
108,66,en-us,Intro,JuliaPreEmbrace,Ma dai.
108,67,en-us,Intro,BrianNg,"E anche se non lo fossero, dubito sarebbero abbastanza generosi da proteggerci dalle conseguenze."
108,68,en-us,Intro,JuliaPreEmbrace,"Mi sento stupida solo a doverlo dire ad alta voce, ma di fatto stai coprendo un molestatore sessuale, Brian. "
108,69,en-us,Intro,BrianNg,"No, non è vero."
108,70,en-us,Intro,JuliaPreEmbrace,"No, guardala in faccia. Mettiamo che la storia di Harvey Weinstein fosse finita sulla tua scrivania invece che al New York Times..."
108,71,en-us,Intro,BrianNg,Non paragonarmi al Times. Sai che è un colpo basso.
108,72,en-us,Intro,JuliaPreEmbrace,Te la sei cercata. E non sei esattamente nella posizione di parlare di colpi bassi.
108,73,en-us,Intro,BrianNg,Sai che non è quello il nocciolo della questione.
108,74,en-us,Intro,JuliaPreEmbrace,"Senti, lo so che il mio articolo sembra un’esecuzione, ma solo perché quel tizio mi ha dato munizioni sufficienti a ridurlo a un groviera quando la storia uscirà."
108,75,en-us,Intro,JuliaPreEmbrace,Le mie fonti sono solide. Hanno portato prove di tutto. Hanno subito ingiustizie di ogni tipo e chiedono aiuto. Allora perché stai dalla parte di uno stronzo aziendale e non dalla loro?
108,76,en-us,Intro,BrianNg,Le tue fonti non sono il problema. Non ho mai detto che lo fossero.
108,77,en-us,Intro,JuliaPreEmbrace,Stai evitando il nocciolo della questione.
108,78,en-us,Intro,BrianNg,"No, credo di averlo individuato con precisione. Se dipendesse da me darei il via libera all’articolo qui e ora, e non staremmo avendo questa conversazione."
108,79,en-us,Intro,JuliaPreEmbrace,"Però stai ammazzando l’articolo, solo perché un riccone di merda ti ha detto che non gli piace."
108,80,en-us,Intro,BrianNg,Torna con i piedi per terra. Non è un milionario del cazzo che mi chiama per farmi un’offerta che non posso rifiutare.
108,81,en-us,Intro,JuliaPreEmbrace,E allora di cosa si tratta? Perché assomiglia parecchio a-
108,82,en-us,Intro,BrianNg,Si tratta dei miei capi che mi dicono che questa testata non può permettersi l’azione legale con cui ci hanno già minacciati. 
108,83,en-us,Intro,JuliaPreEmbrace,"Quindi, ingerenza di un milionario."
108,84,en-us,Intro,BrianNg,"Oh, per l’amor del cielo, Julia, non farmi trattare con te come con una bambina. Sai come funziona. "
108,85,en-us,Intro,BrianNg,"Se pubblico il tuo pezzo è di nuovo Thiel contro Gawker. Una causa qui, una causa là, finché non ci hanno dissanguati. "
108,86,en-us,Intro,BrianNg,Ho un mutuo. Ho tre bocche da sfamare a casa. Ho una squadra straordinaria che non merita di essere fatta a pezzi per qualche--
108,87,en-us,Intro,JuliaPreEmbrace,Non trovi significativo che tu abbia nominato prima il mutuo?
108,88,en-us,Intro,,Silenzio.
108,89,en-us,Intro,JuliaPreEmbrace,Faccio solo domande.
108,90,en-us,Intro,BrianNg,"So bene che non conviene mettermi a fare questi vuoti giochi semantici con lei, signorina Sowinski. Le riescono bene. Il problema è che non le riescono abbastanza bene."
108,91,en-us,Intro,JuliaPreEmbrace,Cioè?
108,92,en-us,Intro,BrianNg,È troppo innamorata del tessere una bella storia e del costruire una narrazione seducente per lasciare che i fatti le rovinino la festa.
108,93,en-us,Intro,JuliaPreEmbrace,"Di questi tempi hai a bordo abbastanza pseudointellettuali noiosi e senza principi. Loro i fatti te li danno sempre, perché è tutto quello che sanno fare. Io li uso per avvicinarmi a una verità."
108,94,en-us,Intro,BrianNg,Solo che i fatti possono coglierla alla sprovvista. E Double Spiral ne ha abbastanza da annacquare il suo pezzo fino a rendere insensato pubblicarlo.
108,95,en-us,Intro,BrianNg,"Le loro risorse umane e la comunicazione stanno facendo gli straordinari per confezionare una contronarrazione convincente, e ci riescono. Non annullerà il danno, ma metterà tutto in dubbio..."
108,96,en-us,Intro,JuliaPreEmbrace,"Jesse Montgomery è un razzista, un truffatore, un predatore sessuale e un testa di cazzo satanico."
108,97,en-us,Intro,BrianNg,Julia…
108,98,en-us,Intro,JuliaPreEmbrace,"Te lo ripeto. Jesse Montgomery è un razzista, un truffatore, un predatore sessuale e un testa di cazzo satanico. Tu personalmente ci credi o no?"
108,99,en-us,Intro,BrianNg,Non è questo il…
108,100,en-us,Intro,JuliaPreEmbrace,"Hai ascoltato le registrazioni, letto le trascrizioni, visto i documenti, hai i file. Ti sto chiedendo la tua opinione personale. Ci credi o no?"
108,101,en-us,Intro,,"Click, clack, click-clack-click. "
108,102,en-us,Intro,BrianNg,Certo che ci credo. Ma non è questo il punto.
108,103,en-us,Intro,JuliaPreEmbrace,"Invece sì. Senti, che ne dici se lo dico ad alta voce e risparmiamo tempo a tutti e due?"
108,104,en-us,Intro,JuliaPreEmbrace,Non stiamo avendo questa conversazione perché ci sia davvero una conversazione da avere. Hai fissato questo incontro sapendo benissimo che può finire in un modo solo.
108,105,en-us,Intro,JuliaPreEmbrace,Hai un mutuo e tre bocche da sfamare. Metti il benessere di chi ti sta intorno davanti a un nebuloso concetto di bene comune. Lo capisco. Davvero.
108,106,en-us,Intro,JuliaPreEmbrace,Eppure sembra che tu stia allungando questa conversazione e razionalizzando la tua decisione solo perché io… ti perdoni? Ti assolva ufficialmente?
108,107,en-us,Intro,BrianNg,"Non sono io il cattivo, Julia."
108,112,en-us,Intro,JuliaPreEmbrace,Ma piantala. Non farne una lagna autocommiserativa.
108,113,en-us,Intro,BrianNg,"No, sono proprio una carogna."
108,114,en-us,Intro,JuliaPreEmbrace,E come mai?
108,115,en-us,Intro,BrianNg,Perché la sto licenziando.
108,116,en-us,Intro,JuliaPreEmbrace,...
108,117,en-us,Intro,,Ho i pensieri in disordine.
108,118,en-us,Intro,,Un vuoto ululante mi si apre nel petto e comincia a scendere verso lo stomaco.
108,119,en-us,Intro,JuliaPreEmbrace,È definitivo?
108,120,en-us,Intro,BrianNg,Mi hanno detto che ci saranno conseguenze se la testata pubblicherà ancora un suo lavoro… Non dovrei nemmeno dirglielo.
108,121,en-us,Intro,JuliaPreEmbrace,Mi hanno? Chi «mi hanno»? Chi sono questi?
108,122,en-us,Intro,,"Lancia un’occhiata a destra e a sinistra, poi punta il dito verso l’alto per un istante. Quando riprende a parlare, lo fa a voce bassa."
108,123,en-us,Intro,BrianNg,"Lo sa. I pezzi grossi. Non è che si possano mettere in discussione, e volevano la sua testa su un piatto d’argento."
108,124,en-us,Intro,,Non mi guarda negli occhi.
108,125,en-us,Intro,JuliaPreEmbrace,Non stai scherzando.
108,126,en-us,Intro,BrianNg,Non scherzerei mai su una cosa del genere.
108,127,en-us,Intro,,È vero.
108,128,en-us,Intro,,Porca troia. È vero.
108,129,en-us,Intro,,merda merda merda merda merda merda che vada tutto all’inferno
108,130,en-us,Intro,,tutti questi anni tutta questa fatica tutti i miei piani e per cosa stronzo del cazzo lo sai che merito di meglio e ho sempre meritato di meglio e finisce sempre che vado a rotoli e torno nella fogna CAZZO-
108,131,en-us,Intro,,No.
108,132,en-us,Intro,,"Fai qualche respiro profondo. Non perdere il filo adesso. Tieniti insieme, idiota."
108,133,en-us,Intro,,Appena mostri una debolezza ti saltano alla gola. Riprendi il controllo.
108,134,en-us,Intro,JuliaPreEmbrace,Non puoi farlo.
108,135,en-us,Intro,BrianNg,Vorrei non doverlo fare. Ma è una causa persa.
108,136,en-us,Intro,JuliaPreEmbrace,No. Intendo che è impossibile.
108,137,en-us,Intro,BrianNg,Julia--
108,138,en-us,Intro,JuliaPreEmbrace,Non puoi licenziare qualcuno che non hai mai assunto. 
108,139,en-us,Intro,,"Ci mette qualche secondo a montare la faccia da «ah, ho capito», lasciarsi sfuggire un sospiro imbarazzato e mettersi a massaggiarsi le tempie."
108,140,en-us,Intro,,"Il Lodestar è stato la mia fonte di reddito principale negli ultimi anni, questo è vero. Ma tecnicamente qui non mi ha mai assunta nessuno. Erano tutti lavori da freelance."
108,141,en-us,Intro,,"Un posto fisso serviva solo da carota appesa davanti al muso. La promessa di una paga decente, di prospettive di carriera, magari perfino di un’assicurazione per salvare la mia salute in rovina."
108,142,en-us,Intro,,E del riconoscimento che avrei avuto facendo parte della squadra del Lodestar. Un posto che tutti intorno a me sembrano rispettare… tranne me.
108,143,en-us,Intro,,E allora perché lo volevo così tanto? 
108,144,en-us,Intro,,...
108,145,en-us,Intro,,Ci sarà tempo per piangere quello che poteva essere. Per ora conviene fare finta di non darci peso.
108,146,en-us,Intro,BrianNg,"Sa cosa intendo. Se la lasciassi lavorare, anche sotto falso nome, per me sarebbe la ghigliottina."
108,147,en-us,Intro,JuliaPreEmbrace,"È ridicolo. Lo sai che comincio a proporre questa storia in giro un secondo dopo essere uscita da questa stanza, vero?"
108,148,en-us,Intro,BrianNg,Certo che lo so. Gliel’ho detto. 
108,149,en-us,Intro,JuliaPreEmbrace,E la risposta?
108,150,en-us,Intro,BrianNg,«A quello pensiamo noi».
108,151,en-us,Intro,JuliaPreEmbrace,"Be’, non suona affatto sinistro.  "
108,152,en-us,Intro,,...
108,153,en-us,Intro,,"Click, clack, click-clack-click. "
108,154,en-us,Intro,,Mi chiedo se potrei abituarmi a una di quelle tastiere meccaniche rumorose che qui piacciono tanto a certa gente.
108,155,en-us,Intro,,"Tutte le volte che ho lavorato qui dentro, dovevo comunque portarmi il mio portatile scassato e sedermi più vicina all’ingresso."
108,156,en-us,Intro,,"Sempre fuori, per quanto mi sforzi di entrare."
108,157,en-us,Intro,,Una vibrazione nella tasca posteriore. Sa di brutto presagio. Per ora decido di ignorarla.
108,158,en-us,Intro,JuliaPreEmbrace,"Sto lavorando a questa cazzo di storia da, che ne so, sedici mesi, a intermittenza."
108,159,en-us,Intro,BrianNg,Lo so.
108,160,en-us,Intro,JuliaPreEmbrace,Mi hai sempre incoraggiata. 
108,161,en-us,Intro,BrianNg,Lo so.
108,162,en-us,Intro,JuliaPreEmbrace,"Sono indietro di due mesi con l’affitto. No, aspetta. Due e mezzo."
108,163,en-us,Intro,,"Lo prendo alla sprovvista. Per un istante resta spiazzato, poi mi rivolge uno sguardo pieno di comprensione. "
108,164,en-us,Intro,,Non guardarmi in quel modo. Non ne hai il diritto. 
108,165,en-us,Intro,BrianNg,Non lo sapevo.
108,166,en-us,Intro,JuliaPreEmbrace,"Be’, adesso lo sai."
108,167,en-us,Intro,BrianNg,"Senti, se c’è qualcosa che posso fare per aiutarti…"
108,168,en-us,Intro,JuliaPreEmbrace,"Se non puoi mandare affanculo i tuoi «pezzi grossi», direi proprio niente."
108,169,en-us,Intro,BrianNg,Julia...
108,170,en-us,Intro,,Tiro fuori una sigaretta e l’accendo. Devo riprendere il controllo.
108,171,en-us,Intro,BrianNg,"...per favore, non farlo. Qui c’è un rilevatore di fumo."
108,172,en-us,Intro,Julia_preEmbraceCig,Tranquillo. Nick l’ha disattivato qualche settimana fa. Probabilmente la cosa più creativa che abbia fatto negli ultimi cinque anni.
108,173,en-us,Intro,,"Il buon vecchio Nick. Il perfetto critico cinematografico del ventunesimo secolo. Non ha mai un pensiero originale suo, si affida solo al suo gusto puramente algoritmico per restare simpatico. E il bello è che funziona."
108,174,en-us,Intro,,"Buffo, il suo lavoro me lo sognavo. È stato Brian ad ammazzare quel sogno, facendomi capire che Nick non lo scalza nessuno tanto presto – e offrendosi invece di insegnarmi il mestiere della giornalista investigativa."
108,175,en-us,Intro,,"Non è mai stata la carriera che volevo, ma con mio sommo dispiacere si è scoperto che ci sapevo fare sorprendentemente bene. Finché non è saltata fuori questa storia di Montgomery. "
108,176,en-us,Intro,,Ben mi sta. Lezione imparata. Avrei fatto meglio a inseguire i miei sogni.
108,177,en-us,Intro,BrianNg,Smettila. Nicholas è un buon amico. Un critico rispettato. Fa parte della mia squadra. E spegni quella sigaretta. La gente mi dice che ti lascio camminare sulla testa. Ma perché ti permetto di comportarti così?
108,178,en-us,Intro,Julia_preEmbraceCig,Perché una volta mi hai detto che in un rapporto tra maestro e allieva l’onestà è la cosa più importante. E che vale in entrambe le direzioni. E perché pensavo che fossimo amici.
108,179,en-us,Intro,,Si morde il labbro e guarda di lato per evitare i miei occhi.
108,180,en-us,Intro,BrianNg,"Alla fine dei conti, i capi non sono amici. Devo essere stato un pessimo maestro, se non ti ho insegnato nemmeno questo."
108,182,en-us,Intro,,"Un’altra vibrazione in tasca, un altro presentimento. Stavolta tiro fuori lo smartphone controvoglia. Se deve piovere, che diluvi."
108,183,en-us,Intro,,Una mail nuova. Bella lunga. E il mittente? Parli del diavolo.
108,184,en-us,Intro,,…
108,185,en-us,Intro,,"No, no, no. Non è possibile."
108,186,en-us,Intro,,...Cristo santo.
108,187,en-us,Intro,JuliaPreEmbrace,"Mi è appena arrivata, ehm, una mail da Mila Lopez. "
108,188,en-us,Intro,JuliaPreEmbrace,"Dice che l’hanno appena licenziata da Double Spiral. Come, ehm, Mike Antonoff e Jared Rivera."
108,189,en-us,Intro,BrianNg,Cosa? Ma… cos’è successo?
108,190,en-us,Intro,JuliaPreEmbrace,"Ti risparmio tutti i suoi insulti, va bene? Il punto è che a quanto pare le loro risorse umane conoscono tutte le informazioni riservate sulla mia inchiesta e le hanno usate per tappare la bocca a tutti."
108,191,en-us,Intro,JuliaPreEmbrace,"Cazzo, pare che Montgomery si sia avvicinato a Lopez mentre svuotava la scrivania e le abbia detto di ringraziarmi per essere, cito, «una troia stupida e imprudente»."
108,192,en-us,Intro,,Brian impallidisce.
108,193,en-us,Intro,JuliaPreEmbrace,Pezzo di merda. Hai bruciato le mie fonti?
108,194,en-us,Intro,BrianNg,Cosa-- cosa? Certo che no. Ma cosa stai dicendo?
108,195,en-us,Intro,JuliaPreEmbrace,"Oh, non provare a fare il finto tonto. O sei stato tu o sono stata io, non c’è nessun altro, e sai come lavoro. La mia inchiesta era praticamente non tracciabile, online e offline."
108,196,en-us,Intro,JuliaPreEmbrace,"Luoghi d’incontro scelti con cura. Crittografia su crittografia. Ogni citazione diretta riscritta cinque volte, per sicurezza. Piste false sparse ovunque. So il fatto mio. E tu lo sai."
108,197,en-us,Intro,JuliaPreEmbrace,"E questo tempismo? Hai passato una chiavetta USB ai tuoi adorati «pezzi grossi» durante una riunione, come segno di buona volontà? "
108,198,en-us,Intro,BrianNg,"Senti, capisco che tu sia sconvolta, ma perché non ne parliamo… con calma?"
108,199,en-us,Intro,JuliaPreEmbrace,Testa di cazzo immorale. Brutto pezzo di merda--
108,200,en-us,Intro,BrianNg,"Calmati, per l’amor di Dio--"
108,201,en-us,Intro,,E così va.
108,202,en-us,Intro,,Urlo un sacco di cose che volevo dire da tempo e che mi ero tenuta dentro. Scaglio un sacco di insulti che limavo da anni sperando di non doverli usare mai. Rompo qualche oggetto. 
108,203,en-us,Intro,,"Ogni tanto, per una frazione di secondo, vedo la pietà negli occhi di qualcuno. Mi perseguiterà a lungo, ma nella foga del momento non me ne frega niente."
108,204,en-us,Intro,,"Questa gente… no, questa azienda non ha più niente da offrirmi, quindi almeno lasciatemi questa catarsi."
108,205,en-us,Intro,,Alla fine deve scortarmi fuori dall’edificio una guardia giurata. Ed è la fine della mia carriera di giornalista.
108,206,en-us,Intro,JuliaPreEmbrace,Ho solo la sensazione che il mio mondo si sia sbriciolato nel nulla.
108,207,en-us,Intro,Dakota_nopic,"Cioè, ne hai tutto il diritto. Tipo, Cristo santo. Se fossi in te sarei già crollata in un mare di lacrime."
108,208,en-us,Intro,JuliaPreEmbrace,"Mi piacerebbe, ma sono in metropolitana. Troppo orgogliosa per piangere in pubblico, perfino adesso. E poi..."
108,209,en-us,Intro,Dakota_nopic,E poi?
108,210,en-us,Intro,JuliaPreEmbrace,"È stupido, ma ho la sensazione che qualcuno là fuori continui a distruggere tutto quello a cui tengo, solo per vedere come reagisco. Come se fosse uno scherzo in TV e qualcuno aspettasse di riprendermi mentre piango."
108,211,en-us,Intro,JuliaPreEmbrace,"Quindi, per puro dispetto, faccio di tutto per non piangere. Vaffanculo, chiunque tu sia e ovunque tu sia."
108,212,en-us,Intro,Dakota_nopic,"È la cosa più Julia Sowinski che abbia mai sentito. Il dispetto come massima motivazione, eh?"
108,213,en-us,Intro,JuliaPreEmbrace,"Non è che mi senta particolarmente motivata a fare qualcosa, a essere sincera. Voglio solo restare a letto finché quello stronzo del mio padrone di casa non chiama la polizia per sbattermi fuori con la forza. "
108,214,en-us,Intro,Dakota_nopic,"Non mi stupisce. Merda. Lo so che quando la vita decide di fotterti è sempre una dietro l’altra, ma questa è… troppo."
108,215,en-us,Intro,,Quanto è troppo? Facciamo il punto su quest’ultima settimana di giugno del 2019.
108,216,en-us,Intro,,"Mi hanno buttata fuori dal lavoro. Be’, non è che mi avessero mai assunta, quindi diciamo che il mio maestro ha rotto ogni vaga promessa che mi avesse mai fatto."
108,217,en-us,Intro,,Il pezzo grosso a cui lavoravo da un anno e mezzo? Nel cesso. È tutto inutile. 
108,218,en-us,Intro,,"Il mio capo non ha protetto come si deve le mie fonti, e adesso provano a raggiungermi su ogni canale possibile per minacciarmi o solo per urlarmi contro. E hanno tutto il diritto di reagire così."
108,219,en-us,Intro,,"Tutti i miei lavoretti secondari sono saltati. Nessuno risponde alle mie mail. Qualcuno ha infangato il mio nome dietro le quinte, e ha funzionato."
108,222,en-us,Intro,,Ho tre messaggi non letti del padrone di casa. Bastavano le anteprime a mettermi angoscia.
108,223,en-us,Intro,,"È arrivata una chiamata da Chicago. A quanto pare papà ha un cancro alla vescica. Mamma è in preda all’isteria. Impazzirebbe se sapesse della mia situazione, quindi ogni volta che chiama devo fingere che vada tutto bene."
108,224,en-us,Intro,,"E chiama tutti i giorni. E non riattacca finché non mi ha scaricato addosso tutti i suoi pesi. E non posso nemmeno darle torto, perché abbiamo dovuto imparare tutti a conviverci in qualche modo, con le tendenze psicopatiche di papà."
108,225,en-us,Intro,,"Mi hanno derubata. Tutti i documenti e i pochi soldi che avevo, spariti. Non so nemmeno quando o dove sia successo, e la cosa mi fa impazzire perché sto sempre attentissima ai borseggiatori."
108,226,en-us,Intro,,E la lista continua. 
108,227,en-us,Intro,Dakota_nopic,"Paranoica va benissimo. Comunque, lo so che liquidi sempre l’argomento con un gesto, ma ricordati che se succede qualcosa casa mia è casa tua. Non devi affrontarla da sola."
108,228,en-us,Intro,,"Invece sì. Sono una calamita per i guai, e per quanto egocentrica io possa essere, non voglio che questa storia si riversi su di te. "
108,229,en-us,Intro,JuliaPreEmbrace,"Lo so. Senti, ho un’altra chiamata."
108,230,en-us,Intro,Dakota_nopic,"Va bene. Chiamami se succede qualsiasi cosa, per quanto stupida ti sembri, okay? E passa da me quando puoi."
108,231,en-us,Intro,JuliaPreEmbrace,Lo farò. Grazie. Ci vediamo.
108,232,en-us,Intro,,"Metto via il telefono, butto fuori il fiato e fisso il vuoto davanti a me. "
108,233,en-us,Intro,JuliaPreEmbrace,Cristo.
108,234,en-us,Intro,,"Solo dopo un po’ mi accorgo che il vagone è vuoto. Vuoto in modo innaturale. Comincio a sentirmi a disagio, ma qualcuno entra nel mio campo visivo. "
108,235,en-us,Intro,Caren_,…
108,236,en-us,Intro,,Ed è l’ultima cosa che registro coscientemente. Il mondo si dissolve.
108,237,en-us,Intro,,"Quando riprendo i sensi sono fuori dalla metropolitana, in piedi in un vicolo che non riconosco. "
108,238,en-us,Intro,,"È abbastanza buio. Gli occhi cominciano ad abituarsi, e provo a capire cos’è successo. "
108,239,en-us,Intro,,Ho una pistola in mano.
108,240,en-us,Intro,,Una sagoma indistinta ai miei piedi. Non si muove. 
108,241,en-us,Intro,,"Qualcuno è in piedi davanti a me, coperto dalle ombre. Non riesco a distinguerle bene il volto, ma mi fissa con evidente intenzione."
108,242,en-us,Intro,,Parla. Ha una voce roca e androgina. Il tono è pieno d’odio e di scherno.
108,243,en-us,Intro,Caren_,Ma che gran carogna che sei.
108,244,en-us,Intro,JuliaPreEmbrace,Cosa sta succedendo? Chi sei?
108,245,en-us,Intro,Caren_,Non fare la finta tonta.
108,246,en-us,Intro,,"La mente mi si svuota. Guardo per terra. C’è un corpo, crivellato di colpi. E riconosco chi è… chi era."
108,247,en-us,Intro,,Il cadavere è di Mike Antonoff. Uno degli informatori di Double Spiral. Una mia fonte. Poche ore fa minacciava di farmela pagare.
108,248,en-us,Intro,,Com’è possibile che sia reale?
108,249,en-us,Intro,JuliaPreEmbrace,"Non, non sono stata io... Non so, non so nemmeno cosa stia succedendo. Senti, ero solo in metropolitana--"
108,250,en-us,Intro,Caren_,"Te l’ho detto, non fare la finta tonta."
108,251,en-us,Intro,,"Non è vero. È verosimile, ma questo non lo rende vero. O sì?"
108,252,en-us,Intro,,"E se non lo è, allora la responsabile è la persona che ho davanti."
108,253,en-us,Intro,JuliaPreEmbrace,Che cazzo mi hai fatto?!
108,254,en-us,Intro,Caren_,"Niente, per ora. Ma farò il possibile per farti sbattere dentro a vita. Questo è omicidio di primo grado con aggravanti speciali."
108,255,en-us,Intro,,La sua voce distaccata e il tono insensato non fanno che rassicurarmi: non può essere reale. Mi rifiuto di crederci.
108,256,en-us,Intro,,"Prima ancora di riuscire a ragionarci, le punto contro la pistola."
108,257,en-us,Intro,JuliaPreEmbrace,"Se l’avessi ammazzato io, tu non ti comporteresti così. Non staresti qui in piedi davanti a me. Scapperesti. Chiameresti la polizia. Imploreresti aiuto. Urleresti che sono una psicopatica."
108,258,en-us,Intro,Caren_,"Oh, sei una psicopatica. Ma io non sono una codarda. Non ti lascerò uscire di qui viva. "
108,259,en-us,Intro,,Non ha il minimo senso. Mi si riempiono gli occhi di lacrime.
108,260,en-us,Intro,JuliaPreEmbrace,Perché lo stai facendo?
108,261,en-us,Intro,Caren_,Perché a volte bisogna guardare in faccia la pasta di cui si è fatti.
108,262,en-us,Intro,,Non c’è altra spiegazione: dev’essere pazza. Lentamente ma inesorabilmente comincia a camminare verso di me.
108,263,en-us,Intro,JuliaPreEmbrace,"Fermati lì, o sparo."
108,264,en-us,Intro,Caren_,"Prego. È l’unico modo che hai per cavartela, no? L’unico modo per sopravvivere. Ma dimostrerai senza ombra di dubbio di essere il mostro che dico io."
108,265,en-us,Intro,JuliaPreEmbrace,Faccio sul serio.
108,266,en-us,Intro,Caren_,"Per il tuo bene, spero di sì."
108,267,en-us,Intro,,Continua ad avvicinarsi. 
108,268,en-us,Intro,,Forse Antonoff l’ho ucciso davvero. Forse non merito di vivere. Forse non vivere è meno faticoso. Forse dovrei solo lasciare che si occupi lei di me. Forse mi sveglierò e basta.
108,269,en-us,Intro,,O forse questa realtà folle va rifiutata nel modo più violento possibile. Forse un mondo che vuole distruggermi merita di essere distrutto.
108,270,en-us,Intro,,Ce l’ho proprio davanti. 
108,271,en-us,Intro,,O ora o mai più.
108,272,Menu Text en-us,Intro,Player,[Sparale]
108,273,Menu Text en-us,Intro,Player,[Non sparare]
108,274,en-us,Intro,JuliaPreEmbrace,"Non sparo. Solo… aiutami. Ti prego, aiutami."
108,275,en-us,Intro,Caren_,Lo farò.
108,276,en-us,Intro,,Mi strappa la pistola di mano senza sforzo – la sua forza è a dir poco terrificante – e la punta contro di me.
108,277,en-us,Intro,,Poi preme il grilletto.
108,278,en-us,Intro,,"Con un buco spalancato dove prima c’era il cuore, crollo sul corpo di Antonoff."
108,279,en-us,Intro,Caren_,"Se può consolarti – se sei fatta così, non avresti mai combinato niente comunque. Ho solo affrettato l’inevitabile. Sei una poveraccia. Non vali nemmeno la pena di berti."
108,280,en-us,Intro,Caren_,"Ce l’ho solo con me stessa, per aver sprecato tanto tempo e tante risorse per darti una seconda possibilità. Sierra mi rivoleva a Chicago il prima possibile… dovrà aspettare ancora un po’. Vabbè."
108,281,en-us,Intro,,Non ho la minima idea di cosa stia parlando. Ma non sono più in condizione di curarmene.
108,282,en-us,Intro,,Buio. Silenzio. Immobilità. Nulla.
108,284,en-us,Intro,,Chiudo gli occhi e premo il grilletto. 
108,285,en-us,Intro,,Un botto fortissimo rimbomba nel vicolo.
108,286,en-us,Intro,,...
108,287,en-us,Intro,,Ho paura di guardare quello che ho fatto.
108,288,en-us,Intro,,"Sono stata al poligono una volta, e le pistole mi hanno fatto un orrore assoluto. Una cosa così piccola, eppure può bucare senza sforzo il tessuto di cui è fatta la realtà. "
108,289,en-us,Intro,,Non avrei mai pensato di riuscire a usarne una contro un altro essere umano. Il solo pensiero mi fa venire da vomitare.
108,290,en-us,Intro,Caren_,"Eri la scelta giusta, dopotutto. Ne sono felicissima. "
108,291,en-us,Intro,,È ancora viva. La sua voce arriva da dietro di me.
108,292,en-us,Intro,,"Mi mette le mani intorno alla vita, e la sua bocca fredda mi tocca il collo. Sento la camicia che mi viene strappata di dosso con violenza. Non capisco, ma sono troppo stordita per protestare."
108,293,en-us,Intro,Caren_,Quella era la tua prova finale. Congratulazioni. Hai dimostrato di esserne degna.
108,294,en-us,Intro,,Sento qualcosa di appuntito che mi scivola dentro il collo. 
108,295,en-us,Intro,,"Non fa molto male, sorprende e basta. Tipo: un medico che ti infila l’ago in vena senza avvisare come si deve."
108,296,en-us,Intro,,Poi arriva la botta.
108,297,en-us,Intro,,Estasi pura.
108,298,en-us,Intro,,I recettori della dopamina che fino a ora consideravo completamente fritti si riprendono all’improvviso e cominciano a bombardarmi di un piacere che non ho mai conosciuto.
108,299,en-us,Intro,,Finalmente lascio andare le lacrime. Arrivano a fiumi. Aspettavano da anni. Che sollievo.
108,300,en-us,Intro,,"Sta piovendo? Almeno, mi sembra di essere in mezzo a un diluvio. Che porta via tutte le mie paure, tutti i miei dolori, tutta la mia rabbia, tutta la mia sofferenza, tutto il mio ego. "
108,301,en-us,Intro,,"Divento tutt’uno con il mondo, e con la donna dietro di me."
108,302,en-us,Intro,,"Mi stringe forte, e mi fa sentire l’unica cosa importante al mondo. Tutto il resto sfuma. "
108,303,en-us,Intro,,"Provo qualcosa di intenso per lei, qualcosa che non ho mai provato prima. È amore, questo? Spero di sì."
108,304,en-us,Intro,,"Questa non sei tu, sibila una voce familiare e cinica in fondo alla mia testa."
108,305,en-us,Intro,,Ma va bene così. Tanto io non mi sono mai piaciuta granché. 
108,306,en-us,Intro,,"New York, sei perfetta. Oh, ti prego, non cambiare niente."
108,307,en-us,Intro,,Chi ride nell’ombra ride sempre per ultimo.
108,308,en-us,Intro,,"Alleluia! Sia lode! Quando tutto è un cliché, niente lo è! Non è questa l’utopia sempre più lontana che ho inseguito da sempre?! Voi sugli altri treni, spero che stiate bene... "
108,309,en-us,Intro,,Sta facendo l’amore con me. Mi sta partorendo. Mi sta seppellendo.
108,310,en-us,Intro,,"Sono abbastanza sicura di essere stata morta per un po’. Sono abbastanza sicura che per un istante, in qualche modo, ho potuto guardare da lontano il mio cadavere tra le sue mani. "
108,311,en-us,Intro,,"E poi sono di nuovo viva. Solleva la bocca dal mio collo. No, aspetta. Ho il sapore del sangue in bocca. Stavo… bevendo anche io il suo sangue?"
108,312,en-us,Intro,,"Capisco che qualunque cosa fosse, è finita, e che devo godermi quel che resta finché posso."
108,313,en-us,Intro,,E capisco subito anche un’altra cosa: inseguirò questa sensazione fugace per tutto il resto della mia esistenza.
108,314,en-us,Intro,,Infine lascia andare un sussurro che conclude la cerimonia.
108,315,en-us,Intro,Caren_,"Qualunque cosa succeda adesso, non dimenticare: sei un mostro. "
108,316,en-us,Intro,Caren_,"Ma hai avuto la fortuna di nascere in un mondo di mostri, quindi non piangere mai su questo fatto. "
108,317,en-us,Intro,Caren_,Abbraccialo.
108,318,en-us,Intro,,Per un attimo lo stato del mio conto in banca mi si para davanti agli occhi con una chiarezza sconcertante.
108,319,en-us,Intro,,"No. Non farti prendere dal panico, idiota. Cerca altre informazioni. Subito. Ci dev’essere una fregatura."
108,320,Menu Text en-us,Intro,JuliaPreEmbrace,E il mio lavoro?
108,321,Menu Text en-us,Intro,JuliaPreEmbrace,Stai scherzando.
108,322,Menu Text en-us,Intro,JuliaPreEmbrace,...è definitivo?
108,323,en-us,Intro,BrianNg,Ho fatto tutto quello che era in mio potere per farli cambiare idea. Mi dispiace.
108,324,en-us,Intro,JuliaPreEmbrace,"Oh, ho capito. Stai solo scherzando."
108,325,en-us,Intro,BrianNg,"Sarò anche uno stronzo, ma non fino a quel punto."
108,326,en-us,Intro,JuliaPreEmbrace,Non ci credo. Adesso dici che è solo uno scherzo. Ti conosco. Questo non sei tu.
108,327,en-us,Intro,BrianNg,Non sono io. Sono… loro.
108,328,en-us,Intro,JuliaPreEmbrace,Che «loro»? Chi sono «loro»?
108,329,en-us,Intro,JuliaPreEmbrace,Fammi capire bene. Da quando ci siamo conosciuti ho lavorato su storie e pezzi che nessun altro nel tuo ufficio toccherebbe nemmeno con le pinze.
108,330,en-us,Intro,JuliaPreEmbrace,"Interviste continue a perfetti sconosciuti, sempre in viaggio verso il culo del mondo o a rimpiangere il viaggio precedente, e ogni volta spedita a ripulire il casino di qualcun altro."
108,331,en-us,Intro,BrianNg,Julia…
108,332,en-us,Intro,JuliaPreEmbrace,Tutte le tue prediche interminabili su come «il lavoro usa e getta è il lavoro più importante». E all’improvviso ti ricordi solo della parte «usa e getta»?
108,333,en-us,Intro,BrianNg,Quello che penso della qualità del tuo lavoro non è cambiato di una virgola. Era fondamentale. Ha tenuto in piedi la rivista. Lo apprezzerò sempre.
108,334,en-us,Intro,JuliaPreEmbrace,E allora perché minacci di licenziarmi?
108,335,en-us,Intro,BrianNg,Non ti minaccerei mai. È cosa fatta. Sono stati chiarissimi sulla loro decisione. 
108,336,en-us,Intro,JuliaPreEmbrace,Loro? Chi «loro»? Chi sono questi «loro»?
108,337,en-us,Intro,BrianNg,Come ho detto. Non scherzerei mai su cose del genere.
108,338,en-us,Intro,JuliaPreEmbrace,Ci eravamo perfino messi d’accordo sul compenso.
108,339,en-us,Intro,BrianNg,Lo so.
108,340,en-us,Intro,BrianNg,"Sarò anche fallito come guida, ma farò il possibile per non lasciarti in mezzo a una strada, va bene? Ci sono delle possibilità. Nessuna è la cura per tutti i tuoi guai, però--"
108,341,en-us,Intro,Julia_preEmbraceCig,"Uff, aspetta un attimo."
108,342,en-us,Intro,,Credo che ne abbia tutte le ragioni.
108,343,en-us,Intro,JuliaPreEmbrace,Tu… Tu maledetto… Pensavi davvero di farla franca?
108,344,en-us,Intro,BrianNg,Non ho fatto niente di scorretto. Non scaricare la colpa su di me.
108,345,en-us,Intro,JuliaPreEmbrace,"E quindi? Stai dicendo che è colpa mia? Perché tu non sei mai il colpevole, vero? È sempre colpa dei capi, dell’economia, degli obblighi che hai, e adesso mia?"
108,346,en-us,Intro,BrianNg,Stai facendo la sciocca. Piantala con questa storia del martire. Calmati o dovrò--
108,347,en-us,Intro,Dakota_nopic,"Continuo a non avere idea di chi mandi in giro quei messaggi di merda. Ho chiesto in giro, ma--"
108,348,en-us,Intro,JuliaPreEmbrace,"Senti, lascia perdere. "
108,349,en-us,Intro,Dakota_nopic,Non me ne starò con le mani in mano a guardarti farti cancellare da una cattivona delirante che--
108,350,en-us,Intro,JuliaPreEmbrace,Ho detto lascia perdere.
108,351,en-us,Intro,JuliaPreEmbrace,"Non voglio sembrare paranoica, ma sembra davvero un attacco coordinato."
108,352,en-us,Intro,,"Prima ancora di riuscire a provare un briciolo di compassione, mi si presenta una consapevolezza terribile. Penseranno che sono colpevole."
108,353,en-us,Intro,,Oddio. Sono colpevole?
108,354,en-us,Intro,,È solo un incubo. Non ha nemmeno senso. Dev’essere un sogno.
108,355,en-us,Intro,,"C’è una voce flebile nella mia testa che urla che il mondo è suo, e che io ci vivo e basta."
108,356,en-us,Intro,,"Ma che cazzo di tono è? Così controllante, artefatto, paternalistico. "
108,357,en-us,Intro,Caren_,"Non ti sei lasciata spezzare, ma hai varcato la linea che dovevi varcare. C’è una fiamma silenziosa in te, che se lasciata libera potrebbe diventare un inferno. Spero proprio che succeda."
108,358,Menu Text en-us,Intro,JuliaPreEmbrace,Sì che lo sei.
108,359,Menu Text en-us,Intro,JuliaPreEmbrace,Non direi.
108,360,Menu Text en-us,Intro,JuliaPreEmbrace,Allora... cosa sei?
108,361,en-us,Intro,JuliaPreEmbrace,"Io penso di sì, Brian. "
108,362,en-us,Intro,BrianNg,Julia…
108,363,en-us,Intro,JuliaPreEmbrace,"Ma so che in generale sei una persona perbene, quindi devi esserti preparato qualcosa da dire per raddrizzare la baracca. Sto ancora aspettando che tu lo dica."
108,364,en-us,Intro,JuliaPreEmbrace,"Hai fatto il tuo patto col Diavolo, ma non sei il tipo da vendere l’anima, quindi dimmelo… come pensi di rimediare per rimetterti in pari col karma? Cos’hai da offrire?"
108,365,en-us,Intro,,Borbotta qualcosa tra i denti e chiude con una risatina autocommiserante.
108,366,en-us,Intro,BrianNg,"Il cattivo, la persona perbene, la vittima delle circostanze… Non so se la distinzione ti interessi davvero."
108,367,en-us,Intro,BrianNg,"Ma, a essere onesti, come caporedattore del Lodestar, tutto quello che ho da offrirti è… qualcosa che ti farà pensare che sono il più grande stronzo dell’universo."
108,368,en-us,Intro,JuliaPreEmbrace,Non direi che lo sei. Ma ho l’impressione che non ti basterà sentirmi dire solo questo.
108,369,en-us,Intro,JuliaPreEmbrace,"A me sembra che stiamo facendo questo discorso perché speri che alla fine, in qualche modo, io veda le cose a modo tuo e ti dica che sei un brav’uomo."
108,370,en-us,Intro,,Borbotta qualcosa tra i denti e chiude con una risatina autocommiserante.
108,371,en-us,Intro,BrianNg,"Magari. Forse sto… un po’ proteggendo il mio ego, questo è vero. Ma non mi illudo. So che prima della fine di questa conversazione mi darai dello stronzo."
108,372,en-us,Intro,JuliaPreEmbrace,E allora cosa sei? Con parole tue.
108,373,en-us,Intro,BrianNg,Un uomo che fa il necessario per proteggere i suoi.
108,374,en-us,Intro,JuliaPreEmbrace,Quindi io non conto più tra «i tuoi»?
108,375,en-us,Intro,,Borbotta qualcosa tra i denti e chiude con una risatina autocommiserante.
108,376,en-us,Intro,BrianNg,Non so nemmeno se d’ora in poi vorresti lavorare sotto uno stronzo come me.
108,377,Menu Text en-us,Intro,Julia_preEmbraceCig,Potevi fare di meglio.
108,378,Menu Text en-us,Intro,Julia_preEmbraceCig,Sei ancora responsabile di me.
108,379,Menu Text en-us,Intro,Julia_preEmbraceCig,...
108,380,en-us,Intro,Julia_preEmbraceCig,"Già, potevi fare un po’ meglio."
108,381,en-us,Intro,BrianNg,...Eh.
108,382,en-us,Intro,,"Abbiamo troppa storia alle spalle, e non me la sento di rendere troppo amaro questo addio."
108,383,en-us,Intro,Julia_preEmbraceCig,"Oh, no, non te la cavi così facilmente. Sei ancora il mio maestro, e mi assicurerò che te ne assuma la responsabilità."
108,384,en-us,Intro,Julia_preEmbraceCig,"Ti stai liberando di me, almeno indicami la direzione giusta. Devo rimettermi in sesto, in fretta, e da sola non ci riesco."
108,385,en-us,Intro,BrianNg,...È giusto.
108,386,en-us,Intro,Julia_preEmbraceCig,…
108,387,en-us,Intro,,Per ora il meglio che posso fare è stare zitta. Non mi sento troppo stabile in questo momento. Come se potessi esplodere da un secondo all’altro.
108,388,en-us,Intro,BrianNg,Julia...
108,389,Menu Text en-us,Intro,JuliaPreEmbrace,"Va bene, scusa se… No. Vaffanculo."
108,390,Menu Text en-us,Intro,JuliaPreEmbrace,"Ok, andiamo per gradi… VAFFANCULO."
108,391,Menu Text en-us,Intro,JuliaPreEmbrace,Hai ragione. Dovremmo… Ma no. Vaffanculo.
108,392,en-us,Intro,,"La furia prende il volante, e io sto solo seduta dietro. Non posso farci niente."
108,393,en-us,Intro,,"In un modo tutto suo malato, accorgersi di essere solo passeggeri del proprio corpo dà una sensazione di libertà. Stiamo a vedere come va a finire."
108,394,en-us,Intro,JuliaPreEmbrace,"Con calma? Vaffanculo, Brian."
108,395,en-us,Intro,BrianNg,Julia!
108,396,en-us,Intro,JuliaPreEmbrace,"Sono mesi e mesi che vivo nella paranoia, che tratto ogni sconosciuto come un sicario o una spia aziendale. So di non aver sbagliato niente. Non in un modo che potesse tirarli dentro tutti."
108,397,en-us,Intro,,"Guardo il mio riflesso nel finestrino. Ma guarda che idiota. Ogni volta che la situazione mi impone di vestirmi in modo formale, mi sento ancora un po’ come una bambina che fa il cosplay dell’adulta."
108,398,en-us,Intro,,Avrei dovuto dare retta al consiglio «vestiti per il lavoro che vuoi» e continuare a conciarmi come una figlia di papà che passa gli anni a fare festa sui tetti di Brooklyn senza un pensiero al mondo.
108,399,Menu Text en-us,Intro,JuliaPreEmbrace,Non sono stata io...
108,400,Menu Text en-us,Intro,JuliaPreEmbrace,Cosa gli è successo?
108,401,en-us,Intro,JuliaPreEmbrace,"Senti, io… Cos’è successo a questo tizio?"
108,402,en-us,Intro,Caren_,«Questo tizio»?
108,403,Menu Text en-us,Intro,JuliaPreEmbrace,Cosa mi hai fatto?
108,404,en-us,Intro,JuliaPreEmbrace,"Tu… Tu mi hai fatto qualcosa, vero… Giù nella metropolitana… Eri tu, non è così?"
108,405,en-us,Intro,Caren_,"C’è un uomo che si dissangua ai tuoi piedi, e tu in qualche modo giri la cosa contro di me?"
108,406,en-us,Intro,JuliaPreEmbrace,Non gli ho fatto niente.
108,407,en-us,Intro,Caren_,Lo conoscevi. Era arrabbiato con te. Hai cominciato a raccontargli le tue lagne sulla tua situazione. Lui non le ha bevute. Ti sei incazzata. La cosa è degenerata. È morto.
108,408,en-us,Intro,,"...Dio, sta’ zitta. Goditela e basta."
108,409,en-us,Intro,,Finalmente hai capito.
108,410,en-us,Intro,,Rotture teatrali. Veglie funebri improvvisate. Amicizie inattese forgiate nel fuoco di battaglie insensate.
109,1,en-us,MQ2_NightStart,,Ancora una volta mi ritrovo al Big Beat Burger.
109,2,en-us,MQ2_NightStart,,Ambiente familiare. Facce che riconosco. Atmosfera: la solita di sempre.
109,3,en-us,MQ2_NightStart,,"Eppure lo elaboro in un modo completamente diverso. Adesso mi innervosisce tutto. O, più precisamente, mi fa innervosire con me stessa. È come se mi aggrappassi ai resti di un bozzolo che mi è diventato stretto."
109,4,en-us,MQ2_NightStart,Julia_angryCig,Uff.
109,5,en-us,MQ2_NightStart,,Con queste sigarette è lo stesso. Non mi servono più. E allora perché continuo a tenermele? Porca puttana. È come se mi rifiutassi di accettare di essere qualcosa di meglio di quella che ero.
109,6,en-us,MQ2_NightStart,,"Solo due notti fa ho incontrato Caren. Mi ha [6;“Abbracciata”], nel senso che mi ha trasformata in una dei [27;“Fratelli.”] Lei si definisce il mio [12;“Sire,”] e me, la sua [3;“infante.”]"
109,7,en-us,MQ2_NightStart,,Ieri notte mi ha insegnato le basi della sopravvivenza. Bere sangue. Manipolare gli umani. Piegare l’acciaio. Controllare le ombre. 
109,8,en-us,MQ2_NightStart,,Stanotte mi aspettavo altre lezioni. Invece mi ha solo detto di uscire e divertirmi. 
109,9,en-us,MQ2_NightStart,,"Dov’è la fregatura? ho chiesto. E lei ha risposto: potrei ucciderti, se ti rivelerai una delusione."
109,10,en-us,MQ2_NightStart,,"Ci sono alcune regole: devo rispettare la [32;Masquerade], non posso contattare nessuno che conoscessi da umana, non posso lasciare che qualcuno capisca che non sono più umana, non posso Abbracciare nessuno, e così via."
109,11,en-us,MQ2_NightStart,,Per il resto sono libera di fare quello che voglio. Ma per qualche motivo la prima cosa che ho fatto è stata tornare qui. Le vecchie abitudini sono dure a morire.
109,12,en-us,MQ2_NightStart,,"Probabilmente Caren mi sta osservando da qualche parte anche adesso. A quanto ho capito, domani notte dovrebbe presentarmi alla [2;Camarilla], una società locale di vampiri."
109,13,en-us,MQ2_NightStart,,Si scopre che sono loro quelli che ultimamente mi stavano sistematicamente rovinando la vita. Tutto parte di una valutazione segreta che ho superato per un pelo. Solo a immaginare la loro portata mi gira la testa.
109,14,en-us,MQ2_NightStart,,Un urlo improvviso mi strappa dai miei pensieri.
109,15,en-us,MQ2_NightStart,,Uno stronzo qualunque che sbraita perché le sue patatine non sono abbastanza salate.
109,16,en-us,MQ2_NightStart,,Direi che è il mio segnale per andarmene. Per sempre.
109,17,en-us,MQ2_NightStart,Julia_doubtCig,"Addio, BBB. Spero di non rivederti mai più."
109,18,en-us,MQ2_NightStart,,"Sono destinata a cose più grandi, vedi."
109,19,en-us,MQ2_NightStart,,Un vampiro.
109,20,en-us,MQ2_NightStart,,"Dopo aver distrutto la vecchia «me» a cui tenevo a malapena, Caren mi ha ricostruita da capo. Da una parte, il suo «test» ha lasciato cicatrici che ci metteranno a rimarginarsi. Dall’altra, forse dovrei solo essere grata...?"
110,1,en-us,Night2_Side1,,"Due uomini si fronteggiano in un vicolo buio. Uno dei due sta con la schiena contro il muro, il petto che si solleva mentre fatica a riprendere fiato."
110,2,en-us,Night2_Side1,N2S1_Goon,Gente! C’è nessuno? Mi stanno rapinando!
110,4,en-us,Night2_Side1,,Un tizio muscoloso e dall’aria dura urla verso le scale antincendio con un’incredulità teatrale nella voce. 
110,5,en-us,Night2_Side1,,Con passo vivace danza intorno a un uomo più anziano che fatica a restare in equilibrio.
110,6,en-us,Night2_Side1,N2S1_PitifulVictim,Ma che... stronzata è?
110,7,en-us,Night2_Side1,N2S1_Goon,"Oh, quindi adesso parli. Bene, perché muoio dalla voglia di sapere cos’hai fatto col mio portafoglio, bello. "
110,8,en-us,Night2_Side1,N2S1_PitifulVictim,Portafoglio? Non ho idea… di cosa stia parlando.
110,9,en-us,Night2_Side1,,"Il tirapiedi comincia a saltellare come un pugile di Muay Thai. Sorride, ma gli occhi mandano un messaggio chiaro. «Sei con le spalle al muro, amico. Non provare nemmeno a fregarmi»."
110,10,en-us,Night2_Side1,N2S1_Goon,"Dai, fra’. Magari con la tua recita freghi il primo scemo che passa per strada, ma un lottatore riconosce un lottatore. È una cosa animale. È una cosa d’istinto."
110,11,en-us,Night2_Side1,N2S1_Goon,"Ce le hai, le mosse. Sei tipo, cazzo, sei tipo un mamba nero. Riflessi fulminei."
110,12,en-us,Night2_Side1,,Si mette a tirare pugni all’ombra per un attimo. Al tizio l’energia di sicuro non manca.
110,13,en-us,Night2_Side1,N2S1_Goon,"Però io sono tipo un cobra reale. Hai trovato pane per i tuoi denti. Due predatori all’apice, ora avvinti in battaglia."
110,14,en-us,Night2_Side1,N2S1_PitifulVictim,"Oh, quindi vedi i serpenti? Questo spiegherebbe certe co--"
110,15,en-us,Night2_Side1,,"Prima che riesca a finire, un pugno a tradimento gli toglie tutta l’aria dai polmoni. "
110,16,en-us,Night2_Side1,,"Il vecchio scivola giù lungo il muro. Prima che riesca a lasciarsi sfuggire un lamento, lo interrompe un calcio brutale al petto."
110,17,en-us,Night2_Side1,N2S1_Goon,Ecco di cosa parlavo. Spirito combattivo! Anche con le spalle al muro.
110,18,en-us,Night2_Side1,N2S1_PitifulVictim,Urrrgh…
110,19,en-us,Night2_Side1,N2S1_Goon,Siediti. Respira a fondo. Metti in ordine i pensieri prima di riaprire bocca. Adesso ti ricordi dove hai messo il mio portafoglio?
110,20,en-us,Night2_Side1,N2S1_PitifulVictim,Credo… sono quasi certo che mi hai rotto una costola. 
110,21,en-us,Night2_Side1,N2S1_Goon,"Occhio per occhio, dente per dente, costola per sfottò. Punizione biblica. È solo giusto, fra’."
110,22,en-us,Night2_Side1,N2S1_PitifulVictim,Giusto? Almeno ammetti… che questa è una rapina. Portafoglio un cazzo...
110,23,en-us,Night2_Side1,N2S1_Goon,"Ancora a negare… Okay, diciamo che ci avevo dentro cinquemila dollari. Dammene seimila e ti lascio andare via re-la-ti-va-men-te illeso."
110,24,en-us,Night2_Side1,N2S1_PitifulVictim,Quindi lo ammetti.
110,25,en-us,Night2_Side1,N2S1_Goon,Ammetto cosa?
110,26,en-us,Night2_Side1,N2S1_PitifulVictim,Che non si tratta di… un equo indennizzo. Questa è una rapina.
110,27,en-us,Night2_Side1,N2S1_Goon,"Senti, amico, la cosa comincia ad annoiarmi. Se non vuoi che ti faccia un Anderson Silva sul culo, dammi quello che voglio."
110,28,en-us,Night2_Side1,N2S1_PitifulVictim,Anderson… Silva?
110,29,en-us,Night2_Side1,N2S1_Goon,"Sì, Anderson Silva. Un ginocchio volante che ti trova il plesso solare. L’uomo, il mito, la leggenda. "
110,30,en-us,Night2_Side1,N2S1_Goon,"Jiu-jitsu brasiliano, thai boxe, boxe occidentale, taekwondo, wing chun e capoeira fusi in un unico stile di combattimento che si può descrivere solo come omicidio puro.  "
110,31,en-us,Night2_Side1,N2S1_Goon,"Studio da anni la gloriosa singolarità che è Anderson Silva. Ogni mossa che ho la devo a lui. Quindi se non vuoi che questo serpente diventi un ragno letale, fammi vedere i soldoni, campione."
110,32,en-us,Night2_Side1,N2S1_PitifulVictim,Estate 2013... Las Vegas. 
110,33,en-us,Night2_Side1,N2S1_Goon,Eh?
110,34,en-us,Night2_Side1,N2S1_PitifulVictim,L’ho visto in diretta... in pay-per-view. Weidman ha smontato tutti i trucchi di Silva… gli ha fatto il culo... gli ha spezzato lo spirito… l’ha smascherato per il ciarlatano che è. Da allora non è più stato lo stesso.
110,35,en-us,Night2_Side1,N2S1_PitifulVictim,"Tutto quell’esibizionismo vuoto... Le provocazioni a vuoto… Si beve le sue stesse stronzate… Cristo, ovvio che lo idolatri, stronzo."
110,36,en-us,Night2_Side1,,"Per un minuto buono il tirapiedi guarda in silenzio l’uomo che geme ai suoi piedi, mordicchiandosi il labbro inferiore. Quando finalmente parla, la voce tradisce l’intenzione di uccidere. "
110,37,en-us,Night2_Side1,N2S1_Goon,"Sai che ti dico, fra’, fanculo i soldi. Adesso è una questione d’onore."
110,38,en-us,Night2_Side1,N2S1_PitifulVictim,Esattamente… quello che penso.
110,39,en-us,Night2_Side1,N2S1_Goon,Ah.
110,40,en-us,Night2_Side1,,Alza il pugno.
110,41,en-us,Night2_Side1,N2S1_Goon,"Abbiamo un esperto di arti marziali miste, eh? Per il tuo bene, spero che tu sappia sostenere tutte queste chiacchiere con un po’ di autodifesa, fra’."
110,42,Menu Text en-us,Night2_Side1,Player,Adesso basta.
110,43,Menu Text en-us,Night2_Side1,Player,Fai pena.
110,44,Menu Text en-us,Night2_Side1,Player,Datti una calmata.
110,45,en-us,Night2_Side1,Player,Adesso basta.
110,46,en-us,Night2_Side1,Julia_doubtCross,"Ti tiri su l’autostima pestando un vecchietto ferito? Porca puttana, che pena che fai."
110,47,en-us,Night2_Side1,Julia_angry,"Cristo. Datti una calmata, fra’."
110,48,en-us,Night2_Side1,,"Sussulta al suono della mia voce, si gira verso di me in un batter d’occhio e assume subito una posizione di guardia. Ha riflessi rapidi – pare che almeno tanto ci sia, dietro tutte le sue smargiassate."
110,49,en-us,Night2_Side1,,La faccia dell’aspirante Anderson Silva tradisce una confusione totale quando mi vede. Non ha idea di come sia riuscita ad arrivargli alle spalle. Non lo biasimo. Non saprei spiegarlo nemmeno io.
110,50,en-us,Night2_Side1,,"È stato come diventare tutt’uno con il buio, la mia pura coscienza che attraversa un paesaggio onirico in penombra, saltando da un’ombra all’altra come fossero flussi di pensiero diversi."
110,51,en-us,Night2_Side1,,"Mi vengono in mente certe esperienze con gli psichedelici, ogni battito di ciglia un’avventura. Ero fuori dal vicolo. Battito. Ero sopra il vicolo. Battito. Adesso sono davanti a questo tizio."
110,52,en-us,Night2_Side1,,E mi sta sul cazzo.
110,53,en-us,Night2_Side1,,L’uomo più anziano si accascia. Sembra che stesse facendo di tutto per reggersi e abbia mollato appena è arrivata la cavalleria.
110,54,en-us,Night2_Side1,,Il tirapiedi si ricompone e mi abbaia contro con un tono esageratamente burbero.
110,55,en-us,Night2_Side1,N2S1_Goon,"Che cazzo te ne vai in giro qui, chica? Circolare. Questa è una cosa tra uomini."
110,56,en-us,Night2_Side1,Player,Non più.
110,57,en-us,Night2_Side1,,I suoi pugni si girano verso di me.
110,58,en-us,Night2_Side1,N2S1_Goon,Faccio sul serio. E faccio il culo a tutti senza discriminazioni.
110,61,en-us,Night2_Side1,,"Rispondo alla minaccia con il sorriso più luminoso, innocente e verginale che riesca a mettere su."
110,62,en-us,Night2_Side1,Julia_angry,"Quindi ti piace tirare pugni all’ombra, eh?"
110,63,en-us,Night2_Side1,,"Qualcosa si impossessa di me. Sento il buio che mi abbraccia, che mi sussurra paroline dolci all’orecchio, che mi carica per quello che sta per succedere."
110,64,Menu Text en-us,Night2_Side1,Player,[...gomitata rovesciata...]
110,65,Menu Text en-us,Night2_Side1,Player,[...calcio della gru...]
110,66,Menu Text en-us,Night2_Side1,Player,[...spazzata rotante bassa...]
110,67,en-us,Night2_Side1,Julia_angry,Tanto vale provarci.
110,68,en-us,Night2_Side1,,"Prima che riesca a rispondere, il mio gomito gli si schianta in faccia."
110,69,en-us,Night2_Side1,,So cosa sta pensando. «Avrei dovuto pararlo». E avrebbe assolutamente dovuto.
110,70,en-us,Night2_Side1,,"Invece ha solo agitato le braccia inutilmente, come se si fosse trovato all’improvviso davanti a un treno in arrivo. Un’espressione primordiale di paura che l’ha preso di colpo e per intero."
110,71,en-us,Night2_Side1,,"Non so che aspetto abbia in questo momento, ma a giudicare dalla sua espressione la mia ipotesi migliore è: le fauci spalancate di una bestia primordiale."
110,72,en-us,Night2_Side1,,"Faccio seguire all’attacco a sorpresa un altro pugno al plesso solare, o almeno dove immagino che sia. Ancora una volta l’effetto terrorizza perfino me."
110,73,en-us,Night2_Side1,,"Pare che l’intuizione fosse giusta e abbia colpito il punto esatto. Crolla a terra, guaisce come un animale ferito, le lacrime che gli colano sulla faccia."
110,74,en-us,Night2_Side1,,"Lo lascio riprendere un po’, poi lo afferro per il mento."
110,75,en-us,Night2_Side1,Julia_doubtCross,"Impara a scegliere le tue battaglie, «fra’»."
110,76,en-us,Night2_Side1,N2S1_Goon,"Lasciami! Lasciami... per l’amor di Cristo, lasciami andare! "
110,77,en-us,Night2_Side1,,Lo spingo con un calcio verso l’imbocco del vicolo. Se ne va barcollando e sparisce in fretta dalla mia vista.
110,78,en-us,Night2_Side1,,Controllo la sua vittima. Sembra cosciente...
110,79,en-us,Night2_Side1,N2S1_PitifulVictim,"Wow. Gli hai fatto il culo, ragazza."
110,80,en-us,Night2_Side1,,"...ma non ha notato niente di strano. Bene. Cominciavo a preoccuparmi di aver esagerato un po’. Quella donna l’ha detto, che tenere un profilo basso sarà fondamentale se voglio sopravvivere."
110,81,en-us,Night2_Side1,Player,Tutto bene? Le serve aiuto?
110,82,en-us,Night2_Side1,,"Riesce ad alzarsi. Il sorriso è tirato, ma lascia intendere che sta bene, o che almeno fa del suo meglio per sembrarlo. "
110,83,en-us,Night2_Side1,N2S1_PitifulVictim,"No, mi hai dato tutto l’aiuto che mi serviva, e anche di più. Grazie, signorina… come si chiama?"
110,84,en-us,Night2_Side1,Player,Jessica.
110,85,en-us,Night2_Side1,N2S1_PitifulVictim,"Grazie, Jessica. Per un attimo mi ero preoccupato, ma quello stronzo abbaiava più di quanto mordesse. Adesso probabilmente sta peggio di me. Direi che conta come vittoria."
110,86,en-us,Night2_Side1,N2S1_PitifulVictim,"Sarà meglio che vada, mia moglie sarà in ansia. Ma prima, se c’è qualcosa che posso fare per ricambiare..."
110,87,Menu Text en-us,Night2_Side1,Player,Stia solo più attento.
110,88,Menu Text en-us,Night2_Side1,Player,Dove festeggio?
110,89,Menu Text en-us,Night2_Side1,Player,"Il portafoglio, prego."
110,90,en-us,Night2_Side1,Player,"Lasci perdere. Stia solo un po’ più attento in futuro, va bene?"
110,91,en-us,Night2_Side1,,"Una vera eroina rifiuta sempre il compenso per il suo aiuto. Almeno, così credo che dovrebbero andare le cose. Non avrei mai pensato di aiutare qualcuno in una rissa di strada."
110,92,en-us,Night2_Side1,N2S1_PitifulVictim,"Lei è una in gamba, Jessica. Non ha mai voluto provare le sue doti nell’Ottagono?"
110,93,en-us,Night2_Side1,Player,"Troppo innamorata della mia faccia stupenda per vederla livida, pesta e gonfia. Mi spiace."
110,94,en-us,Night2_Side1,N2S1_PitifulVictim,"La capisco. Qualunque cosa faccia, che Dio la benedica."
110,95,en-us,Night2_Side1,,"Ed eccolo che se ne va. Dio, eh. Adesso come adesso mi ci sento."
110,96,en-us,Night2_Side1,,Mai più preoccuparsi di stare fuori dopo mezzanotte. Mai più sentirsi a disagio quando avvisto uno stronzo losco dall’altra parte della strada. Mai più.
110,97,en-us,Night2_Side1,,"Cazzo, adesso potrei mettermi a correre a Central Park dopo mezzanotte... non che mi serva."
110,98,en-us,Night2_Side1,,Il futuro si prospetta luminoso.
110,99,en-us,Night2_Side1,,Il futuro si prospetta luminoso.
110,100,en-us,Night2_Side1,Player,"Voglio festeggiare stanotte. Lei dove andrebbe, al mio posto? "
110,101,en-us,Night2_Side1,N2S1_PitifulVictim,"Festeggiare, eh?"
110,102,en-us,Night2_Side1,Player,La prima cosa che le viene in mente. Voglio sentirmi viva.
110,103,en-us,Night2_Side1,N2S1_PitifulVictim,Ehm… Times Square?
110,104,en-us,Night2_Side1,Julia_doubtCross,"Times Square? Madonna, ma vattene affanculo con ’sta roba da turisti. "
110,105,en-us,Night2_Side1,N2S1_PitifulVictim,"Ci sono arrivato anch’io qualche settimana fa. Non sono ancora riuscito a vederla, e ho sempre voluto. Nei film sembra sempre così piena di vita, così..."
110,106,en-us,Night2_Side1,Player,"Non così piena di vita a quest’ora della notte, e neanche tanto interessante in generale. Anche se… credo che mi abbia appena fatto venire un’idea. "
110,107,en-us,Night2_Side1,N2S1_PitifulVictim,"Mi fa piacere. Si riguardi, eh?"
110,108,en-us,Night2_Side1,Player,Anche lei. Eviti i posti bui. La prossima volta probabilmente non potrò tirarla fuori dai guai.
110,109,en-us,Night2_Side1,,"Ed eccolo che se ne va. «Evita i posti bui», eh? Meno male che non devo più attenermi ai miei stessi consigli."
110,110,en-us,Night2_Side1,,Mai più preoccuparsi di stare fuori dopo mezzanotte. Mai più sentirsi a disagio quando avvisto uno stronzo losco dall’altra parte della strada. Mai più.
110,111,en-us,Night2_Side1,,"Cazzo, adesso potrei mettermi a correre a Central Park dopo mezzanotte... non che mi serva."
110,112,en-us,Night2_Side1,Player,"Sì, c’è. Il portafoglio, prego."
110,113,en-us,Night2_Side1,,Mi lancia uno sguardo perplesso e ride a disagio. Poi capisce che faccio sul serio e impallidisce.
110,114,en-us,Night2_Side1,N2S1_PitifulVictim,Non di nuovo...
110,115,en-us,Night2_Side1,Player,"Magari con quell’aspirante Silva finito sei stato fortunato, ma io sono praticamente Joanna Jedrzejczyk. Non ti conviene provarci. Portafoglio."
110,116,en-us,Night2_Side1,,"Valuta le sue opzioni per un attimo, poi butta fuori un sospiro profondo di frustrazione e mi passa il portafoglio."
110,117,en-us,Night2_Side1,N2S1_PitifulVictim,"Jedrzejczyk, eh. Sei un’appassionata di MMA?"
110,118,en-us,Night2_Side1,Julia_doubtCross,Una ex copywriter. Era il mio lavoro sapere ogni genere di spazzatura inutile.
110,119,en-us,Night2_Side1,,"Alza le sopracciglia, e poi lancia un’ultima occhiata piena di rimpianto al portafoglio nella mia mano. "
110,120,en-us,Night2_Side1,Player,"Non ci pensare nemmeno, Mamba Nero. A meno che tu non voglia che i tuoi amici sentano di una copywriter mingherlina che ti ha fatto il culo. "
110,121,en-us,Night2_Side1,,Che minaccia poco convincente. Mi viene da ridere al tono della mia stessa voce. Una recitazione completamente sbagliata.
110,122,en-us,Night2_Side1,,"Eppure, in qualche modo, funziona. L’uomo se ne va in fretta. Be’, in fretta quanto glielo permette la zoppia."
110,123,en-us,Night2_Side1,,"Sbircio dentro il portafoglio. 5.000, no, 5.500 dollari... wow."
110,124,en-us,Night2_Side1,,Direi che l’affitto è appena sistemato. Cristo.
110,125,en-us,Night2_Side1,,"Ma chi cazzo si porta dietro tutti questi soldi? La mia ipotesi è che non se li sia procurati legalmente… Spero solo che siano veri, e non banconote segnate o roba del genere."
110,126,en-us,Night2_Side1,,Qualche dente insanguinato finisce per terra.
110,127,en-us,Night2_Side1,Player,"Bello, ma l’hai mai visto Karate Kid?"
110,128,en-us,Night2_Side1,,"Prima che riesca a rispondere, il mio piede gli trova il mento."
110,129,en-us,Night2_Side1,,"La mossa è del tutto impraticabile, ma riesco a metterci dentro una tale forza che il corpo del tizio reagisce come se avesse appena preso un montante potentissimo."
110,131,en-us,Night2_Side1,Player,Ho sempre voluto provarla.
110,132,en-us,Night2_Side1,,"Scatto in avanti, mi abbasso sotto il suo pugno e gli spazzo via le gambe con un potente calcio circolare."
110,133,en-us,Night2_Side1,,"È probabilmente la cosa più stupida e appariscente che potessi fare, ma non mi sono mai sentita così sicura. Vola in aria, e non cade solo grazie al muro dietro di lui."
111,1,en-us,Night2_Side2,,"Questo club puzza di morte, e io lo adoro."
111,2,en-us,Night2_Side2,,"Ci sono stata parecchie volte, ma non ho mai visto niente di così mozzafiato. Tutti intorno a me sono fatti di brutto, e mentre continuano a ballare come pazzi, gli spiriti ballano accanto a loro."
111,3,en-us,Night2_Side2,,"Sagome spettrali entrano ed escono dall’esistenza, e diventano più visibili quanto più la musica si fa intensa. Sembra un rituale bizzarro. Una messa profana."
111,4,en-us,Night2_Side2,,"Noto che sono i campionamenti vocali a cui i fantasmi reagiscono più forte. Quelli più suggestivi li fanno apparire distorti, perfino tormentati."
111,5,en-us,Night2_Side2,N2S2_Spectre,...
111,6,en-us,Night2_Side2,,"È come se qualcosa lottasse per nascere da quei suoni aspri, e i morti sperassero di rinascere insieme a lui."
111,7,en-us,Night2_Side2,,"Sono tutti inquieti, fremono per qualcosa che sta molto oltre la loro portata. Probabilmente come quando erano vivi."
111,8,en-us,Night2_Side2,,"Ogni tanto i ballerini vivi avvistano le loro controparti morte. Di solito sono i più esaltati a notare qualcosa con la coda dell’occhio, per una frazione di secondo, senza mai capire cosa hanno intravisto."
111,9,en-us,Night2_Side2,,"Certe apparizioni ballano su una musica del tutto diversa dalla nostra, che solo loro possono sentire. Quelle sembrano le più tristi."
111,10,en-us,Night2_Side2,,"Lo spettacolo è inquietante. A tratti è di una malinconia insopportabile. Soprattutto, è bellissimo."
111,11,en-us,Night2_Side2,,Continuo a muovermi a ritmo finché non raggiungo uno stato di trance. E allora succede qualcosa di ancora più strano.
111,12,en-us,Night2_Side2,,"Ogni tanto, quando sfioro qualcuno, mi appare davanti agli occhi una visione frammentaria."
111,13,en-us,Night2_Side2,,Un’auto in fiamme su un’autostrada. Una mano tesa nelle profondità del mare. Un uomo che si butta dalla finestra di un grattacielo. 
111,14,en-us,Night2_Side2,,"Ricordi del passato? Visioni di un futuro evitabile? Non ho idea di cosa voglia dire, ma stranamente non vedo l’ora di scoprirlo. "
111,15,en-us,Night2_Side2,N2S2_Nastya_,...
111,16,en-us,Night2_Side2,,"E poi ci sono ballerine come lei. Che non sono fantasmi, né umani, né tantomeno vampiri, ma qualcos’altro ancora. "
111,17,en-us,Night2_Side2,,"Questo mondo nuovo è pieno di misteri, e ho intenzione di andare fino in fondo a tutti quanti. "
111,18,en-us,Night2_Side2,,Ma per adesso voglio solo ballare.
111,19,en-us,Night2_Side2,,Ma per adesso voglio solo ballare.
112,1,en-us,Night2_Side3,,"Abbassa gli occhi imbarazzato, pensando a come proseguire la sua sfuriata."
112,2,en-us,Night2_Side3,N2S3_SomeDude,"Cioè, tipo, la conversazione non è che fili liscia, no? Tipo, continuo a tirare merda contro il muro per vedere cosa si attacca. Ma niente sembra restare attaccato a lungo. Capisci, no?"
112,3,Menu Text en-us,Night2_Side3,Player,Già.
112,4,Menu Text en-us,Night2_Side3,Player,Assolutamente.
112,5,Menu Text en-us,Night2_Side3,Player,Mh-mh.
112,6,en-us,Night2_Side3,Julia_baseCross,Mh-mh.
112,7,en-us,Night2_Side3,Julia_baseCross,Assolutamente.
112,8,en-us,Night2_Side3,Julia_baseCross,Già.
112,9,en-us,Night2_Side3,N2S3_SomeDude,"È proprio questa mancanza di, ehm, contesto che mi ammazza degli appuntamenti online. Già è dura quando hai solo due foto e una frase su cui contare per iniziare una conversazione, no? "
112,10,en-us,Night2_Side3,N2S3_SomeDude,"Ma quando finalmente avviene il miracolo cosmico, e lei è davvero disposta a continuare a risponderti, e alla fine ci sta pure a vedersi, e sei lì, seduto con lei…"
112,11,en-us,Night2_Side3,N2S3_SomeDude,"...e dopo novanta minuti ANCORA non ce l’hai quel contesto in comune, proprio non ne hai idea, è tipo, portatemi fuori e sparatemi in testa, toglietemi da questo strazio."
112,12,Menu Text en-us,Night2_Side3,Player,Ti capisco.
112,13,Menu Text en-us,Night2_Side3,Player,Mmm-mh.
112,14,Menu Text en-us,Night2_Side3,Player,Mh-mh.
112,15,en-us,Night2_Side3,Julia_baseCross,Ti capisco.
112,16,en-us,Night2_Side3,Julia_baseCross,Mmm-mh.
112,17,en-us,Night2_Side3,Julia_baseCross,Mh-mh.
112,18,en-us,Night2_Side3,N2S3_SomeDude,"Insomma è uno di quegli appuntamenti. Ed è tipo, siamo seduti lì da un’eternità, e l’unica cosa per cui mostra un interesse prolungato è ubriacarsi il più possibile. Un bicchiere dopo l’altro."
112,19,en-us,Night2_Side3,N2S3_SomeDude,"E più è ubriaca, più diventa, ehm, confidenziale. Sono quelle piccole cose, capisci? Toccarmi il braccio dopo ogni battuta, il braccio intorno alle spalle, i pugni scherzosi sui fianchi."
112,20,en-us,Night2_Side3,N2S3_SomeDude,"L’escalation è sottile. Ma costante. In più salta fuori un tema ricorrente, cioè tutta la roba fica che ha e che le sarebbe piaciuto mostrarmi. Oh, peccato che sia tutta a casa sua."
112,21,en-us,Night2_Side3,N2S3_SomeDude,"È lì che mi arriva la botta. Vuole solo scopare. Ehm, andare a letto con me."
112,22,Menu Text en-us,Night2_Side3,Player,Su Tinder succede.
112,23,Menu Text en-us,Night2_Side3,Player,Ma dai!
112,24,Menu Text en-us,Night2_Side3,Player,Mh-mh.
112,25,en-us,Night2_Side3,Julia_baseCross,Mh-mh.
112,26,en-us,Night2_Side3,Julia_baseCross,Ma dai!
112,27,en-us,Night2_Side3,Julia_doubtCross,"Già, quando conosci qualcuno su Tinder ogni tanto succede. "
112,28,en-us,Night2_Side3,N2S3_SomeDude,"Già. Be’. Alla fine restiamo a corto di argomenti che possano interessare a tutti e due. Quindi faccio tipo, sì, mi piacerebbe un sacco vedere tutta quella roba a casa tua."
112,29,en-us,Night2_Side3,N2S3_SomeDude,"Allora ci andiamo in Uber ed è un appartamento oggettivamente carino. Cioè, niente di lussuoso, ma capisco che suo padre è il tipo di stronzo che vorrei prendere a pugni in faccia, mi spiego?"
112,30,en-us,Night2_Side3,N2S3_SomeDude,"Allora mi porta in cucina e mi prepara un tè, una miscela indiana rara. Cinque minuti dopo mi ero già scordato quale. Poi si scusa e va in bagno. E non torna."
112,31,en-us,Night2_Side3,N2S3_SomeDude,Dieci minuti dopo finisco i tweet da leggere e comincio a preoccuparmi un po’. Mi guardo intorno. La prima cosa che mi salta all’occhio è il tavolo della cucina.
112,32,Menu Text en-us,Night2_Side3,Player,Vai avanti.
112,33,Menu Text en-us,Night2_Side3,Player,E?
112,34,Menu Text en-us,Night2_Side3,Player,Mh-mh.
112,35,en-us,Night2_Side3,Julia_baseCross,Vai avanti.
112,36,en-us,Night2_Side3,Julia_baseCross,E?
112,37,en-us,Night2_Side3,Julia_baseCross,Mh-mh.
112,38,en-us,Night2_Side3,N2S3_SomeDude,"Il tavolo è sorprendentemente grande, ed è coperto di documenti disposti con ordine. Tipo quelle bacheche investigative con i fili tesi, roba da complotto mafioso. Ovviamente mi incuriosisco."
112,39,en-us,Night2_Side3,N2S3_SomeDude,"Ci metto venti secondi a capire cos’è. Tutta la sua storia clinica psichiatrica, in ordine cronologico, con la roba succosa ben sottolineata a colori. E dico tutta. C’è dentro tutto."
112,40,en-us,Night2_Side3,N2S3_SomeDude,"Una descrizione dettagliata della sua situazione familiare di merda negli anni. Ansia, ADHD, episodi depressivi, sospetta schizofrenia, grave borderline, roba psicosessuale strana col fratello."
112,41,en-us,Night2_Side3,N2S3_SomeDude,"Continuo a leggere e leggere e, ti ricordi quando ho detto di tirare merda contro il muro per vedere cosa si attacca? Sono sicurissimo che è così che i suoi strizzacervelli l’hanno diagnosticata."
112,42,en-us,Night2_Side3,N2S3_SomeDude,"Alla fine esce dal bagno tipo un’ora dopo che c’era entrata. A quel punto avevo già letto tre volte tutta la roba sul tavolo, e non solo quella che aveva evidenziato per mia comodità. "
112,43,en-us,Night2_Side3,N2S3_SomeDude,"E sento che, in questo momento, la capisco meglio di quanto, tipo, uno che ha letto «Delitto e castigo» capisca Raskol’nikov. E la cosa non mi rende felice, tipo, per niente. Mi spiego?"
112,44,en-us,Night2_Side3,Player,Mh-mh.
112,45,en-us,Night2_Side3,N2S3_SomeDude,"Entra con un allegro «Ciao!» Io rispondo con un disinvolto «Tutto bene?» Lei annuisce, fa quella cosa strana con le dita a pistola, e ridacchia. Fingo di aver lavorato al telefono tutto il tempo."
112,46,en-us,Night2_Side3,N2S3_SomeDude,"Parte la chiacchiera. Dopo un minuto prende con noncuranza uno dei documenti sul tavolo, e comincia a fare quei segnali col corpo super evidenti tipo «Oh noooo, come ci è finito qui?»."
112,47,en-us,Night2_Side3,N2S3_SomeDude,"Dentro sto praticamente morendo, ma metto su la faccia da figo e fingo di non esserci, scusa, devo, rispondere al capo, sì, lavora ventiquattr’ore su ventiquattro, psicopatico di merda, sì, ah-ah-ah."
112,48,en-us,Night2_Side3,N2S3_SomeDude,"Raccoglie lentamente tutti i documenti, li mette via, e poi mi chiede con nonchalance qualcosa sui Tame Impala mentre io mi sento schiacciato da tutti i traumi che ho appena scoperto."
112,49,en-us,Night2_Side3,N2S3_SomeDude,"L’appartamento comincia a sembrare una bara. All’improvviso prende un coltello da cucina e si mette a giocarci con lo sguardo assente. Sto morendo di paura, cazzo. Quindi secondo te cos’ho fatto?"
112,50,Menu Text en-us,Night2_Side3,Player,Sei scappato?
112,51,Menu Text en-us,Night2_Side3,Player,L’hai affrontata?
112,52,Menu Text en-us,Night2_Side3,Player,Ci sei andato a letto?
112,53,en-us,Night2_Side3,Player,Ci sei andato a letto?
112,54,en-us,Night2_Side3,N2S3_SomeDude,Ovvio che ci sono andato a letto.
112,55,en-us,Night2_Side3,Player,Ti sei messo a combatterla? Hai provato a disarmarla?
112,56,en-us,Night2_Side3,N2S3_SomeDude,"Mi stai sopravvaluuutando alla grande. No, ovvio che ci sono andato a letto, cazzo"
112,57,en-us,Night2_Side3,Player,Sei scappato?
112,58,en-us,Night2_Side3,N2S3_SomeDude,"Il pensiero mi è passato per la testa, ma no. Come al solito ho scelto la cosa più stupida e ci sono andato a letto, cazzo."
112,59,en-us,Night2_Side3,N2S3_SomeDude,"È così che sono cominciati i sei mesi peggiori della mia vita, e non posso nemmeno dire di non averlo visto arrivare. Dio, sono proprio una troia."
112,60,en-us,Night2_Side3,,Si appoggia allo schienale e geme nascondendosi la faccia dietro le mani. Gli guardo il collo. Ogni vena sembra visibilissima e di un’attrattiva impossibile. Non credo di aver mai guardato così il collo di nessuno.
112,61,en-us,Night2_Side3,,Mi accorgo di avere una sete folle.
112,62,en-us,Night2_Side3,Julia_doubtCross,Cavolo.
112,63,en-us,Night2_Side3,N2S3_SomeDude,Lo so.
112,64,en-us,Night2_Side3,Julia_baseCross,"Hai fatto proprio una virata. Anni fa, quando questa sfuriata è cominciata, parlava di filosofia continentale."
112,65,en-us,Night2_Side3,N2S3_SomeDude,"Cosa? Scusa, puoi ripetere?"
112,66,en-us,Night2_Side3,,"È parecchio ubriaco, a malapena capace di concentrarsi su qualcosa che non sia il suo attuale flusso di pensieri. Proprio quello che speravo."
112,67,en-us,Night2_Side3,Player,"Anni fa, quando questa-- lascia stare. Senti, qui dentro si soffoca. Voglio uscire, prendere una boccata d’aria. "
112,68,en-us,Night2_Side3,N2S3_SomeDude,Non hai toccato il tuo drink.
112,69,en-us,Night2_Side3,,"Cioè, lo farei se potessi. Niente più alcol per me."
112,70,en-us,Night2_Side3,Player,"Cosa? No, questo non è mio. Cioè, me l’ha offerto un tizio, ma non lo voglio. "
112,71,en-us,Night2_Side3,,"Scruta la sala con uno sguardo assassino, in cerca di chi è stato, senza rendersi conto che la sua occasione migliore di trovarlo è uno specchio."
112,72,en-us,Night2_Side3,,"Poi si scola metà del mio bicchiere in un colpo solo mentre si guarda intorno, come se sperasse di dimostrare il suo dominio su un nemico invisibile."
112,73,en-us,Night2_Side3,N2S3_SomeDude,Okay. Dopo di te. 
112,74,en-us,Night2_Side3,,Camminiamo per una strada quasi deserta. Lui è concentrato a restare in piedi e ad andare dritto. Io sono concentrata a trovare un posto dove bermelo.
112,75,en-us,Night2_Side3,N2S3_SomeDude,Sembri… una che porta guai
112,76,en-us,Night2_Side3,Julia_doubtCross,Ah sì? E allora perché non mi lasci in pace?
112,77,en-us,Night2_Side3,N2S3_SomeDude,Determinismo… immagino.
112,78,en-us,Night2_Side3,,"Alzo gli occhi al cielo, ed è lì che la noto. Una tromba delle scale profonda e poco illuminata."
112,79,en-us,Night2_Side3,,Mi guardo intorno e mi accorgo che non c’è nessuno. È la mia occasione. Lo trascino giù per le scale all’istante.
112,80,en-us,Night2_Side3,,"È quasi buio pesto, ma riesco ancora a vedergli la faccia. Non sembra scioccato. È più tipo… imbarazzo?"
112,81,en-us,Night2_Side3,N2S3_SomeDude,"Allora, senti. Non è che non abbia, tipo, mai voluto fare questo genere di cose in pubblico. Anzi, il contrario."
112,82,en-us,Night2_Side3,N2S3_SomeDude,"È solo che mi serve un certo grado di comodità per, ehm, rendere al meglio..."
112,83,en-us,Night2_Side3,,"Oh, sta’ zitto."
112,84,en-us,Night2_Side3,,"Gli affondo le zanne nel collo, lui guaisce e poi tace. Finalmente. È quello che aspettavo da un’ora."
112,85,en-us,Night2_Side3,,"Si rilassa tra le mie braccia, e io mi rilasso con lui. È come se tutti i drink che ho dovuto negarmi fino a ora mi arrivassero in testa insieme, senza effetti collaterali sgradevoli. Mi sento raggiante."
112,86,en-us,Night2_Side3,,Non voglio che questo momento finisca.
112,87,en-us,Night2_Side3,,"Ma deve. Lascio cadere il suo corpo a terra e lecco la ferita per chiuderla, proprio come mi ha insegnato lei. Il polso è debole ma regolare. Puzza di alcol. Se qualcuno lo trova, non dovrebbero esserci sospetti."
112,88,en-us,Night2_Side3,,"Mentre risalgo le scale mi infilo un dito in bocca e provo a sentire le zanne. Niente da fare, sembra che siano davvero retrattili. Be’, comodo."
112,89,en-us,Night2_Side3,,"I morsi della fame sono spariti. Mi passo le mani sul corpo. Mi sento a mio agio, piena di speranza... felice. Non ricordo l’ultima volta che mi sono goduta la vita così."
112,90,en-us,Night2_Side3,,"E adesso, che la festa continui."
112,91,en-us,Night2_Side3,,"E adesso, che la festa continui."
113,1,en-us,MQ2_NightEnd,PlayerNoPic,Wow. Che nottata.
113,2,en-us,MQ2_NightEnd,,Guardo Times Square dall’alto. È bellissima. 
113,3,en-us,MQ2_NightEnd,,"Non avrei mai pensato che questo posto potesse commuovermi, a essere sincera. E invece eccomi qui, profondamente commossa. Chi l’avrebbe detto?"
113,4,en-us,MQ2_NightEnd,,Quel tizio che ho salvato dal pestaggio probabilmente si annoierà di questo posto cinque minuti dopo il selfie di rito… anche se immagino che godersi certi panorami dipenda parecchio dal punto di vista.
113,5,en-us,MQ2_NightEnd,,"In ogni caso, sono contenta che l’idea sia stata sua."
113,6,en-us,MQ2_NightEnd,,"Arrivare quassù è stato sorprendentemente facile, tutto sommato. Ha richiesto più testa che fatica fisica. "
113,7,en-us,MQ2_NightEnd,,"Prima, stanotte, ho cominciato a sperimentare i limiti di questo corpo. Ho scoperto che adesso salto sopra gli edifici bassi e scalo pareti ripide senza sforzo, e tutta la mia percezione dello spazio è cambiata."
113,8,en-us,MQ2_NightEnd,,"Ho pianificato un percorso panoramico sui tetti. Ho fatto del mio meglio per non attirare l’attenzione, come mi è stato detto. Sono rimasta nell’ombra il più umanamente possibile."
113,9,en-us,MQ2_NightEnd,,"Avvisto un drone da lontano. Per un secondo mi sento a disagio, poi mi ricordo cosa mi ha detto. Le macchine non riusciranno più a inquadrarmi bene. Riprese, foto, viene tutto sgranato o sfocato."
113,10,en-us,MQ2_NightEnd,,"Non ci crederei, se prima non avessi provato a cercarmi il riflesso. Non riuscivo a vedermi la faccia, né allo specchio, né in una pozzanghera. La mia faccia era come uno degli orologi di Dalì."
113,11,en-us,MQ2_NightEnd,,All’improvviso mi colpisce il pensiero che potrei non rivedere mai più la mia faccia. Non riuscirò nemmeno a curarmi l’aspetto da sola. E gli effetti psicologici a lungo andare?
113,12,en-us,MQ2_NightEnd,,Un nodo d’ansia mi si stringe nello stomaco. Cristo. Questa è probabilmente solo la punta dell’iceberg. Cos’altro cambierà? 
113,13,en-us,MQ2_NightEnd,,Calmati. Aspetta un attimo.
113,14,en-us,MQ2_NightEnd,,Queste ultime notti sono state le migliori della mia vita. Per anni sono stata in caduta libera. Salute a pezzi. Nessun futuro. Un senso di impotenza schiacciante.
113,15,en-us,MQ2_NightEnd,,"Adesso si è ribaltato tutto, un cambio di paradigma totale. Un finale brutto non è più l’unica opzione. Aspetto davvero domani con impazienza. Mi ero dimenticata come ci si sente."
113,16,en-us,MQ2_NightEnd,,"L’Orologio dell’Apocalisse, che prima stava a pochi secondi dalla mezzanotte, di fatto è stato spento."
113,17,en-us,MQ2_NightEnd,,"Una brezza fredda mi sfiora la guancia. Per quanto sembri stupido, scelgo di leggerla come il mondo che mi dice di tirare su la testa. "
113,18,en-us,MQ2_NightEnd,,Posso piegare chiunque alla mia volontà. Ho una forza sovrumana. Sono una padrona delle ombre.
113,19,en-us,MQ2_NightEnd,,Posso perfino pagarmi l’affitto. E per giunta a Brooklyn.
113,20,en-us,MQ2_NightEnd,,Posso fare qualsiasi cosa.
113,21,en-us,MQ2_NightEnd,,"Domani notte mi presenteranno i miei doveri. Se tutto va secondo i piani, diventerò rappresentante a New York del [4;Clan] Lasombra... "
113,22,en-us,MQ2_NightEnd,,Ma stanotte è stanotte. Sono libera. Tutte le mie preoccupazioni di un mese fa sembrano appartenute a qualcun altro.
113,23,en-us,MQ2_NightEnd,,Finalmente le cose si mettono bene.
113,24,en-us,MQ2_NightEnd,,"Mi ha detto di mantenere comunque un profilo basso. «Qualcuno potrebbe accorgersene e rintracciarti». Non si è degnata di spiegare, ma non suonava incoraggiante."
113,25,en-us,MQ2_NightEnd,,"…chiunque essi siano, qualunque cosa voglia dire. Non ho idea di cosa aspettarmi."
114,1,en-us,MQ3,,Marzo 2020.
114,2,en-us,MQ3,,Di nuovo qui al Big Beat Burger.
114,3,en-us,MQ3,,"Suoni familiari, odori familiari, facce familiari."
114,4,en-us,MQ3,,Ancora una volta ripenso a quella notte in cui finalmente sembrava che tutto stesse cambiando in meglio.
114,5,en-us,MQ3,,"Cioè, non è che non me lo aspettassi, che tutto tornasse alla vecchia deprimente normalità. Perfino nel pieno della cosa, la parte razionale di me riconosceva quello stato come temporaneo."
114,6,en-us,MQ3,,Ma con questi picchi c’è sempre la speranza che non finiscano. O magari che finalmente arrivi la morte dell’ego. 
114,7,en-us,MQ3,,"Accontentati, brutta stronza del cazzo! Te lo ordino! "
114,8,en-us,MQ3,,Ecco tutte le prove logiche del perché dovresti essere soddisfatta! Ecco la direzione ovvia per la tua vita! Ed ecco una spiegazione dettagliata di come dovresti trattare chi tiene a te!
114,9,en-us,MQ3,,"Niente da fare. Ricado sempre nelle stesse vecchie abitudini. Come se fossero codificate in fondo al mio DNA. La mancanza di scopo, l’impotenza, la spossatezza spirituale. Queste maledette gite al fast food. "
114,10,en-us,MQ3,,"Lo stupido disprezzo di me stessa, adesso amplificato ogni volta che bevo il sangue di qualcuno."
114,11,en-us,MQ3,,"Forse dovrei dare la colpa di tutto alla sfortuna della mia nascita. Scali la scala sociale finché non dissoci, e poi sei solo questa palla di desideri stupidi, senza ancoraggio e perennemente frustrata."
114,12,en-us,MQ3,,"Solo che adesso sono più o meno immortale, e devo capire cosa fare dopo."
114,13,en-us,MQ3,,…
114,14,en-us,MQ3,,"Una volta ho visto uno di quei film asiatici oscuri, «Eli, Eli, Lema Sabachthani», con Tadanobu Asano - uno dei tizi più fighi del mondo. Interpreta una specie di Merzbow, un leggendario musicista noise."
114,15,en-us,MQ3,,"C’è un virus misterioso che si diffonde nel mondo e provoca disperazione e suicidi di massa. La nipote di un ricco amministratore delegato si ammala e desidera morire, così lui spende una fortuna per cercare la cura. "
114,16,en-us,MQ3,,"Si scopre che Asano e il suo amico, interpretato da quel tizio dei Violent Onsen Geisha, girano il Giappone cercando nelle città e nei campi disseminati di cadaveri qualunque oggetto capace di produrre suoni belli."
114,17,en-us,MQ3,,E si scopre anche che i muri di rumore d’avanguardia che creano riescono a guarire gli infetti. 
114,18,en-us,MQ3,,"L’amministratore delegato implora il gruppo di aiutarlo, offre tutti i soldi che vogliono, ma per qualche motivo rifiutano. Attraverso una serie di flashback, concerti e bozzetti, si dipana un mistero."
114,19,en-us,MQ3,,"Alla fine capiamo che la musica di Asano non è solo il rimedio; è anche la causa del virus. Quando entra in contatto con le persone, queste sviluppano una fame di esperienze più estreme, più inedite..."
114,20,en-us,MQ3,,"…e alla fine sbattono contro un muro. Non c’è più niente che le soddisfi. Perdono la voglia di vivere. Nemmeno i musicisti sono risparmiati dalla maledizione. Sanno che la fine arriverà, prima o poi."
114,21,en-us,MQ3,,"La ragazza viene salvata da un concerto sconvolgente, ma la tragedia è solo rimandata, non evitata. L’ultima inquadratura, un Asano cristologico che riflette in silenzio sul suo ruolo di salvatore e distruttore, mi è rimasta dentro."
114,22,en-us,MQ3,,"La forma del film è abrasiva. Coerenza narrativa pressoché nulla, certe scelte creative strane e caricaturali, la colonna sonora noise giapponese, l’intreccio di temi molto libero e difficile da seguire..."
114,23,en-us,MQ3,,...ma a questo punto film del genere sono le uniche cose che mi arrivano davvero.
114,24,en-us,MQ3,,…
114,25,en-us,MQ3,,"Adesso sono la rappresentante del clan [62;Lasombra] a New York, noto anche come il Clan della Notte. Sono maestri delle ombre, gettano riflessi distorti e in loro presenza la tecnologia moderna impazzisce."
114,26,en-us,MQ3,,"L’anno scorso, pochi mesi prima che venissi Abbracciata, i Lasombra si erano uniti alla [2;Camarilla], la [38;setta] più grande e più tradizionalista del mondo dei vampiri. "
114,27,en-us,MQ3,,"I due gruppi in realtà si combattevano, ma i nostri capi hanno trovato informazioni che li hanno spinti a rivedere la strategia. Così hanno mandato una missione diplomatica a trattare con i nemici storici."
114,28,en-us,MQ3,,"L’accordo ottenuto a Chicago era semplice: una non-vita per una non-vita. Per ogni vampiro Lasombra ammesso nella [52;Torre d'Avorio], un vampiro Lasombra deve incontrare la propria fine ultima."
114,29,en-us,MQ3,,"Ricordo ancora il nome della donna che ha incontrato la sua [10;Morte Ultima] perché io potessi cominciare la mia non-vita. Si chiamava Hester Reed, nemica giurata della Camarilla, una guerrigliera che ha passato decenni a opporsi a loro."
114,30,en-us,MQ3,,"Era una con principi molto migliori dei miei, da quel che ho capito. Be’, chiunque fosse, la sua esecuzione per mano del mio sire è servita a convincere le élite di New York a dare una possibilità a noi Lasombra."
114,31,en-us,MQ3,,Poi si sono messi a cercare un candidato gradito a entrambi che facesse da rappresentante del Clan in città.
114,32,en-us,MQ3,,Il mio sire cercava qualcuno che desse l’impressione di essere più di quel che sembrava. La [41;Corte] locale cercava qualcuno su cui poter camminare. Dopo lunghe trattative hanno deciso che ero un buon compromesso.
114,33,en-us,MQ3,,"Hanno distrutto sistematicamente tutta la mia vita, solo per farmi dimostrare di essere psicologicamente abbastanza forte da entrare nei loro ranghi. Lo Speciale Voltagabbana, lo chiamavano. In qualche modo ci sono riuscita..."
114,34,en-us,MQ3,,...e alla fine mi ha riportata esattamente al punto di partenza.
114,35,en-us,MQ3,,Sospiro.
114,36,en-us,MQ3,,Smetto di scrivere e poso la penna.
114,37,en-us,MQ3,Valerie,È tutto?
114,38,en-us,MQ3,Player,"Sì, signora Duval. Le auguro un buon soggiorno a Londra."
114,39,en-us,MQ3,Valerie,"Oh, ne dubito fortemente. Come ogni persona di cultura, penso che l’unico inglese buono sia un inglese morto. "
114,40,en-us,MQ3,Player,(Serial killer di merda.)
114,41,en-us,MQ3,Valerie,"Uno dei vantaggi di fare la [48;Frusta]. Se c’è una cosa di cui questo mondo non è mai a corto, sono gli Scarti ripugnanti che hanno rinunciato al diritto di vivere. "
114,42,en-us,MQ3,Valerie,"Dica a Qadir che lo saluto, e addio."
114,43,en-us,MQ3,Player,Buon viaggio.
114,44,en-us,MQ3,,"Che la porta non ti sbatta sul culo mentre esci, psicopatica. Vabbè."
114,45,en-us,MQ3,,"Sono l’unica Lasombra in città, e il mio ruolo di rappresentanza non vale un cazzo. Niente titolo, niente privilegi, niente di niente. Al momento sono il galoppino della Corte, faccio i lavori che nessun altro tocca."
114,46,en-us,MQ3,,I miei compiti? Fare la funzionaria dell’immigrazione.
114,47,en-us,MQ3,,"Vedi, New York è probabilmente il più grande snodo di viaggio vampirico degli Stati Uniti, e di sicuro il più grande della costa est. Quasi ogni Fratello che arriva dall’Africa e dall’Europa passa di qui. "
114,48,en-us,MQ3,,"La Camarilla locale è fissata con la burocrazia e il controllo della popolazione, quindi ogni vampiro che lascia questa città o ci arriva dovrebbe passare da me a comunicare i suoi spostamenti."
114,49,en-us,MQ3,,"Be’, in teoria, almeno. I pezzi grossi giocano con regole diverse; queste cose le sbrigano tramite conoscenze e servitori. "
114,50,en-us,MQ3,,"Ma per i pesci piccoli sono una specie di Statua della Libertà vampirica. Il primo succhiasangue che ogni Fratello in arrivo a New York dovrebbe vedere... sulla carta, almeno."
114,51,en-us,MQ3,,"Non mi hanno nemmeno dato un ufficio. Incontro tutti in luoghi pubblici, tipo i bar o questo fast food. "
114,52,en-us,MQ3,,"Alcuni lo considerano un insulto e se la prendono con me, ma per fortuna la maggior parte capisce che siamo sulla stessa barca. Qui solo perché siamo cani bastardi a cui ogni tanto va ricordato il loro posto."
114,53,en-us,MQ3,,...
114,54,en-us,MQ3,,"...a proposito. La mia ultima cliente è in ritardo di quindici minuti, e ho ancora altre commissioni stanotte. La cosa comincia a irritarmi."
114,55,en-us,MQ3,,"A essere onesti, dovrei trovarmi un po’ di dignità e andarmene."
114,56,en-us,MQ3,,...ma non lo farò. La mia squallida educazione mi ha lasciato questo stupido senso di responsabilità.
114,57,en-us,MQ3,,Passano altri dieci minuti.
114,58,en-us,MQ3,,"Alla fine sulla porta compare una donna che non conosco. Dice a qualcuno di restare all’ingresso, ed entra. "
114,59,en-us,MQ3,KatherineWiese_,...
114,60,en-us,MQ3,,"Lunghi capelli castani. Corpo bloccato sulla fine dell’adolescenza, a occhio. Una sciarpa alla moda che le copre quasi tutto il viso. Abiti eleganti. Andatura dignitosa. "
114,61,en-us,MQ3,,"Le faccio cenno di sedersi davanti a me, facendo del mio meglio per non far trasparire l’impazienza. Obbedisce."
114,62,en-us,MQ3,Player,È qui per registrarsi?
114,63,en-us,MQ3,KatherineWiese_,"Sì. Julia Sowinski, presumo?"
114,64,en-us,MQ3,,Si guarda intorno come se fossimo al circo. 
114,65,en-us,MQ3,Player,Spero non le dispiaccia se faccio in fretta. Mi vogliono all’[23;Elysium]. Nome?
114,66,en-us,MQ3,KatherineWiese,Katherine Wiese.
114,67,en-us,MQ3,,"Eh. Giuro, questo nome l’ho già sentito. Mi torna in mente la descrizione che me ne ha fatto qualcun altro."
114,68,en-us,MQ3,Julia_doubtCross,"Quella signora strana che possiede The Art Hole, ma non c’è mai?"
114,69,en-us,MQ3,KatherineWiese,«Strana?»
114,70,en-us,MQ3,,"Allora è lei. Katherine Wiese, la proprietaria di The Art Hole, di fatto il quartier generale della Camarilla di New York."
114,72,en-us,MQ3,,"Porca puttana, Julia, ma che fai, le dai della strana in apertura? Dio sa che ti sei già resa ridicola davanti ad abbastanza pezzi grossi in questa città. Rimedia."
114,73,en-us,MQ3,Player,"Mi scusi, è solo che io… non conosco ancora molta gente lì, quindi devo basarmi sulle descrizioni che mi fa qualche [43;Primogenito]. "
114,74,en-us,MQ3,KatherineWiese,"Be’, la descrizione è quasi giusta. A parte quell’unica parola che mi lascia un po’ perplessa... Mi sa tanto del bue che dà del cornuto all’asino."
114,76,en-us,MQ3,Player,"Oh, ehm... da quel che ho capito, è solo che girano voci che i suoi interessi non siano, ehm, del tutto allineati con quelli della Camarilla… e la cosa dà fastidio a qualcuno lassù."
114,77,en-us,MQ3,KatherineWiese,Sì. Vuole che glielo compiti? La gente spesso fa fatica a scriverlo giusto. 
114,78,en-us,MQ3,KatherineWiese,"Ho sentito che il Principe Panhard è impegnato con i preparativi della sua grande festa. Ho immaginato che risparmiarle un po’ di scartoffie le sarebbe piaciuto, come gesto di buona volontà. "
114,79,en-us,MQ3,,Si guarda intorno con aria d’intesa.
114,80,en-us,MQ3,KatherineWiese,...circostanze uniche.
114,81,en-us,MQ3,Player,"Sì, ehm. Il Principe Hellene Panhard ha avuto… qualche difficoltà a giustificare «l’affitto esorbitante» che richiederebbe una mia sede."
114,82,en-us,MQ3,KatherineWiese,"Per lei sono letteralmente spiccioli. E per quanto ne so, ha una proprietà vuota ferma lì dall’anno scorso. Sembra che ce l’abbiano con lei. Parecchio."
114,83,en-us,MQ3,,"È quello che immaginavo, ma fa piacere averne conferma."
114,84,en-us,MQ3,Julia_doubtCross,"Be’, non è che il mio clan sia mai stato particolarmente popolare da queste parti. Almeno, così ho sentito. Le colpe dei padri, e via dicendo."
114,85,en-us,MQ3,KatherineWiese,"Sì. Giusto per essere sicura: non ha mai conosciuto Hester, ma sa chi era?"
114,86,en-us,MQ3,Player,...So che non sarei qui se non fosse per lei. Voi due vi siete conosciute?
114,87,en-us,MQ3,KatherineWiese,"No, ne ho solo sentito parlare un paio di volte. Avevamo visioni simili su molte questioni, anche se tendevamo ad arrivare a soluzioni completamente diverse."
114,88,en-us,MQ3,KatherineWiese,"In ogni caso, credo sia significativo che Hester sia morta perché lei potesse vivere. Di Hester avevano paura. Adesso hanno paura di lei, ed è per questo che la tengono a terra."
114,89,en-us,MQ3,,"...se me lo dicesse qualcuno che non è un pezzo grosso, gli riderei in faccia."
114,91,en-us,MQ3,,"Oh, ho capito cosa sta facendo. Sta cercando di comprarsi i miei favori. "
114,92,en-us,MQ3,,Meglio non far vedere che mi si compra facile. Restiamo sul pratico.
114,93,en-us,MQ3,Player,"Il tempo lo dirà. Nel frattempo, mi serve che mi aiuti con la documentazione. "
114,94,en-us,MQ3,KatherineWiese,Certamente.
114,95,en-us,MQ3,Player,"Allora, da dove arriva?"
114,96,en-us,MQ3,KatherineWiese,"Washington, D.C."
114,97,en-us,MQ3,,Lo dice come lo dicono nei film di Hollywood. In quel modo che lascia intendere che la sua Washington sia tutt’altra cosa rispetto alla Washington che vedremmo io e te. 
114,98,en-us,MQ3,Player,Cosa ci faceva?
114,99,en-us,MQ3,KatherineWiese,Indovini.
114,100,en-us,MQ3,Julia_doubtCross,...Lavoro per il governo?
114,101,en-us,MQ3,KatherineWiese,Lo scriva. Dovrebbe divertire un po’ Hellene.
114,102,en-us,MQ3,Player,Se lo dice lei. Data e ora di arrivo?
114,103,en-us,MQ3,,Tira fuori un biglietto aereo e me lo fa scivolare davanti.
114,104,en-us,MQ3,KatherineWiese,È tutto qui.
114,105,en-us,MQ3,Player,"L’una di notte, preso. Mezzo di trasporto, aereo. Motivo della visita?"
114,106,en-us,MQ3,KatherineWiese,«Incontro con il Principe» dovrebbe andare benissimo.
114,107,en-us,MQ3,Player,Immagino. Durata prevista della visita?
114,108,en-us,MQ3,KatherineWiese,"Indefinita. Scriva sei mesi, se proprio le serve."
114,109,en-us,MQ3,Player,Luogo di alloggio? Condizioni del soggiorno previsto?
114,110,en-us,MQ3,KatherineWiese,The Art Hole. Le condizioni dovrebbero essere adeguate.
114,111,en-us,MQ3,Player,Me lo dica lei. Io di solito mi accontento di Airbnb. Casa dolce casa?
114,112,en-us,MQ3,KatherineWiese,Non sono certa di essermi mai sentita particolarmente a casa qui.
114,113,en-us,MQ3,Julia_doubtCross,Siamo in due.
114,114,en-us,MQ3,KatherineWiese,Curioso. Non ha niente che la tenga qui?
114,115,en-us,MQ3,,"Il viso di un’amica bionda mi appare davanti agli occhi della mente, poi svanisce."
114,116,en-us,MQ3,Player,Non ho niente che mi tenga da nessuna parte.
114,117,en-us,MQ3,KatherineWiese,Capisco.
114,118,en-us,MQ3,,"Un silenzio prolungato. Mi fissa negli occhi, e io ricambio. Mi sta studiando. È snervante, ma faccio del mio meglio per non voltarmi."
114,119,en-us,MQ3,,Alla fine sorride.
114,120,en-us,MQ3,KatherineWiese,Non aveva detto di avere poco tempo?
114,121,en-us,MQ3,Player,"Oddio, sì. Qadir mi ammazza. "
114,122,en-us,MQ3,,Comincio in fretta a raccogliere la mia roba da sotto il tavolo. 
114,123,en-us,MQ3,KatherineWiese,"Può semplicemente dirgli che le ho fatto visita io. Capirà, e lo riferirà a tutti quelli che devono saperlo."
114,124,en-us,MQ3,Player,Le serve altro?
114,125,en-us,MQ3,KatherineWiese,Sto bene. Stavo per chiederglielo io. Qui è lei che fa le domande.
114,126,en-us,MQ3,Player,Da parte mia è tutto.
114,127,en-us,MQ3,KatherineWiese,"Bene. Ci rivedremo presto, spero. Alla festa di domani notte?"
114,128,en-us,MQ3,Player,"Io, ehm... non sono stata invitata."
114,129,en-us,MQ3,,Mi rivolge uno sguardo di compatimento.
114,130,en-us,MQ3,KatherineWiese,"Capisco. Be’, se l’occasione non ce la danno, ce la creiamo da sole. Mi farò sentire."
114,131,en-us,MQ3,Player,"Buonanotte, signora Wiese. Le auguro un buon soggiorno."
114,132,en-us,MQ3,KatherineWiese,"Buonanotte. E non abbia fretta con queste cose. Ha davanti tutta la sua non-vita, ed è nella posizione di potersela prendere comoda. Si prenda il suo tempo. Si cerchi un altro punto di vista."
114,133,en-us,MQ3,,"Annuisco ed esco lentamente dalla porta. Appena perdo di vista il locale, scatto verso la metropolitana."
114,134,en-us,MQ3,Player,Nottata fiacca?
114,135,en-us,MQ3,QadirShadows,Magari. E comunque sei di nuovo in ritardo. Spero tu abbia una buona scusa.
114,136,en-us,MQ3,,"Qadir Al-Asmai, il potente [42;Sceriffo] di New York, non è contento di me. Non c’è da stupirsi. L’ho raggiunto davanti all’Elysium trenta minuti dopo l’ora concordata.  "
114,137,en-us,MQ3,Player,"Sì, be’, Katherine-cazzo-di-Wiese ha deciso di arrivare in ritardo con stile."
114,138,en-us,MQ3,QadirShadows,Bella storia. Dovrebbe essere fuori città.
114,139,en-us,MQ3,Julia_doubtCross,"Se pensi che ti stia prendendo in giro, capo, controlla pure il mio rapporto."
114,140,en-us,MQ3,,"Gli passo tutte le carte ufficiali, come ogni notte. Qadir mi fissa dall’alto per qualche secondo buono, poi lo sguardo d’acciaio si ammorbidisce."
114,141,en-us,MQ3,QadirShadows,"Fai sul serio. Wiese da McDonald’s, con la mascherina e i vestiti eleganti, circondata dall’odore di patatine fritte e hamburger? Dev’essere stata una scena da ridere."
114,142,en-us,MQ3,Julia_angry,"Tecnicamente era il BBB, non McDonald’s. Ma sì. Dio, mi sono resa proprio ridicola. La prima cosa che ho fatto è stata citare uno che la chiamava strana. Volevo morire sul posto."
114,143,en-us,MQ3,QadirShadows,"Ti sta bene, gaffe ambulante. Cerco di insegnarti a controllare la lingua, ma non impari mai. Con te è una figuraccia nuova ogni settimana."
114,144,en-us,MQ3,QadirShadows,"Comunque, ci sono buone e cattive notizie. La buona è che Katherine ha un debole per i vampiri di umili origini. Probabilmente per questo ha deciso di vederti nel tuo, diciamo, «habitat naturale»."
114,145,en-us,MQ3,Player,È una di quelle stronze ricche della scena artistica che vanno a caccia di credibilità operaia?
114,146,en-us,MQ3,QadirShadows,"Qualcosa sul controllare la lingua l’avevo detto. La cattiva notizia è che è molto acuta, quindi riconosce un’idiota come te al volo. Non hai mai avuto una possibilità di impressionarla."
114,147,en-us,MQ3,Julia_doubtCross,"Oh, sta’ zitto. Ti servo ancora per qualcosa qui? Mi ci metto subito."
114,148,en-us,MQ3,QadirShadows,Non me ne starei qui fuori a chiacchierare con te se non avessi già sbrigato i miei doveri. Trenta minuti sono bastati a finire i preparativi per la grande festa. Sto per salutare tutti.
114,149,en-us,MQ3,Julia_baseCross,...Scusa.
114,150,en-us,MQ3,QadirShadows,"Non ci si poteva fare niente, immagino, e ci perdi più tu di me. Volevo solo un po’ di compagnia stanotte, e a te sarebbe servita l’occasione di farti vedere qui in servizio, così tutti imparano a conoscere la tua faccia."
114,151,en-us,MQ3,QadirShadows,"Il cielo sa che il tuo lavoro al fast food non ti porterà da nessuna parte.. Devi, come si dice, «darti da fare»? "
114,152,en-us,MQ3,Player,Non c’è bisogno che me lo dici. Ma non è che farmi sfilare davanti a un branco di stronzi dal sangue blu sia--
114,153,en-us,MQ3,,In qualche modo riesce a darmi una gomitata dolorosa nella schiena senza il minimo movimento visibile..
114,154,en-us,MQ3,QadirShadows,"Il linguaggio, sciocca, stanno uscendo. Statti qui in silenzio per cinque minuti e concentrati sul non farti altre figuracce, vuoi?"
114,155,en-us,MQ3,Player,Tsk… ricevuto.
114,156,en-us,MQ3,,"Le prime due sagome compaiono sulla soglia di The Art Hole. Un vecchio in sedia a rotelle, spinto dal suo giovane servitore. Non ho mai visto né l’uno né l’altro."
114,157,en-us,MQ3,AddisonPayne_,...
114,158,en-us,MQ3,QadirShadows,Signor Payne. La notte è ancora giovane. Spero che il resto le sia gradevole.
114,159,en-us,MQ3,,"Payne. La sedia a rotelle. Ho sentito parlare di lui. Addison Payne, uno dei principali collegamenti della Camarilla americana con il governo e Wall Street. Disabile in parecchi modi, ha bisogno di un servitore per comunicare."
114,160,en-us,MQ3,,"Io sarei piena di rancore se fossi stata Abbracciata in quelle condizioni, ma a quanto pare Payne non prova altro che gratitudine per la sua immortalità. Continua a scrivere fervide difese delle Tradizioni e delle usanze della Camarilla."
114,161,en-us,MQ3,AddisonPayne_both,...Hmpf.
114,162,en-us,MQ3,,"Stringe la mano a Qadir senza una parola, ma non si degna nemmeno di notarmi. Almeno il suo servitore mi fa un piccolo inchino. Ricambio. Se ne vanno."
114,163,en-us,MQ3,QadirShadows,Alto Reggente. Non vedo l’ora di vederla nel suo completo.
114,164,en-us,MQ3,AislingCoteries,"Mi risparmi, Sceriffo. Queste feste in maschera mi fanno soffrire abbastanza senza il suo aiuto. Posso solo sperare che non abbia cospirato con Hellene per mettermi in imbarazzo con questo regalo."
114,165,en-us,MQ3,,Indica un completo avvolto nel cellophane che porta dentro il cappotto. Qadir accenna un sorrisetto.
114,166,en-us,MQ3,QadirShadows,"Non ne ho avuto bisogno. Come lei ben sa, il Principe Panhard dimostra una… notevole lungimiranza in materia di organizzazione di feste."
114,167,en-us,MQ3,AislingCoteries,"Sì, se c’è una cosa su cui è mortalmente seria, sono le frivolezze. "
114,168,en-us,MQ3,QadirShadows,"Una qualità riconoscibilmente mortale, specie per un Principe. Dovremmo celebrarla, non osteggiarla."
114,169,en-us,MQ3,AislingCoteries,"Non si preoccupi, Sceriffo, sono una ragazza grande e conosco l’etichetta. Starò al suo gioco, divertirò un po’ la folla e tornerò nel mio studio il più in fretta possibile."
114,170,en-us,MQ3,,"Aisling Sturbridge, Alto [46;Reggente] della [19;Cappella] dei Cinque Distretti, eroina della Battaglia di New York. Il più grande [58;Stregone] della città. Potrebbe essere Principe lei stessa, se non avesse gli occhi su un premio più grosso."
114,171,en-us,MQ3,,Il punto è che nessuno sa quale sia quel premio. Si sa solo che ha a che fare con l’obiettivo della sua ricerca taumaturgica. Chiunque abbia provato a scoprirlo ha fallito. Violentemente.
114,172,en-us,MQ3,QadirShadows,"Oh, sono sicuro che si divertirà. La signorina Sowinski qui presente mi ha appena informato che Katherine Wiese è tornata in città. È lecito supporre che si unirà ai nostri festeggiamenti."
114,173,en-us,MQ3,AislingCoteries,Wiese... Eccellente. Mi piacerebbe molto aggiornarmi con lei.
114,174,en-us,MQ3,,"Il veleno appena celato nella sua voce lascia intendere chiaramente che, in realtà, aggiornarsi con lei le farebbe orrore."
114,175,en-us,MQ3,AislingCoteries,"Sì, sembra che domani notte sarà molto speciale. Ma per ora vi porgo i miei saluti."
114,176,en-us,MQ3,,E se n’è andata.
114,177,en-us,MQ3,Julia_doubtCross,C’è qualche storia tra Aisling e Wiese che dovrei sapere?
114,178,en-us,MQ3,QadirShadows,Si può dire di sì. L’Alto Reggente Sturbridge una volta ha tentato di indire una [17;Caccia di Sangue] contro Wiese. 
114,179,en-us,MQ3,Julia_baseCross,Wow. Perché? 
114,180,en-us,MQ3,QadirShadows,"Ho sentito cinque versioni diverse della storia, e sembrano tutte plausibili. Il rapporto di Katherine con questa città è… strano, a dir poco. Ma adesso zitta."
114,181,en-us,MQ3,,"È evidente che sta cercando di chiudere il discorso, e la comparsa di Thomas Arturo gli offre la via d’uscita perfetta."
114,182,en-us,MQ3,QadirShadows,Signor Arturo.
114,183,en-us,MQ3,ThomasArturoCoteries,"Ah, Al-Asmai. Continui così, eh?"
114,184,en-us,MQ3,QadirShadows,Certamente.
114,185,en-us,MQ3,,"Thomas Arturo, architetto di mestiere. È un [45;Araldo], membro della cerchia ristretta del Principe Panhard. Un eccentrico i cui pensieri sembrano correre dieci volte più veloci delle sue parole."
114,186,Menu Text en-us,MQ3,Player,Buonanotte.
114,187,en-us,MQ3,ThomasArturoCoteries,"Ah sì, sì."
114,188,en-us,MQ3,,"Sparisce nella notte. Be’, è stato breve."
114,189,en-us,MQ3,Player,Forse dovrei mettermi in mezzo. Magari li costringerebbe a riconoscere come si deve la mia esistenza.
114,190,en-us,MQ3,QadirShadows,Sottovaluti gravemente la loro dedizione nell’ignorare una [40;Marmocchia] come te.
114,191,en-us,MQ3,QadirShadows,"E nel caso tu faccia sul serio: ti supplico, non farlo. "
114,192,en-us,MQ3,Julia_doubtCross,"È da un po’ che volevo chiedertelo, ma non ne ho mai avuto l’occasione… Ad Arturo non lo reggi proprio, vero?"
114,193,en-us,MQ3,,Misura con cura la sua risposta diplomatica.
114,194,en-us,MQ3,QadirShadows,Non provo... alcun sentimento particolare nei confronti di Thomas Arturo.
114,195,en-us,MQ3,Player,"Sì, be’, visto che elenchi sempre i pregi di ogni rappresentante della Camarilla locale sotto la luna, tanto valeva che lo chiamassi testa di cazzo."
114,196,en-us,MQ3,QadirShadows,"Il linguaggio, marmocchia. E, quanto ad Arturo, condividerò la mia opinione su di lui appena me ne farò una che duri più di una settimana."
114,197,en-us,MQ3,,"Un gruppo di Fratelli esce da The Art Hole e si precipita verso la strada. Solo una donna dall’aria nobile si ferma accanto a noi. Porta un hijab ma, curiosamente, non ci nasconde sotto i capelli."
114,198,en-us,MQ3,QadirShadows,Primogenito.
114,199,en-us,MQ3,,"Se fossi tanto maleducata da fissarla, ti accorgeresti in fretta che la stoffa serve soprattutto a coprire le sue cicatrici spaventose. "
114,200,en-us,MQ3,Samira,"Qadir. Oh, e la giovane Julia. "
114,201,en-us,MQ3,,"Faccio del mio meglio per non fissarla, perché Samira è una delle poche figure della Camarilla di New York che non si sia ancora comportata da stronza con me."
114,202,en-us,MQ3,QadirShadows,Ancora qui? Il Principe aveva bisogno del consiglio del [61;Clan della Caccia] su qualche questione?
114,203,en-us,MQ3,Samira,"Sì. L’ho consigliata di non aspettarsi che io indossi un costume diverso domani notte, per quanto ci provi. "
114,204,en-us,MQ3,,"È il Primogenito dei Banu Haqim. Come i Lasombra, il loro clan è rimasto indipendente dalla Camarilla fino a poco tempo fa. Però hanno negoziato un accordo migliore del nostro. Loro un Primogenito ce l’hanno, tanto per dire."
114,205,en-us,MQ3,,"Originari del Medio Oriente, i Banu Haqim sono attratti dall’esercizio della giustizia. Le regole vanno rispettate, e ogni trasgressione punita. "
114,206,en-us,MQ3,QadirShadows,Confido che abbia capito. Sono abiti bellissimi. 
114,207,en-us,MQ3,Samira,"Grazie mille, non vedo l’ora di vedere il completo che ha messo insieme lei. E tu come stai, Julia? Hai visto qualche luce in fondo al tunnel?"
114,208,en-us,MQ3,Player,"Le solite cose, Samira. Ancora a vagare al buio, sbattendo lo stinco ogni due passi."
114,209,en-us,MQ3,Samira,Mi dispiace sentirlo. Confido che tu stia tormentando il Principe e i tuoi superiori per migliorare la tua posizione?
114,210,en-us,MQ3,Julia_angry,"È, ehm... è un percorso."
114,211,en-us,MQ3,Samira,"Oh, Julia, Julia. Non otterrai niente se non continui ad allungare la mano. Qadir, non dovevi insegnarle i trucchi del mestiere?"
114,212,en-us,MQ3,QadirShadows,"Ci provo, Primogenito, ma con questa infante è SEMPRE un percorso."
114,213,en-us,MQ3,Samira,"Allora non posso che augurarti buona fortuna. Buonanotte, Julia. Buonanotte, Qadir."
114,214,en-us,MQ3,Player,Buonanotte.
114,215,en-us,MQ3,QadirShadows,Buon viaggio.
114,216,en-us,MQ3,,The Art Hole a quest’ora dev’essere quasi vuoto.
114,217,en-us,MQ3,Julia_doubtCross,"Ti piace, vero? "
114,218,en-us,MQ3,QadirShadows,"Piantala di fare la buffona, marmocchia. Serve solo a rivelare profonde insicurezze."
114,219,en-us,MQ3,Julia_baseCross,Wow. Che durezza.
114,220,en-us,MQ3,QadirShadows,È un dato di fatto. Se fossi «duro» come dici tu...
114,221,en-us,MQ3,Player,"A tutti e due ha detto di chiamarla Samira, ma tu continui a tenere le distanze con quella stronzata del «Primogenito, Primogenito»."
114,222,en-us,MQ3,QadirShadows,"Attenta al turpiloquio. E non proiettare le tue fantasie su di me. Non ti farò una lezione sui confini professionali, ma sospetto che il modo in cui alla fine lo imparerai sarà estremamente sgradevole."
114,223,en-us,MQ3,CarterSmiling,"Disturbo, brava gente?"
114,224,en-us,MQ3,,"Anche se lo tormento di continuo, la compostezza di Qadir resta intatta. La sua risposta arriva rapida e imperturbabile."
114,225,en-us,MQ3,QadirShadows,"Affatto, signor Vanderweyden. Torna in ufficio?"
114,226,en-us,MQ3,CarterSmiling,"Mi conosce, mio caro Sceriffo! Dove altro dovrei andare?"
114,227,en-us,MQ3,,"Ecco una cosa curiosa. Anche se pure Carter Vanderweyden è un Primogenito – [55;Malkavian], per la precisione – non sento Qadir chiamarlo così."
114,228,en-us,MQ3,QadirShadows,Spero di vederla domani notte. 
114,229,en-us,MQ3,CarterSmiling,"Oh, mi farò vedere di sicuro, se ci riesco. Ma per ogni evenienza mi sono già scusato con il Principe per l’eventuale assenza. Sono semplicemente sommerso di lavoro di questi tempi."
114,230,en-us,MQ3,,"I ritmi, il tempo e le intonazioni della sua voce sono così familiari. Metà suona come JFK, l’altra metà – esattamente come Barack Obama. Come il suo aspetto, sembra tutto così finto."
114,231,en-us,MQ3,,"Viene da soldi vecchi, ovviamente. Discende da una lunga stirpe di mercanti olandesi insediatisi nella regione di New York, gestisce uno studio legale di enorme successo, sta gomito a gomito con le élite sia dei Fratelli che delle [28;vacche]."
114,232,en-us,MQ3,,"Sembra perfetto sotto ogni aspetto, ed è per questo che è così inquietante. È un Figlio di Malkav e deve pur essere afflitto da qualche tara, ma qualunque sia non la lascia trapelare. Difficile non chiedersi cosa nasconda."
114,233,en-us,MQ3,QadirShadows,"I festeggiamenti dovrebbero durare tutta la settimana. Il tempo lo troverà di certo, no?"
114,234,en-us,MQ3,CarterSmiling,"Lo spero, mio caro, lo spero. Se avesse bisogno di raggiungermi, sa dove trovarmi. Buona serata!"
114,235,en-us,MQ3,,Prima di andarsene non registra nemmeno la mia presenza. A volte penso che sperino ancora tutti che io semplicemente sparisca.
114,236,en-us,MQ3,,"Mentre Carter si allontana nella sua limousine, Qadir scuote la testa."
114,237,en-us,MQ3,QadirShadows,Volevi sapere quale membro della Camarilla di New York mi sta più antipatico? 
114,238,en-us,MQ3,Player,Sì?
114,239,en-us,MQ3,,Mi lancia un’occhiata d’intesa e accenna un sorrisetto.
114,240,en-us,MQ3,QadirShadows,"Peccato. Sono tutti miei cari colleghi, e li rispetto profondamente uno per uno. "
114,241,en-us,MQ3,Julia_doubtCross,"Come no. Non vorresti farti scappare qualcosa che ti tagli fuori dai servizi legali del signor Vanderweyden, vero, leccaculo?"
114,242,en-us,MQ3,QadirShadows,"Mi aspetto in effetti di aver bisogno di un buon avvocato difensore quando la mia assistente squattrinata, incompetente e sboccata mi farà finalmente perdere le staffe."
114,243,en-us,MQ3,Julia_baseCross,Che maleducato. Ti servo ancora qui? Stanotte devo ancora passare da St. Patrick.
114,244,en-us,MQ3,QadirShadows,"Tranquilla, abbiamo quasi finito. Il [11;Principe] sta uscendo. "
114,245,en-us,MQ3,Player,"Il capitano è l’ultimo ad abbandonare la nave, eh."
114,246,en-us,MQ3,,"Ed eccola. Hellene Panhard. «Il Pezzo Grosso», come la chiamerebbe uno-che-conoscevo-una-volta. Di fatto governa New York, e si professa mecenate delle arti."
114,247,en-us,MQ3,HelleneCoteries,Qadir. A cosa stai pensando?
114,248,en-us,MQ3,QadirShadows,"Le farà piacere sapere che l’Alto Reggente si è rassegnata al suo destino, mio Principe. Il signor Vanderweyden decisamente no. Sospetto che sarà troppo occupato per unirsi ai festeggiamenti, per tutta la settimana."
114,249,en-us,MQ3,HelleneCoteries,Eccellente.
114,250,en-us,MQ3,,Si volta verso di me.
114,251,en-us,MQ3,HelleneCoteries,"Signorina Sowinski. Non doveva accompagnare il nostro buon Sceriffo nei suoi doveri, stanotte?"
114,252,en-us,MQ3,QadirShadows,C’è stato un cambio di programma imprevisto. Katherine Wiese è tornata in città. 
114,253,en-us,MQ3,HelleneCoteries,"Katherine è qui? Ecco una sorpresa gradita. Ma lei cosa c’entra, signorina Sowinski?"
114,254,en-us,MQ3,Player,"Ha detto che non voleva disturbarla con tutte le scartoffie del suo arrivo, Principe Panhard. È tutto sistemato. Qadir è già stato informato di tutto."
114,255,en-us,MQ3,HelleneCoteries,"È senz’altro un bel gesto, ma… un momento, però… Dove l’ha incontrata, di preciso?"
114,256,en-us,MQ3,QadirShadows,"In un fast food, mio Principe."
114,257,en-us,MQ3,HelleneCoteries,...Capisco.
114,258,en-us,MQ3,,Hellene si strofina gli occhi.
114,259,en-us,MQ3,HelleneCoteries,Katherine e il suo amore per gli svaghi proletari... Immagino che questa settimana sarà una fonte di aneddoti divertenti.
114,260,en-us,MQ3,QadirShadows,"Se vogliamo evitare queste situazioni in futuro, potrebbe essere il momento buono per discutere di dare alla signorina Sowinski un ufficio suo."
114,261,en-us,MQ3,HelleneCoteries,"Ci arriveremo, prima o poi. Ci sono questioni più urgenti. I festeggiamenti cominciano domani, e c’è ancora tanto da fare... si assicura che The Art Hole sia in sicurezza prima di andare?"
114,262,en-us,MQ3,QadirShadows,"Certamente, mio Principe. Buona notte."
114,263,en-us,MQ3,HelleneCoteries,"Buona notte, Qadir. Buona notte, signorina Sowinski. Del suo lavoro parleremo presto, non si preoccupi."
114,264,en-us,MQ3,Player,"Certamente. Buona notte, Principe Panhard."
114,265,en-us,MQ3,,Un autista la accompagna a una limousine. Tra me e Qadir cala un silenzio imbarazzato finché l’auto non sparisce dietro l’angolo.
114,266,en-us,MQ3,Player,"«Questioni più urgenti», eh. A cosa stai pensando, Sceriffo?"
114,267,en-us,MQ3,QadirShadows,Sono... certo che l’immagine di una Custode dell’Elysium piantata in un fast food resterà impressa nella mente del Principe Panhard. Sei molto più vicina al tuo obiettivo di quanto lo fossi qualche minuto fa.
114,268,en-us,MQ3,Player,Sono abbastanza sicura di avertelo già sentito dire qualche volta.
114,269,en-us,MQ3,QadirShadows,"E lo confermo. Roma non è stata costruita in un giorno, Julia."
114,270,en-us,MQ3,Julia_doubtCross,"Da fedele della Camarilla, non ti sembra una schifezza che la Torre d’Avorio sia così accanita nel mancare di rispetto al mio clan da essere disposta a fare la figura degli stupidi pur di riuscirci?"
114,271,en-us,MQ3,QadirShadows,"Abbiamo dovuto sopportare tutti il nostro rito di iniziazione. Ma sì, la situazione attuale non è ideale."
114,272,en-us,MQ3,Player,Vabbè. Ti serve una mano a chiudere l’Elysium?
114,273,en-us,MQ3,QadirShadows,"Me la cavo. Si fa tardi. Meglio che tu corra. Ci sarà qualche Ombra a Chicago che aspetta con impazienza una copia dei rapporti che mi hai dato. Hai accontentato un padrone, ora tocca all’altro."
114,274,en-us,MQ3,Player,"Già, ecco il bello di lavorare per due padroni. Nessuno dei due ti considera davvero dei suoi."
114,275,en-us,MQ3,,"Non sapendo cosa rispondere, Qadir alza le spalle. Lo saluto con la mano e mi avvio verso la metropolitana."
114,276,en-us,MQ3,,"Quando arrivo alla cattedrale di St. Patrick, mi accoglie una voce che mi graffia come i denti sulla stagnola."
114,277,en-us,MQ3,BenoitShadows,"Bene, bene, bene. La figliol prodiga ritorna."
114,278,en-us,MQ3,Julia_angry,"Oddio, no. "
114,279,en-us,MQ3,,Era l’unica cosa che non volevo succedesse.
114,280,en-us,MQ3,BenoitShadows,"Julia, ti prego. Non nominare il nome di Dio invano. "
114,281,en-us,MQ3,Player,Mh-mh. Dov’è Padre Leonard?
114,282,en-us,MQ3,BenoitShadows,I suoi doveri di sacerdote gli hanno impedito di arrivare puntuale. Mi ha mandato a scusarmi a nome suo e a tenerti compagnia per qualche minuto.
114,283,en-us,MQ3,Player,E questa è la seconda cosa di cui dovrebbe scusarsi. 
114,284,en-us,MQ3,BenoitShadows,Vuole solo che il suo gregge viva unito. Io sono più che disposto ad assecondarlo. Tu perché no?
114,285,en-us,MQ3,Julia_angry,"Per l’ultima volta, io non faccio parte del suo gregge. Abbiamo un accordo puramente professionale."
114,286,en-us,MQ3,BenoitShadows,"So che la vedi così. La tendenza del Clan della Notte a stare vicino alla Chiesa cattolica è la sua virtù più grande, eppure considerano ancora questo rapporto puramente strumentale."
114,287,en-us,MQ3,BenoitShadows,"Ecco perché ci servono Fratelli come te che portino il cambiamento spirituale nel proprio clan, che gli facciano capire i doni preziosi di Dio. Più si avvicinassero alla luce, più grandi diventerebbero le loro ombre."
114,288,en-us,MQ3,,Di nuovo con le sue prediche insopportabili.
114,289,en-us,MQ3,,"Benoit Segal qui presente è uno svitato locale ed ex artista, un [57;Degenerato] che negli anni Novanta ha avuto una specie di crollo mentale totale. Per riprendersi si è affidato alla religione, in cerca di conforto e guida."
114,290,en-us,MQ3,,"All’inizio proclamava di essere pronto a dedicare il resto della sua non-vita allo studio del [63;Noddismo]. Dopo qualche anno, però, ha cambiato idea ed è entrato nella Chiesa cattolica. "
114,291,en-us,MQ3,,"Per mia «fortuna», il suo zelo da neofita ha trovato in me un bersaglio di prim’ordine. Quando l’ho conosciuto sono stata così stupida da dirgli che ero cresciuta cattolica e che ancora mi ci riconoscevo. Più o meno."
114,292,en-us,MQ3,,"Mi ha immediatamente immaginata come una specie di forza di cambiamento dentro la Camarilla, e si è messo in testa di riportarmi sulla retta via. Adesso non la smette di predicarmi finché non mi faccio suora."
114,293,en-us,MQ3,BenoitShadows,"Ricorda: il posto più buio è proprio sotto la candela. Voi Voltagabbana avete questa sfortunata predisposizione a trovarvi la salvezza a portata di mano, e poi a perdervi nelle ombre."
114,294,en-us,MQ3,,"Cristo. Una volta che parte, non si ferma più."
114,295,en-us,MQ3,,Direi che è ora di tirare fuori l’artiglieria pesante. 
114,296,en-us,MQ3,Player,"A proposito, volevo chiederti. Hai notizie di Sophie Langley? "
114,297,en-us,MQ3,,"Una smorfia dolorosa gli attraversa la faccia, ma non si ferma. "
114,298,en-us,MQ3,BenoitShadows,"...cambiare argomento è piuttosto maleducato, sai."
114,299,en-us,MQ3,Julia_doubtCross,Maleducato? Sto solo cercando un argomento che stia a cuore a entrambe le parti di questa conversazione. Come dice qualunque manuale di galateo.
114,300,en-us,MQ3,BenoitShadows,"La salvezza è un argomento che sta a cuore a chiunque, che lo ammetta o no. Ed è piuttosto audace da parte tua dare per scontato che Langley mi interessi ancora."
114,301,en-us,MQ3,Julia_baseCross,"Non lo do per scontato. Ne sono certa. Nel momento esatto in cui lei si ritira dalla scena pubblica, tu smetti di comportarti come il Kanye di Yeezus e cominci a comportarti come il Kanye di Jesus is King. Coincidenza?"
114,302,en-us,MQ3,BenoitShadows,Non ho mai avuto un «periodo Yeezus». La gente lo chiama davvero così?
114,303,en-us,MQ3,Player,"Facciamo così. Tu mi dici quello che sai, io ti dico quello che dicono. E tieni presente che fino a qualche notte fa non sapevo che fosse il tuo sire. Anzi, non l’ho nemmeno mai incontrata."
114,304,en-us,MQ3,,"Fa una piccola smorfia al mio «anzi», ma lascia correre. "
114,305,en-us,MQ3,BenoitShadows,"Va bene. Immagino che avresti rigirato il coltello in quella piaga da un pezzo, se l’avessi saputo. Ma a te cosa importa, poi?"
114,306,en-us,MQ3,,Meglio lasciarti blaterare del tuo passato tormentato che lasciarti proseguire con la tua bella scenetta da missionario.
114,307,en-us,MQ3,Player,"Curiosità professionale. Giornalista un giorno, giornalista per sempre. "
114,308,en-us,MQ3,,"Si gratta la testa, poi butta fuori il fiato in una triste parodia di risatina."
114,309,en-us,MQ3,BenoitShadows,"E va bene. Farò del mio meglio per essere breve. Proprio come hai detto, Sophie Langley, la socialite adorata da ogni Fratello di New York, era il mio sire. Ci siamo conosciuti qualche tempo dopo la Seconda guerra mondiale. "
114,310,en-us,MQ3,BenoitShadows,Ho lasciato la Francia poco prima che i nazisti aggirassero la linea Maginot. Ho lottato per tenere in vita i miei fratelli con la mia arte. Ho visto mio fratello morire durante l’epidemia di influenza del ’43. Ero vicino a perdere la testa.
114,311,en-us,MQ3,BenoitShadows,"È lì che è comparsa lei. Disse che il «puro tormento» nelle mie opere le aveva colpito l’occhio. Divenne la mia mecenate, permise al mio talento di fiorire, mi sostenne economicamente. Alla fine mi Abbracciò."
114,312,en-us,MQ3,BenoitShadows,"Da Fratello benestante, i miei interessi artistici hanno cominciato naturalmente a deviare da quello che erano quando ero un mortale povero e alle prime armi. Ho iniziato a vedere il mondo come lo vede il suo giro."
114,313,en-us,MQ3,BenoitShadows,"E quello lei non l’ha perdonato. Invece di essere una novità divertente, sono diventato solo un altro pezzo del malessere che la circondava. Si è fatta distante, e poi ha smesso del tutto di vedermi."
114,314,en-us,MQ3,BenoitShadows,"Ho avuto la mia dose di crolli per questo, non lo nego. Mi sono chiuso in faccia molte opportunità di carriera. Ma è stata una lezione importante."
114,315,en-us,MQ3,BenoitShadows,"Non fidarti dei tuoi [22;anziani]. Il vampirismo agisce su di loro anche a livello psicologico. Se si interessano a te, non si fermano finché non ti hanno prosciugato l’anima, e poi ti buttano via come un giocattolo rotto."
114,316,en-us,MQ3,,"Per la prima volta da quando lo conosco, Segal mi appare come qualcosa di diverso da un seccatore bacchettone. È compassione, questa che sento? Lo trovo simile a me? Che orrore."
114,317,en-us,MQ3,,È possibile che stia cercando strategicamente di suscitare simpatia. Forse ha sentito della mia uscita di scena drammatica dal Lodestar. O forse allude solo al modo in cui il mio Sire mi ha lasciata qui ad arrangiarmi.
114,318,en-us,MQ3,BenoitShadows,"Solo Dio non ti porterà mai fuori strada. È per questo che trovo la tua recita così frustrante, Julia. Ci sei così vicina a capire, e invece scegli il peccato."
114,319,en-us,MQ3,,Ecco il Benoit Segal che conosco. Per poco non mi fregava. Torniamo in carreggiata.
114,320,en-us,MQ3,Player,E della scomparsa di Langley dalla città cosa mi dici? 
114,321,en-us,MQ3,BenoitShadows,"La sua era una strada verso la perdizione. Ovunque sia finita, dubito che ne sia molto contenta. Aveva progetti per il futuro di questa città: voleva farne la sua opera d’arte definitiva. È sempre stata quella vanitosa."
114,322,en-us,MQ3,Player,"E, ovviamente, sei del tutto sicuro di non entrarci niente con la sua scomparsa?"
114,323,en-us,MQ3,BenoitShadows,"Ti prego, non dirmi che stai insinuando quello che penso."
114,324,en-us,MQ3,Julia_doubtCross,Dicono tutti che da quando lei è svanita ti comporti come se stessi espiando qualcosa. E un movente ce l’hai. Certo che sto insinuando quello che pensi. 
114,325,en-us,MQ3,,Benoit scuote la testa.
114,326,en-us,MQ3,BenoitShadows,"Hai davvero il diavolo in corpo, Julia. Sempre a mettermi alla prova."
114,327,en-us,MQ3,Julia_baseCross,Chiedo solo quello che pensano tutti...
114,328,en-us,MQ3,BenoitShadows,"Ah sì? Senti, conosco parecchi degli insulti attaccati al mio nome in questa città. Non sono esattamente compatibili con l’immagine di un assassino spietato."
114,329,en-us,MQ3,Julia_doubtCross,"«Assassino», eh? Ecco una cosa interessante. Io non ho detto niente di ammazzare."
114,330,en-us,MQ3,,Si passa le mani sulla fronte e si ricompone prima di rispondere.
114,331,en-us,MQ3,BenoitShadows,"Smettila di sviscerare ogni parola che dico in questo modo… sgradevole. Ecco una dichiarazione, se proprio ne vuoi una, signorina Hercule Poirot. "
114,332,en-us,MQ3,BenoitShadows,"Credo davvero che Sophie, per come la conoscevo io, sia arrivata alla fine. Anche se cammina ancora su questa terra, non tornerebbe qui come la stessa aristocratica piena d’orgoglio. Dovrebbe passare per una rinascita spirituale."
114,333,en-us,MQ3,BenoitShadows,Qualcuno le ha ricordato qual è il suo posto. Le sue vecchie amiche parlano di lei a bassa voce. Perfino quel servitore che teneva come giocattolo è sparito. Basta feste della Camarilla. È finita.
114,334,en-us,MQ3,BenoitShadows,"Qualunque cosa le sia successa, io non lo so. Lo giuro su Gesù e sui suoi sandali, non c’entro niente."
114,335,en-us,MQ3,BenoitShadows,"Ma sì, io sono ancora qui e lei no. E non è un motivo per gongolare, ma per essere più umile. Ho ricevuto un segno da Dio, che mi diceva di riesaminare tutti i modi sfortunati in cui somiglio ancora a Sophie Langley."
114,336,en-us,MQ3,BenoitShadows,"E ho ascoltato. Ho rifiutato l’orgoglio che condividevo con lei. Ho rinnovato i miei voti a Dio, mi sono impegnato di nuovo a predicarne la grandezza. Voglio dire, è per questo che stiamo facendo questa conversazione."
114,337,en-us,MQ3,BenoitShadows,"Adesso, quando penso all’influenza di Langley sulla mia vita, sono grato, perché è stata il segno che mi ha portato fin qui. E - se Dio vorrà - forse un giorno la guarderai allo stesso modo anche tu, Julia."
114,338,en-us,MQ3,,"Nota mentale: ogni volta che torna su questo tono da predica, è ora di intervenire."
114,339,en-us,MQ3,Julia_doubtCross,"Va bene, va bene, va bene. Se ti fa sentire meglio, penso che l’unico modo in cui un mollaccione come te avrebbe potuto farle del male sarebbe stato annoiarla a morte con le citazioni della Bibbia."
114,340,en-us,MQ3,BenoitShadows,"E adesso, quid pro quo, botta e risposta. Dicevi che la gente parla ancora di me. Ero curioso di sapere se..."
114,341,en-us,MQ3,Julia_baseCross,"Oh, guarda chi si vede finalmente!"
114,342,en-us,MQ3,,"Tirare per le lunghe ha funzionato. Padre Leonard arriva di corsa verso di noi, con una cartellina di documenti sotto il braccio. Immagino sia quella per cui sono venuta. "
114,343,en-us,MQ3,Julia_baseCross,Padre Leonard.
114,344,en-us,MQ3,FatherAnthony,"«Sia lodato Gesù Cristo», Julia. Ieri mi hanno detto che è così che i preti salutano i loro parrocchiani nell’Europa dell’Est…?"
114,345,en-us,MQ3,Julia_baseCross,«Sempre sia lodato». In realtà credo che ci siamo scambiati le battute… 
114,346,en-us,MQ3,Player,Lasci perdere. Un’altra notte lunga? Non le sta pesando?
114,347,en-us,MQ3,FatherAnthony,"Ah, non c’è da preoccuparsi. Di questi tempi dormo qualche ora al giorno, al resto pensano i pisolini... e c’è sempre lavoro da fare. Mi scusi per il ritardo."
114,348,en-us,MQ3,FatherAnthony,Almeno sono arrivato prima che lei e Benoit vi saltaste alla gola. Bene. Cominciavo a preoccuparmi.
114,349,en-us,MQ3,BenoitShadows,"Oh, per chi mi prende, Padre?"
114,350,en-us,MQ3,Player,"La prende per un perfetto pagliaccio, efficace nel convertire la gente più o meno quanto un documentario sulla pedofilia nella Chiesa cattolica. È solo troppo gentile per dirlo ad alta voce."
114,351,en-us,MQ3,BenoitShadows,"Ahia. Sente con cosa ho a che fare, Padre? Ma non si preoccupi, prima o poi ne faremo una santa."
114,352,en-us,MQ3,FatherAnthony,Lasciamo perdere «santa». Per ora mi accontenterei di «un adulto nella stanza».
114,353,en-us,MQ3,Player,"Si ricorda che lui ha, ehm, almeno settant’anni più di me, vero?"
114,354,en-us,MQ3,FatherAnthony,"Per quanto mi riguarda, crescere ha molto meno a che fare con l’età che con le condizioni dei nostri anni formativi... Ecco."
114,355,en-us,MQ3,,"Mi dà la cartellina che portava con sé, e io gli passo i rapporti che ho scritto prima stanotte. "
114,356,en-us,MQ3,,"Tra i Fratelli è cosa nota che la Chiesa cattolica sia una delle più grandi risorse dei Lasombra. Anzi, potrebbe perfino essere uno dei motivi principali per cui la Camarilla si sta lentamente scaldando verso il clan."
114,357,en-us,MQ3,,"Siamo handicappati dal punto di vista tecnologico, e quindi tristemente impreparati alle sfide del comunicare nel ventunesimo secolo. Difficile gestire una crittografia avanzata quando non riesci nemmeno a sbloccare uno smartphone."
114,358,en-us,MQ3,,"Ed è qui che entrano in scena le conoscenze vaticane. Una rete di sacerdoti sparsa per il mondo si scambia i nostri dispacci, assicurandosi che arrivino tutti a destinazione nella massima segretezza."
114,359,en-us,MQ3,,"Mi hanno detto che non tutti nella Santa Sede sono amici della nostra specie, ma i più scaltri e capaci di solito lo sono. Si potrebbe dire che siano una Camarilla mortale, meglio di qualunque servizio segreto."
114,360,en-us,MQ3,,"Ti ricordi cos’è successo a Giovanni Paolo I quando ha provato a scoperchiare i meccanismi dell’Istituto per le Opere di Religione? Morto dopo 33 giorni di pontificato, voci di coinvolgimenti della CIA e della massoneria."
114,361,en-us,MQ3,,"Non che Padre Leonard c’entri qualcosa con tutto questo. Per essere un prete cattolico è a posto: se l’avessi conosciuto da adolescente, probabilmente mi avrebbe tenuta credente qualche anno in più."
114,362,en-us,MQ3,,"Leonard è intelligente, gentile, disponibile con i suoi parrocchiani, tratta i superiori con una sana dose di scetticismo e non è coinvolto in nessun gioco politico ecclesiastico."
114,363,en-us,MQ3,,"Be’, almeno non oltre l’aiutarmi a contattare i miei capi a Chicago una notte sì e una no."
114,364,en-us,MQ3,,"Sa dei Fratelli, e sa della [37;Seconda Inquisizione]. Ha scelto di evitare la seconda per tenere i primi al riparo dall’oppressione, perché secondo lui «è la cosa giusta da fare»."
114,365,en-us,MQ3,FatherAnthony,"A proposito, spero non le dispiaccia… mi sono finalmente permesso di chiedere come stanno i suoi genitori."
114,366,en-us,MQ3,Player,"Grazie, Padre, ma non doveva."
114,367,en-us,MQ3,FatherAnthony,Nessun problema. Un sacerdote a San Stanislao Kostka è un buon amico. Dice che i suoi genitori hanno ricominciato a farsi vedere ogni domenica. Prime file. Suo padre ha un aspetto sempre migliore.
114,368,en-us,MQ3,,"Non mi fa provare niente, ma gli concedo comunque un cenno di circostanza e un sorriso riconoscente."
114,369,en-us,MQ3,Player,"Grazie, Padre Leonard. Adesso, se vuole scusarmi, l’alba è quasi qui."
114,370,en-us,MQ3,FatherAnthony,"Sì. Faccia attenzione, e che Dio la benedica."
114,371,en-us,MQ3,BenoitShadows,"Amen. Addio, Julia. Stavolta ti lascio andare, ma la prossima non sarai così fortunata, intesi?"
114,372,en-us,MQ3,,Certo. Solo un’altra voce nella mia lista infinita di cose che non vedo l’ora di evitare.
114,373,en-us,MQ3,,Direi che è ora di chiudere la nottata.
114,374,en-us,MQ3,Player,Sono a casa.
114,375,en-us,MQ3,Dakota,Finalmente. Tutto bene?
114,376,en-us,MQ3,Player,"Bene, credo. Tu perché non dormi?"
114,377,en-us,MQ3,Dakota,"Ho pensato che fosse finalmente ora di diventare più nottambula. Ne avevamo parlato, di sincronizzare meglio i nostri orari."
114,378,en-us,MQ3,Player,Occhio alla vitamina D. Ucciderei per avere la tua pelle. Sarebbe un peccato sprecarla.
114,379,en-us,MQ3,Dakota,"Non dovevi fumare così tanto prima di farti mordere, tesoro."
114,380,en-us,MQ3,Player,E tu dovevi condividere la tua routine di bellezza con me quando ancora respiravo.
114,381,en-us,MQ3,Dakota,"Non posso mica andare in giro a condividere la mia unica arma segreta. È roba top secret, livello MKUltra, livello dove-si-trova-adesso-Jeffrey-Epstein. Se te lo dicessi, dovrei ucciderti."
114,382,en-us,MQ3,Julia_baseCross,Lascia perdere. Stanotte mi sento un po’ più a disagio con me stessa del solito.
114,383,en-us,MQ3,Dakota,Non devi. Vuoi che ti trucchi prima che vai a dormire?
114,384,en-us,MQ3,Player,Non serve. 
114,385,en-us,MQ3,Dakota,«Non serve?» Non dovevi avere una specie di grande festa domani notte?
114,386,en-us,MQ3,Player,Eh. Mi sono occupata delle cose dietro le quinte. Cosa ti fa pensare che fossi invitata?
114,387,en-us,MQ3,Dakota,"Perché sei la persona più figa, più carina e più straordinaria in assoluto che conosco. Dovrebbero essere pazzi per non metterti nella lista."
114,388,en-us,MQ3,Player,"Ci crederai o no, ma quasi tutti i vampiri sono parecchio pazzi."
114,389,en-us,MQ3,Dakota,Pazzi livello vampiro psichico interdimensionale? Perché è così matti che dovrebbero essere per ignorarti in questo modo.
114,390,en-us,MQ3,Player,"Sì, direi di sì."
114,391,en-us,MQ3,Dakota,E allora fanculo. Un bel branco di stronzi altolocati. Ti odiano perché non sono te. Ma vedrai.
114,392,en-us,MQ3,Julia_doubtCross,Cristo. Come fai?
114,393,en-us,MQ3,Dakota,A fare cosa?
114,394,en-us,MQ3,Player,"Mi aggredisci sempre con questa… strana, stupida positività a cui non riesco a reagire senza cambiare completamente atteggiamento mentale. Come fai?"
114,395,en-us,MQ3,Dakota,"Oh, la risposta è facile. Ti ricordi quando ti ho detto che abbiamo una connessione spirituale? Io sento quello che provi e che vuoi. E anche tu puoi sentire quello che provo io, se ti concentri davvero."
114,396,en-us,MQ3,Player,"Sì, mi pare di aver risposto che era una gran cazzata. "
114,397,en-us,MQ3,Dakota,"Detto da una che parla con i fantasmi. Ma guarda qua, agente Scully. Ho sentito che eri giù e ho capito cosa ti serve davvero per chiudere questa notte."
114,398,en-us,MQ3,,Indica uno dei suoi cassetti. È quello dove tiene la scorta di…
114,399,en-us,MQ3,Player,Ketamina? Ma dai.
114,400,en-us,MQ3,Dakota,"Cosa? No, cassetto sbagliato. Non incontriamo demoni, incontriamo angeli. "
114,401,en-us,MQ3,Julia_doubtCross,MDMA?
114,402,en-us,MQ3,Dakota,"Din din din. Presa mezz’ora fa. Tempismo perfetto, grazie alla nostra connessione spirituale."
114,403,en-us,MQ3,Julia_baseCross,…
114,404,en-us,MQ3,Dakota,Pronta a volare via? 
114,405,en-us,MQ3,Player,L’atmosfera non è quella giusta. Mi servirebbe della musica...
114,406,en-us,MQ3,Dakota,"Ho una playlist speciale su Soundcloud pronta a partire, preparata apposta per tirare su una certa Julia Sowinski. Fammi un cenno e schiaccio play."
114,407,en-us,MQ3,Julia_angry,Cristo. Sei impossibile.
114,408,en-us,MQ3,Dakota,Ed è per questo che mi ami. Spero.
114,409,en-us,MQ3,Player,...
114,410,en-us,MQ3,Player,...Mi arrendo.
114,411,en-us,MQ3,Player,Vieni qui. Fammi assaggiare un po’ di te.
114,412,en-us,MQ3,,Forse per una volta lo sballo non finirà.
114,413,en-us,MQ3,,"Il primo dopo il [11;Principe]… o Qadir… il [43;Consiglio dei Primogeniti]… queste cose variano. Già, sono una Lasombra traditrice per natura, quindi su queste cose preferiscono ancora fare i tradizionalisti e metterci le mani."
114,414,en-us,MQ3,,"Come ho detto, alla fine dei conti sono solo un galoppino. E questo lavoro serve solo a ricordarmi che non sono proprio «dentro», sto solo al cancello."
114,415,en-us,MQ3,Player,"Perdoni l’indiscrezione, è solo che le persone del suo rango di solito non si scomodano a registrarsi da me. Comunicano l’arrivo a uno dei Primogeniti, e sono loro a occuparsi di tutto."
114,416,en-us,MQ3,KatherineWiese,E poi volevo conoscere la famigerata rappresentante Lasombra per pura curiosità. Il mio interesse si è acceso quando ho sentito parlare delle sue…
114,417,en-us,MQ3,,Qadir si volta verso la persona successiva che esce.
114,418,en-us,MQ3,,"A New York non hanno molta voce in capitolo, ma il Principe cerca spesso il loro giudizio. È solo buona immagine."
114,419,Menu Text en-us,MQ3,Player,Morire mi suona bene.
114,420,en-us,MQ3,Dakota,Non parlare così. C’è qualcosa che vuoi raccontarmi?
114,421,Menu Text en-us,MQ3,Player,(Feccia privilegiata.)
114,422,Menu Text en-us,MQ3,Player,(Se ne vada e basta.)
114,423,en-us,MQ3,Player,Almeno ci va per uccidere qualcuno di quei [60;Crepuscolari] che odia tanto.
114,424,en-us,MQ3,Julia_doubtCross,"Ehm, è tutto."
114,425,en-us,MQ3,Player,Dev’essere bello. Girare il mondo e tutto il resto.
114,426,en-us,MQ3,Valerie,"Eh. Caracas, Mogadiscio, Shanghai, il sangue ha lo stesso sapore ovunque vada. La differenza più grossa è che i doveri diventano più una scocciatura. "
114,427,en-us,MQ3,,"Signora Duval, ogni parola detta stanotte la rende più meritevole di un pugno."
114,428,en-us,MQ3,Player,…
114,429,en-us,MQ3,,"Non interessata a fare due chiacchiere con una sociopatica come lei, sbrigo le formalità in silenzio."
114,430,Menu Text en-us,MQ3,Player,"Se l’è presa comoda, eh."
114,431,Menu Text en-us,MQ3,Player,È qui per registrarsi?
114,432,Menu Text en-us,MQ3,Player,Sbrighiamoci e basta...
114,433,en-us,MQ3,,Niente tempo per i convenevoli.
114,434,en-us,MQ3,Player,Mi chiamo Julia Sowinski.
114,435,en-us,MQ3,Player,"Se l’è presa proprio comoda, eh."
114,436,en-us,MQ3,,"Un giorno, e sarà un bel giorno, imparerò a tenermi dentro tutto questo livore e a smettere di cacciarmi nei guai."
114,437,en-us,MQ3,KatherineWiese_,"Mi scusi, signorina… Sowinski, giusto? Non è esattamente il tipo di posto che ci aspettavamo."
114,438,en-us,MQ3,KatherineWiese,"Essere Custode dell’Elysium per qualcuno non basta, vedo. Lo sospettavo, ma che ci si può fare?"
114,439,en-us,MQ3,,Sembra tranquilla. Bene.
114,440,en-us,MQ3,Julia_doubtCross,"Comunque, ehm… Katherine Wiese. Wow."
114,441,Menu Text en-us,MQ3,Player,Le serve altro?
114,442,Menu Text en-us,MQ3,Player,"Lo farò, sì."
114,443,en-us,MQ3,Player,Senz’altro.
114,444,Menu Text en-us,MQ3,Player,"Lei è una che conta, eh?"
114,445,en-us,MQ3,Player,"Allora, ehm… Lei è praticamente una celebrità da queste parti, eh?"
114,446,en-us,MQ3,KatherineWiese,"Non ne sono sicura, ma d’altra parte diventare celebri in questa città è davvero facile. Sa qual è il trucco?"
114,447,en-us,MQ3,Player,Se lo sapessi non sarei piantata in un fast food.
114,448,en-us,MQ3,KatherineWiese,Essere esattamente ciò che la gente si aspetta.
114,449,en-us,MQ3,Player,"Già, ehm, su quella parte ci sto ancora lavorando."
114,450,Menu Text en-us,MQ3,Player,Buonanotte.
114,451,en-us,MQ3,Player,"Buonanotte, signor Payne."
114,452,Menu Text en-us,MQ3,Player,Si sta trovando bene?
114,453,en-us,MQ3,Player,Spero che si stia trovando bene a New York. 
114,454,Menu Text en-us,MQ3,Player,[Resta in silenzio.]
114,455,en-us,MQ3,Player,...
114,456,en-us,MQ3,AislingCoteries,...Mi stai prendendo in giro.
114,457,Menu Text en-us,MQ3,Player,"Era lei, di sicuro."
114,458,Menu Text en-us,MQ3,Player,Ha detto che verrà alla festa.
114,459,Menu Text en-us,MQ3,Player,Le manda i suoi saluti.
114,460,en-us,MQ3,Julia_baseCross,"Sciarpa gialla che le copriva la faccia, capelli castani, leggero accento, si è presentata come la proprietaria di The Art Hole. Corrisponde a quello che ho sentito."
114,461,en-us,MQ3,Player,"Non è lecito supporlo, è certo. Mi ha detto che sarà qui domani notte."
114,462,en-us,MQ3,,"La sua reazione negativa mi incuriosisce, così decido di darle un’altra spintarella."
114,463,en-us,MQ3,Julia_doubtCross,Mi ha detto di portarle i suoi saluti e che non vede assolutamente l’ora di aggiornarsi con lei.
114,464,en-us,MQ3,AislingCoteries,...
114,465,en-us,MQ3,AislingCoteries,Sfacciata.
114,466,en-us,MQ3,,"Quel filo di tormento sulla sua faccia è meno di quanto speravo, ma va bene così."
114,467,en-us,MQ3,QadirShadows,"Quella parte sui saluti… Era una bugia sfacciata, vero?"
114,468,en-us,MQ3,Julia_doubtCross,Innocente. Gonfiare le cortesie altrui è solo buona educazione.
114,469,en-us,MQ3,QadirShadows,"Sei incredibile… Be’, dubito che l’Alto Reggente Sturbridge l’abbia presa come una cortesia, visto che una volta ha tentato di indire una [17;Caccia di Sangue] contro Wiese."
114,470,Menu Text en-us,MQ3,Player,Buon rientro a casa.
114,471,en-us,MQ3,Player,"Buonanotte, signor Arturo."
114,472,en-us,MQ3,Player,"Faccia buon viaggio verso il suo [26;Rifugio], signor Arturo."
114,473,Menu Text en-us,MQ3,Player,[Ci sono anch’io.]
114,474,en-us,MQ3,Player,"Ha compiti per me, signor Arturo? Sono sempre pronta a dimostrarlo."
114,475,Menu Text en-us,MQ3,Player,Le solite cose.
114,476,Menu Text en-us,MQ3,Player,Non mi hanno neanche invitata.
114,477,en-us,MQ3,Player,Non mi hanno nemmeno invitata alla festa di domani...
114,478,Menu Text en-us,MQ3,Player,"Sì, ne ho vista una."
114,479,en-us,MQ3,Player,"Sì, e sono abbastanza sicura che sia un treno."
114,480,Menu Text en-us,MQ3,Player,Ho sbrigato le sue scartoffie.
114,481,Menu Text en-us,MQ3,Player,Voleva divertirsi un po’.
114,482,en-us,MQ3,Player,"Sembrava volesse conoscermi… e divertirsi un po’ a vedere come, ehm, lavoro."
114,483,en-us,MQ3,,"Se posso farle venire i sensi di colpa per la mia posizione attuale, lo faccio eccome."
114,484,en-us,MQ3,HelleneCoteries,Ah. Quindi vi siete incontrate in...
114,485,Menu Text en-us,MQ3,Player,Qadir sa tutti i dettagli.
114,486,en-us,MQ3,QadirShadows,Sì. Pare che Wiese volesse mostrare buona volontà occupandosi di persona di tutte le scartoffie relative al suo arrivo.
114,487,en-us,MQ3,HelleneCoteries,"Certamente gentile da parte sua, ma… vuol dire che vi siete incontrate in..."
114,488,Menu Text en-us,MQ3,Player,Ha settant’anni più di me.
114,489,Menu Text en-us,MQ3,Player,Non è a questo che serve?
114,490,en-us,MQ3,Julia_doubtCross,Non è a questo che serve lei?
114,491,en-us,MQ3,FatherAnthony,"Ho avuto pazienza con quel ruolo, ma... A quest’ora voi ragazzi dovreste andarvene di casa, non lasciare segni di pastello sui muri e tirarvi il cibo addosso ogni volta che papà non guarda. "
114,492,en-us,MQ3,FatherAnthony,"Quindi concentriamoci sui nostri doveri da adulti, che ne dice, Julia? Ecco."
114,493,Menu Text en-us,MQ3,Player,"Passivo-aggressivo, eh?"
114,494,en-us,MQ3,Player,"Passivo-aggressivo, eh?"
114,495,en-us,MQ3,FatherAnthony,"Come, scusi?"
114,496,en-us,MQ3,Julia_baseCross,"Chiedere «un adulto nella stanza» non risolve un problema, è abdicare alla responsabilità."
114,497,en-us,MQ3,FatherAnthony,"Julia, sa benissimo cosa intendo, quindi per favore non faccia la furba con me."
114,498,en-us,MQ3,Julia_angry,E allora magari non parli come mia madre?
114,499,en-us,MQ3,FatherAnthony,"Un adulto nella stanza, Julia. È tutto quello che chiedo. Ecco."
114,500,en-us,MQ3,,"So che qualcosa che non va ci deve pur essere, magari una motivazione egoistica, e non l’ho ancora individuata, ma non mi sembra che si sforzi di nasconderla, quindi gli concedo il beneficio del dubbio."
114,501,en-us,MQ3,Julia_doubtCross,"Ma sì, fammi fuori lo stesso. Sarebbe un atto di pietà, onestamente."
114,502,Menu Text en-us,MQ3,Player,Anch’io ho un’arma segreta.
114,503,en-us,MQ3,Player,"Giusto. Anche la mia specie ha un’arma segreta antietà, dopotutto. Ma vabbè, se non ti interessa..."
114,504,en-us,MQ3,Dakota,Pff. E quale sarebbe? Adrenocromo?
114,505,en-us,MQ3,Julia_doubtCross,Quasi. Spirit cooking.
114,506,en-us,MQ3,Dakota,"Ehm… Giusto per essere chiare, mi stai prendendo per il culo, vero?"
114,507,en-us,MQ3,Player,Certo che ti prendo per il culo. Beviamo solo sangue. Niente di *troppo* satanico.
114,508,en-us,MQ3,Dakota,"Buffo, perché ogni volta che ti guardo il petto mi stupisco che non ci sia un’ustione a forma di croce."
114,509,en-us,MQ3,Player,"Be’, visto che lo dici tu… eh..."
114,510,Menu Text en-us,MQ3,Player,"Ti amo anch’io, tesoro..."
114,511,en-us,MQ3,Julia_angry,"Va bene, allora. Ti amo anch’io, tesoro."
114,512,en-us,MQ3,Dakota,Dai. Che modi sono?
114,513,en-us,MQ3,Julia_doubtCross,"Niente. Pensavo solo che, ehm, avessimo superato la fase dei segreti tra noi. Immagino di essermi sbagliata? Ma va bene. Capisco. Davvero."
114,514,en-us,MQ3,Dakota,"Momento. Non sei arrabbiata sul serio, vero?"
114,515,en-us,MQ3,Player,...No. È solo la stronza che ho dentro che ti prende in giro. Io...
114,516,en-us,MQ3,Player,Qadir sa tutti i dettagli.
116,5,en-us,Night4_Side2,,"Mi servirà un cambio di scenario per uscire da questo umore. E un’occasione per mettermi davvero un po’ di succo nelle vene, possibilmente senza troppi sensi di colpa."
116,10,en-us,Night4_Side2,,Van Cortlandt Park. 
116,11,en-us,Night4_Side2,,"Buffo. Non sapevo quanto mi potesse mancare la natura, finché non sono rimasta incastrata per sempre in questa giungla urbana"
116,12,en-us,Night4_Side2,,La vista di quel verde familiare mi inonda lentamente la mente di immagini scollegate… di quando mi ero appena trasferita a New York ed ero ancora piena di stupore. 
116,13,en-us,Night4_Side2,Player,[ricorda]
116,14,en-us,Night4_Side2,Player,[soffoca i ricordi]
116,15,en-us,Night4_Side2,,"Mi scrollo di dosso la sensazione. Non è il momento di fantasticare sui bei vecchi tempi, che poi per la maggior parte non erano nemmeno tanto belli. Sono venuta qui per un motivo."
116,16,en-us,Night4_Side2,,Chiudo gli occhi e mi lascio annegare nel flusso dei ricordi.
116,17,en-us,Night4_Side2,,"Una coppia di anziani che si tiene per le mani fragili nel tepore del sole del mattino. Un raduno serale di accademici pieni di sé, che discutono con fervore di scoperte che non interessano a nessuno tranne loro."
116,18,en-us,Night4_Side2,,"Un gruppo di bambini a caccia di un tesoro immaginario. Allegri, irrequieti e ignari dei pericoli dell’ondata di calore estiva."
116,19,en-us,Night4_Side2,,"Un podista giovane e perfettamente scolpito che corre lungo il campo da golf, di una grazia assoluta in ogni movimento. Ipnotico."
116,20,en-us,Night4_Side2,,"Spalanco gli occhi, e il caleidoscopio di immagini che girava svanisce. Recupero la concentrazione e mi ricordo cosa mi ha portata qui. "
116,21,en-us,Night4_Side2,,Un calore bruciante mi arriva alle dita. Butto via il mozzicone e tiro subito fuori un’altra sigaretta dal pacchetto prima di attraversare il Parade Ground.
116,22,en-us,Night4_Side2,,"Il suono lieve di scarpe che battono sul cemento interrompe il mio stato contemplativo. Proprio quello che speravo. Finisco in fretta la sigaretta e faccio un passo indietro, confondendomi con le ombre."
116,23,en-us,Night4_Side2,,"Un podista solitario entra ed esce dal pallido cono di luce del lampione, completamente perso nei suoi pensieri. Tutto vestito con abbigliamento sportivo di prima scelta, muscoli asciutti ben visibili sotto la tuta aderente. "
116,24,en-us,Night4_Side2,,E il suo collo scoperto…
116,25,en-us,Night4_Side2,,"Rimetto l’impulso sotto controllo, per ora. Quando ero viva mi affidavo all’esercizio dell’«inspira, espira». Adesso però respirare costa caro."
116,26,en-us,Night4_Side2,,"Proprio mentre ritrovo la compostezza, il podista si ferma accanto al lampione che tremola e dà un’occhiata allo smartphone. Il corpo si irrigidisce visibilmente mentre risponde a una chiamata."
116,28,en-us,Night4_Side2,,Avvicinarmi adesso comporterebbe inevitabilmente che chi è all’altro capo senta l’aggressione. Non c’è motivo di complicarsi la vita. Mi prendo il mio tempo.
116,29,en-us,Night4_Side2,,"Mi avvicino con cautela, sempre di più, finché non riesco finalmente a sentire le sue parole."
116,30,en-us,Night4_Side2,Jogger,"...devo aspettarmi brutte notizie, lo so. Ma... Cristo, Tasha. Ha nove anni!"
116,31,en-us,Night4_Side2,,"Si sforza, senza riuscirci, di sembrare calmo."
116,32,en-us,Night4_Side2,Jogger,"No, lei non lo sa ancora. Glielo dico quando torno a casa. Devo pensarci bene."
116,33,en-us,Night4_Side2,,"Noto un cordino, mezzo infilato in tasca, con sopra appiccicato il logo del Bronx Times."
116,34,en-us,Night4_Side2,Jogger,"Dicono che non esiste una cura… Sì, ho sentito qualcosa su certe terapie sperimentali a Rochester, ma non posso prendere questa decisione da solo."
116,35,en-us,Night4_Side2,,"Metto insieme i pezzi, capisco di cosa sta parlando, e mi sento come se mi avessero tirato un pugno dritto nello stomaco."
116,36,en-us,Night4_Side2,Jogger,"Senti… devo schiarirmi le idee. Di’ a Jonah che mi servono un paio di giorni. Se ricomincia a fare storie, digli che è meglio che impari a scriversela da solo quella cazzo di rubrica. No, dico sul serio."
116,37,en-us,Night4_Side2,Jogger,"Grazie, Tasha… sì, gli do un bacio da parte della zia."
116,38,en-us,Night4_Side2,,"Nell’istante in cui riattacca, la compostezza se ne va a farsi benedire. Praticamente barcolla fino alla panchina più vicina."
116,39,en-us,Night4_Side2,Jogger,Maledizione...
116,40,en-us,Night4_Side2,,"I suoi singhiozzi soffocati mi fermano di colpo. Mi passa l’appetito. Nutrirmi di questo qui mi darebbe la nausea, comunque."
116,41,en-us,Night4_Side2,,"Proprio quando mi convinco che dovrei lasciare le redini alla decenza di base, lui si accorge che sto gironzolando lì attorno."
116,42,en-us,Night4_Side2,,"Mi lancia un’occhiata trasalita, gli occhi umidi, l’aria assolutamente miserabile. Beccata."
116,43,en-us,Night4_Side2,,"Ehm… allora… cosa si dice a un tizio che stavi giusto per aggredire in un parco buio, ma poi ci hai ripensato?"
116,44,Menu Text en-us,Night4_Side2,Player,Andrà tutto bene.
116,45,Menu Text en-us,Night4_Side2,Player,Lei è un giornalista?
116,46,Menu Text en-us,Night4_Side2,Player,"Mi sono persa, mi aiuta?"
116,47,en-us,Night4_Side2,Player,Volevo solo dirle… che andrà tutto bene.
116,48,en-us,Night4_Side2,,"Mi guarda. Ha uno sguardo gentile, ma stanco e vuoto."
116,49,en-us,Night4_Side2,Jogger,"Senta, apprezzo le sue intenzioni, ma… ci crede davvero?"
116,50,en-us,Night4_Side2,,Peso le parole.
116,51,en-us,Night4_Side2,Player,No. Non ci credo.
116,52,en-us,Night4_Side2,Jogger,E allora perché dirlo? Ma lei chi si crede di essere? Non ha la più pallida idea di quello che sto passando…
116,53,en-us,Night4_Side2,,Si irrita sempre di più a ogni parola. Lo interrompo.
116,54,en-us,Night4_Side2,Julia_doubtCross,E come fa a esserne così sicuro?
116,55,en-us,Night4_Side2,,Questo lo riporta a fuoco.
116,56,en-us,Night4_Side2,Julia_baseCross,"Ha ragione, non posso sapere esattamente cosa prova. Non leggo nel pensiero. Ma è chiaro che abbiamo qualcosa in comune. Ci hanno fottuti entrambi senza chiederci il permesso."
116,57,en-us,Night4_Side2,,Si volta dall’altra parte e resta in silenzio. Meno male che non ha chiesto in che modo hanno fottuto me. Non esattamente lo stesso calibro di sofferenza.
116,58,en-us,Night4_Side2,Julia_angry,"«Andrà tutto bene.» Già. Anch’io mi sono stancata di sentirlo. Non va mai «bene», a meno che non ti spacchi la schiena. E anche allora, al massimo diventa «sopportabile». Se sei fortunato."
116,59,en-us,Night4_Side2,Julia_angry,"Suo figlio ha la sclerosi multipla, giusto? Non se lo merita, ma la realtà fa il suo solito mestiere di merda. Immagini quanta paura debba avere lui."
116,60,en-us,Night4_Side2,Player,La sua paura è infinitamente più battibile. Quindi si deve tirare su. Gli faccia da esempio.
116,61,en-us,Night4_Side2,,"Il tizio mi scruta a disagio, ma noto una piccola scintilla di fiducia che gli si accende negli occhi."
116,62,en-us,Night4_Side2,Jogger,"A meno che non arrivi una specie di miracolo, non c’è niente che io possa fare per aiutare mio figlio."
116,63,en-us,Night4_Side2,Player,Stronzate. Le resta ancora tempo per stare insieme. Ne faccia la vita più bella che non ha mai avuto.
116,64,en-us,Night4_Side2,,"Noto un cambiamento nella sua faccia malinconica. Si alza con la schiena dritta, come se avesse recuperato un po’ della determinazione perduta."
116,65,en-us,Night4_Side2,,Annuisce e riparte di corsa dritto verso i suoi problemi. Io mi incammino nella direzione opposta.
116,66,en-us,Night4_Side2,,"Anche se magari rimpiangerò questa prova di astinenza più tardi, quel poco di umanità che resta dentro il mio cuore rinsecchito mi spinge a pensare che lasciar andare quel tizio sia stata la cosa giusta."
116,68,en-us,Night4_Side2,Player,"Ehi, ehm..."
116,69,en-us,Night4_Side2,,"Si asciuga distrattamente le lacrime dalle guance.
"
116,70,en-us,Night4_Side2,Julia_doubtCross,...per caso lei scrive per il Bronx Times?
116,71,en-us,Night4_Side2,,"Il suo sorriso breve ma sincero mi coglie di sorpresa. Non si aspettava di essere riconosciuto, di certo non da una ragazza a caso in piena notte."
116,72,en-us,Night4_Side2,Jogger,"Sì, come fa a saperlo? Non mi sembra un’appassionata di baseball."
116,73,en-us,Night4_Side2,,Quindi è un giornalista sportivo. Mi metto in faccia il sorriso più finto che ho. Ora di sparare balle.
116,74,en-us,Night4_Side2,Player,"Be’, ha indovinato. Anch’io sono una giornalista. Credo di averla vista una volta quando sono andata da Jonah in ufficio. Lavora con lui, giusto?"
116,75,en-us,Night4_Side2,Jogger,Sì... si può dire così. 
116,76,en-us,Night4_Side2,,Il suo conflitto interiore sembra piuttosto evidente.
116,77,en-us,Night4_Side2,Jogger,A dire il vero scrivo anche quasi tutta la roba sua.
116,78,en-us,Night4_Side2,,Bingo.
116,79,en-us,Night4_Side2,Julia_angry,"Sul serio? Quel fannullone non cambierà mai. Se non fosse un tale leccaculo, dalla sua comoda poltrona lo sbatterebbero fuori in un attimo."
116,80,en-us,Night4_Side2,Jogger,Caspita. È come se mi avesse letto nel pensiero.
116,81,en-us,Night4_Side2,Player,"Già… comunque. Non voglio trattenerla. Continui così, si merita di meglio."
116,82,en-us,Night4_Side2,Jogger,"Dice? Fa piacere sentirlo. Però, ehm, non vorrei permettermi, ma è tardi, e questo posto non è esattamente..."
116,83,en-us,Night4_Side2,,All’improvviso l’idea di rivolgergli la parola mi paralizza. Sparo la prima cosa che mi passa per la testa.
116,84,en-us,Night4_Side2,Player,"Credo di essermi persa. Vago da tipo un’ora, ma non riesco a ritrovare la strada per la, ehm... Golf House."
116,85,en-us,Night4_Side2,,Parlato come una vera damigella in pericolo. Porca puttana.
116,86,en-us,Night4_Side2,,L’uomo mi guarda con sospetto. Ha ancora gli occhi lucidi.
116,87,en-us,Night4_Side2,Jogger,"Si è persa a Van Cortlandt da sola, in piena notte? E per giunta da sobria?"
116,88,en-us,Night4_Side2,Player,Sì… dovevo schiarirmi le idee. I miei amici mi avevano detto che una passeggiata di mezzanotte per Van Cortlandt Park può essere piuttosto catartica.
116,89,en-us,Night4_Side2,,Amici. Come no. Lui lo coglie al volo.
116,90,en-us,Night4_Side2,Jogger,"Be’, certi amici… è sicura che non stessero cercando di farle uno scherzo? Le apro una mappa…"
116,91,en-us,Night4_Side2,,Mi mostra il telefono. Faccio appena in tempo a intravedere la faccia di un bambino sorridente sulla schermata di blocco prima che cominci a sfarfallare.
116,92,en-us,Night4_Side2,Jogger,Ma che...
116,93,en-us,Night4_Side2,,Cazzo. La foto mi ha fatta sporgere troppo vicino. 
116,94,en-us,Night4_Side2,Jogger,Un minuto fa funzionava… la mia solita fortuna.
116,95,en-us,Night4_Side2,,"Il podista lotta un po’ con il telefono, ignaro di cosa - o meglio, di chi - abbia causato il guasto. Butta fuori un sospiro rassegnato."
116,96,en-us,Night4_Side2,Jogger,"Lasciamo perdere. Non ci serve davvero. Segua questo sentiero e continui dritta al bordo del campo, là. Alla prima occasione giri a sinistra, poi ancora a sinistra, e oltre la fontana."
116,97,en-us,Night4_Side2,Player,Sembra abbastanza facile. Grazie.
116,98,en-us,Night4_Side2,,Si mette in tasca il telefono temporaneamente inutile e si alza dalla panchina.
116,99,en-us,Night4_Side2,Jogger,Si figuri.
116,100,en-us,Night4_Side2,,Dare alla gente consigli che io per prima non riuscirei ad ascoltare. Ma certo. Io in purezza. 
116,101,en-us,Night4_Side2,,"Be’, indovinare cosa la gente vuole o ha bisogno di sentirsi dire era una capacità essenziale al Lodestar."
116,102,en-us,Night4_Side2,Player,"Comunque, da parte mia è tutto. Ha ragione, ho oltrepassato il limite. Ma auguro a entrambi tutta la fortuna del mondo. Sinceramente. "
116,103,en-us,Night4_Side2,Player,Buona notte.
116,104,en-us,Night4_Side2,Player,"Sì, non si preoccupi per me, c’è qualcuno che mi viene a prendere a due passi da qui. Ci si vede."
116,105,en-us,Night4_Side2,Jogger,"Senz’altro. Ah, e… grazie."
118,1,en-us,MQ4_NightStart,,Lascio l’appartamento di Dakota appena tramonta il sole.
118,2,en-us,MQ4_NightStart,,"Ieri è stato divertente, ma mi innervosisco sempre un po’ quando passo troppo tempo con lei. Non mi lascia mai sfuggire dall’essere il centro dell’attenzione. È estenuante."
118,3,en-us,MQ4_NightStart,,"Almeno, meno tempo passo con lei, più è felice di rivedermi. Però è un equilibrio delicato da tenere."
118,4,en-us,MQ4_NightStart,,"Sono grata della sua presenza nella mia vita, ma… lascia stare."
118,5,en-us,MQ4_NightStart,,"Cosa c’è sulla mia lista di incombenze stanotte? Ah, sì, una cosa sola: «Non presentarti alla festa a The Art Hole»."
118,6,en-us,MQ4_NightStart,,"Be’, è una di quelle rare notti in cui non ho niente da fare. Tanto vale farsi un giro per la città e vedere che aria tira."
118,7,en-us,MQ4_NightStart,,"E magari prepararmi un bel drink, già che ci sono."
119,1,en-us,MQ4_NightEnd,,Direi che di interazione umana per stanotte ne ho avuta abbastanza. 
119,2,en-us,MQ4_NightEnd,,Ancora una volta al Big Beat Burger. Dentro l’ultimo fast food che conoscerò mai.
119,3,en-us,MQ4_NightEnd,Player,Prendo il solito.
119,4,en-us,MQ4_NightEnd,,"La prima volta che ho usato questa frase non ero sicura che funzionasse, ma ormai ho guadagnato abbastanza notorietà tra il personale. La cassiera sorride, annuisce e mi batte un caffè nero."
119,5,en-us,MQ4_NightEnd,,Me li immagino mentre istruiscono i nuovi. «Vedi quella tipa emo strana? Funziona così: ordina sempre un solo caffè. Nient’altro. E non lo beve nemmeno.»
119,6,en-us,MQ4_NightEnd,,Probabilmente non ne berrei un sorso nemmeno da viva. Questa roba è solo... spazzatura. Ma almeno essere una cliente pagante mi dà una scusa per restare seduta qui quanto voglio.
119,7,en-us,MQ4_NightEnd,,"Vorrei poter usare uno di quei totem per le ordinazioni, così da ridurre al minimo il contatto umano, ma i touch screen non è che mi amino. Non molto tempo fa sono riuscita a mandarne dieci di fila in schermata blu."
119,8,en-us,MQ4_NightEnd,,Vabbè. La buona notizia è che pare che stanotte non abbia niente da fare.
119,9,en-us,MQ4_NightEnd,,La cattiva notizia è che il motivo è che ogni Fratello che conta si sta divertendo a The Art Hole proprio adesso.
119,10,en-us,MQ4_NightEnd,,Non è che volessi andarci. Volevo solo che mi invitassero per poterli mandare affanculo.
119,11,en-us,MQ4_NightEnd,,...
119,12,en-us,MQ4_NightEnd,,Scruto l’ingresso del locale con la coda dell’occhio.
119,13,en-us,MQ4_NightEnd,,Sto ingenuamente sperando che qualcuno venga a salvarmi da questa miseria? Direi di sì. 
119,14,en-us,MQ4_NightEnd,,"Ti prego, ti prego, ti prego, che qualcuno venga a tirarmi fuori di qui."
119,15,en-us,MQ4_NightEnd,,Un principe.
119,16,en-us,MQ4_NightEnd,,Una principessa.
119,17,en-us,MQ4_NightEnd,,Un cavaliere dalla lucente armatura. Una fata madrina. Un cacciatore di passaggio. Il lupo cattivo. Milla Jovovich. Vin Diesel. Azealia Banks. 
119,18,en-us,MQ4_NightEnd,,"Cavolo, a questo punto mi va bene chiunque."
119,19,en-us,MQ4_NightEnd,,…
119,20,en-us,MQ4_NightEnd,,Visualizzo… attingo al potere del mio subconscio… materializzo i miei sogni...
119,21,en-us,MQ4_NightEnd,,…
119,22,en-us,MQ4_NightEnd,,No. Non funziona.
119,23,en-us,MQ4_NightEnd,,"Pare che tu sia bloccata per l’eternità a fare la nessuno nell’angolo di un locale di merda, dolce piccola Julia. La non-vita è una stronza, e poi non muori nemmeno."
119,24,en-us,MQ4_NightEnd,,Per un po’ fingo di leggere un libro di psicoanalisi che ho rubato a Dakota. 
119,25,en-us,MQ4_NightEnd,,"Trovandolo troppo impegnativo, passo a fingere di leggere un libro di Stephen King, anche quello rubato a Dakota."
119,26,en-us,MQ4_NightEnd,,"Dopo la terrificante scoperta che è stato scritto negli ultimi quindici anni e quindi non contiene divertenti sproloqui sotto acidi su infanzie difficili nel Maine, torno a fissare l’ingresso."
119,27,en-us,MQ4_NightEnd,,"(Quella festa dev’essere soffocante, trash e noiosissima.)"
119,28,en-us,MQ4_NightEnd,,A questo punto non cerco più la salvezza. Chiedo un po’ di divertimento.
119,29,en-us,MQ4_NightEnd,,"Ma non arriva. Tutto quello che ottengo sono noiosi pagliacci vestiti normcore. Entrano, sbrigano le loro faccende senza fare niente che mi diverta, ed escono."
119,30,en-us,MQ4_NightEnd,,"Qualche minuto dopo che ho perso ogni speranza, un uomo alto ed elegante entra a passo deciso."
119,31,en-us,MQ4_NightEnd,,"Si guarda intorno, impaziente, irritato. Poi nota la persona che cercava e reagisce con evidente sollievo."
119,32,en-us,MQ4_NightEnd,,"Si avvicina galantemente al mio tavolo, mi guarda e dice..."
119,33,en-us,MQ4_NightEnd,QadirShadows,Eccoti.
119,34,en-us,MQ4_NightEnd,,Ecco una cosa curiosa. Non dovrebbe essere qui.
119,35,Menu Text en-us,MQ4_NightEnd,Julia_baseCross,...fata madrina?
119,36,en-us,MQ4_NightEnd,Julia_baseCross,Che succede? Sei qui per fare la mia fata madrina?
119,37,en-us,MQ4_NightEnd,,"Il mio stupido tentativo di divertirmi da sola non lo scalfisce minimamente. Non alza nemmeno gli occhi al cielo, mi fissa e basta, inespressivo."
119,38,en-us,MQ4_NightEnd,QadirShadows,Prendi le tue cose e sali in macchina. Subito.
119,39,en-us,MQ4_NightEnd,,Il tono non lascia spazio a dubbi. È successo qualcosa di brutto. 
119,40,en-us,MQ4_NightEnd,,"Vorrei chiedere cosa, ma quando è in modalità «ignorerò semplicemente tutte le stupidaggini che dici» so che è meglio non fare domande."
119,41,en-us,MQ4_NightEnd,,Invece lo seguo in silenzio verso l’uscita. Mi accompagna alla sua macchina.
119,42,en-us,MQ4_NightEnd,,"Spero solo di non aver combinato niente. Di nuovo. Non credo, ma… l’ho fatto?"
119,43,en-us,MQ4_NightEnd,,La macchina di Qadir. Come sempre mi ha messa dietro. È sempre a disagio quando il sedile del passeggero è occupato. Dice che non vuole nessuno a limitargli la visione periferica.
119,44,en-us,MQ4_NightEnd,,"Di solito lo beccherei a osservarmi nello specchietto retrovisore, ma stavolta guarda le strade. Più teso del solito. Dev’essere successo qualcosa che l’ha colto alla sprovvista. "
119,45,en-us,MQ4_NightEnd,PlayerNoPic,Cintura allacciata e popcorn pronti. Che succede?
119,46,en-us,MQ4_NightEnd,,Il silenzio imbarazzato sembra destinato a durare per sempre.
119,47,en-us,MQ4_NightEnd,,Alla fine trova le parole giuste e parla.
119,48,en-us,MQ4_NightEnd,Qadir_nopic,Sei settimane fa il Principe mi ha detto di… trattare con gli [14;Anarchici] ai moli. Ricordi?
119,49,en-us,MQ4_NightEnd,PlayerNoPic,"Sì, e mi hai fatta venire con te perché imparassi qualcosa di politica. A quanto pare «politica» voleva dire una cosa terribilmente simile a guardare i miei parenti ubriachi che si urlano addosso a un matrimonio."
119,50,en-us,MQ4_NightEnd,Qadir_nopic,"C’era un uomo che non aveva bisogno di urlare per farmi ribollire il sangue. Il più cattivo nella stanza, il loro capo. Capelli bianchi, un monocolo, abiti stantii."
119,51,en-us,MQ4_NightEnd,BossCallihan,...con questa cazzo di troia polacca...
119,52,en-us,MQ4_NightEnd,PlayerNoPic,"Zio Paperone. Già, come dimenticarlo. Un sacco di pompa, spacconate d’altri tempi e insulti sessisti scagliati contro di me."
119,53,en-us,MQ4_NightEnd,PlayerNoPic,"Come si chiamava? Qualcosa di britannico, mi faceva pensare a Hollywood... Callahan? "
119,54,en-us,MQ4_NightEnd,Qadir_nopic,[49;Barone] Callihan. Douglas «Boss» Callihan. 
119,55,en-us,MQ4_NightEnd,PlayerNoPic,"Giusto. Siamo nel 2020, ma le opinioni e le idee di quell’uomo erano ferme al 1920. Gli Anarchici non dovevano essere l’opzione progressista? Non ho mai capito perché lo sopportassero."
119,56,en-us,MQ4_NightEnd,Qadir_nopic,"Ha i suoi modi per prevedere da che parte tirerà il vento. Ogni volta che la Camarilla o la SI colpivano gli Anarchici, a rimetterci erano le fazioni a lui contrarie. Il bastardo più fortunato del mondo."
119,57,en-us,MQ4_NightEnd,PlayerNoPic,Pensavo non credessi nella fortuna.
119,58,en-us,MQ4_NightEnd,Qadir_nopic,Infatti no. Ma pare proprio che stanotte la sua fortuna sia finita.
119,59,en-us,MQ4_NightEnd,,Eh.
119,60,en-us,MQ4_NightEnd,PlayerNoPic,Aspetta. Non dirmi che…
119,61,Menu Text en-us,MQ4_NightEnd,PlayerNoPic,Andiamo a ucciderlo?
119,62,Menu Text en-us,MQ4_NightEnd,PlayerNoPic,È morto?
119,63,Menu Text en-us,MQ4_NightEnd,PlayerNoPic,Se ne sono liberati gli Anarchici?
119,64,en-us,MQ4_NightEnd,PlayerNoPic,Quindi mi stai dicendo che stiamo andando nel suo ufficio… per ucciderlo?
119,65,en-us,MQ4_NightEnd,Qadir_nopic,Cosa? Ma... Cosa? No. Assolutamente no.
119,66,en-us,MQ4_NightEnd,,Pare che abbia sbagliato bersaglio. Di parecchio.
119,67,en-us,MQ4_NightEnd,Qadir_nopic,"Anche se, e sarebbe un grosso «se», un’idea del genere non fosse completamente opposta a tutto quello che il Principe Panhard ha fatto negli ultimi anni…"
119,68,en-us,MQ4_NightEnd,,Il tono suona come se si stesse rivolgendo a una bambina particolarmente ottusa. Il bello è che probabilmente me lo merito.
119,69,en-us,MQ4_NightEnd,Qadir_nopic,...non ce ne sarebbe alcun bisogno. Quell’uomo ha cessato di esistere.
119,70,en-us,MQ4_NightEnd,PlayerNoPic,Aspetta. È morto? Più morto di morto?
119,71,en-us,MQ4_NightEnd,Qadir_nopic,Al 99% quel bastardo ha incontrato la sua Morte Ultima.
119,72,en-us,MQ4_NightEnd,PlayerNoPic,È morto? Più morto di morto?
119,73,en-us,MQ4_NightEnd,PlayerNoPic,Se ne sono liberati gli Anarchici?
119,74,en-us,MQ4_NightEnd,,Un ghigno malvagio.
119,75,en-us,MQ4_NightEnd,Qadir_nopic,"Forse. Forse no. Non conosco i dettagli, ma so per certo che non c’è più. "
119,76,en-us,MQ4_NightEnd,PlayerNoPic,Wow. Non c’è più nel senso che è morto? Più morto di morto?
119,77,en-us,MQ4_NightEnd,PlayerNoPic,Come fai a saperlo?
119,78,en-us,MQ4_NightEnd,Qadir_nopic,Abbiamo fonti affidabili nelle cerchie interne degli Anarchici. Pare che stia per scatenarsi l’inferno. C’è una riunione d’emergenza a The Art Hole.
119,79,en-us,MQ4_NightEnd,PlayerNoPic,Cristo. E porti me con te? Perché?
119,80,en-us,MQ4_NightEnd,Qadir_nopic,Perché eri sulla strada. Perché potevo. Perché dovevo.
119,81,en-us,MQ4_NightEnd,Qadir_nopic,"Sarai anche irrilevante per i membri della Corte, ma resti una risorsa per la setta. Simbolicamente, almeno. Posso giustificare di averti infilata alla festa dicendo che è per la tua protezione."
119,82,en-us,MQ4_NightEnd,PlayerNoPic,La mia dolce fata madrina in carrozza di lusso.
119,83,en-us,MQ4_NightEnd,Qadir_nopic,Tsk.
119,84,en-us,MQ4_NightEnd,PlayerNoPic,Un attimo però. La festa… si fa ancora?
119,85,en-us,MQ4_NightEnd,Qadir_nopic,...
119,86,en-us,MQ4_NightEnd,Qadir_nopic,"...Ho chiamato il Principe, le ho detto che la cosa migliore da fare è annullarla e ho cominciato a elencare i protocolli di sicurezza che ho preparato per situazioni del genere."
119,87,en-us,MQ4_NightEnd,Qadir_nopic,Mi ha interrotto a metà e mi ha detto che ne discuteremo faccia a faccia. 
119,88,en-us,MQ4_NightEnd,,Non sembra che fosse interessata.
119,89,en-us,MQ4_NightEnd,PlayerNoPic,"La festa è così importante, eh."
119,90,en-us,MQ4_NightEnd,Qadir_nopic,La politica. È la politica a essere così importante.
119,91,en-us,MQ4_NightEnd,,Non so se stia cercando di convincere me o se stesso.
119,92,en-us,MQ4_NightEnd,PlayerNoPic,E ancora una volta la politica suona terribilmente come un branco di stronzi festaioli che si urlano addosso.
119,93,en-us,MQ4_NightEnd,Qadir_nopic,Non preoccuparti. Questa non è il tipo di - come dovrei chiamarla? - «questione di governo» di cui ci occupiamo io e te. 
119,94,en-us,MQ4_NightEnd,PlayerNoPic,E come descriveresti le «questioni di governo» di cui ci occupiamo noi?
119,95,en-us,MQ4_NightEnd,Qadir_nopic,…
119,96,en-us,MQ4_NightEnd,Qadir_nopic,...spalare merda per tirarcene fuori.
119,97,en-us,MQ4_NightEnd,,"Come al solito sembra un po’ imbarazzato per aver detto una parolaccia. O per essere stato troppo onesto. In ogni caso, è tenero."
119,98,en-us,MQ4_NightEnd,PlayerNoPic,Non ho niente da obiettare.
119,99,en-us,MQ4_NightEnd,,Ed è lì che la conversazione finisce. Restiamo in silenzio mentre la macchina corre verso l’ignoto. 
119,100,en-us,MQ4_NightEnd,BossCallihan,"Non sono «un Barone di New York». «Il Barone di New York», se non le dispiace."
119,101,en-us,MQ4_NightEnd,,"Sayonara, stronzo."
119,102,en-us,MQ4_NightEnd,,"Ed eccomi qui, nell’unico posto che non mi aspettavo di visitare stanotte. The Art Hole."
119,103,en-us,MQ4_NightEnd,,"A giudicare dai suoni, dentro sembra… vivace. Anche sapendo che è un’emergenza, semplicemente non gliene importa niente."
119,104,en-us,MQ4_NightEnd,QadirShadows,Che ci fai lì impalata? Ti serve ancora un invito?
119,105,en-us,MQ4_NightEnd,Player,Non ne ho idea. Mi serve?
119,106,en-us,MQ4_NightEnd,QadirShadows,Credo che il buttafuori ti farà entrare.
119,107,en-us,MQ4_NightEnd,Julia_doubtCross,C’è un buttafuori?
119,108,en-us,MQ4_NightEnd,QadirShadows,"Sì, ed è in piedi proprio davanti a te. Comincia a camminare, marmocchia."
119,109,en-us,MQ4_NightEnd,,"Ed eccomi qui, in mezzo alle élite in festa. È soffocante e noioso come mi aspettavo, ma ehi, almeno è esclusivo."
119,110,en-us,MQ4_NightEnd,,Il titolo che Panhard ha inventato per questi raduni annuali è «Celebrazioni del Potere». «Un invito a riesaminare il rapporto tra i nostri corpi non morti e gli spazi che abitano.»
119,111,en-us,MQ4_NightEnd,,"L’evento, che dura una settimana, è confezionato come una specie di performance artistica, pensata per far celebrare ai Fratelli coinvolti il proprio potenziale invece di disperarsi per la propria natura mostruosa."
119,112,en-us,MQ4_NightEnd,,"«Dobbiamo contrapporre alle onnipresenti immagini del vampirismo tragico immagini che ci ricordino che abbiamo ereditato la Terra, e che siamo liberi di rifarla a nostra immagine», è come la mette il nostro Principe."
119,113,en-us,MQ4_NightEnd,,"A questo scopo organizza una serie di mostre, concerti, fuochi d’artificio, feste, incontri d’affari, eccetera eccetera. Ovviamente le feste e gli incontri d’affari sono i più importanti."
119,114,en-us,MQ4_NightEnd,QadirShadows,Mio Principe.
119,115,en-us,MQ4_NightEnd,HelleneShadows,Qadir. Finalmente.
119,116,en-us,MQ4_NightEnd,,Una santa con ali angeliche. Una patrona di New York. 
119,117,en-us,MQ4_NightEnd,,"Mi guardo bene intorno. Metà delle figure qui è vestita come per un ballo in maschera; l’altra metà sono figure religiose, demoniache o sante. "
119,118,en-us,MQ4_NightEnd,,"Devo ammettere che il tema non lo capisco fino in fondo. So che Panhard l’ha basato sulla «psicomagia», «una specie di psicoterapia sciamanica che usa il potere dell’arte». "
119,119,en-us,MQ4_NightEnd,,"In parole povere, è Santa Messa e Messa Nera in parti uguali. Una serie di rituali pensati per far accettare ai partecipanti, senza riserve, di essere insieme il peggio e il meglio che questa Terra abbia da offrire."
119,120,en-us,MQ4_NightEnd,HelleneShadows,Almeno mettiti questa maschera. Dai troppo nell’occhio.
119,121,en-us,MQ4_NightEnd,QadirShadowsMasked,...ecco.
119,122,en-us,MQ4_NightEnd,,"Ho sentito dire che la base estetica di queste feste è la messa nera del film Eyes Wide Shut. Alcuni pensano che questa scelta significhi che Panhard è sorda al contesto, ma è vero il contrario."
119,123,en-us,MQ4_NightEnd,,Sa che gli Anarchici cercano di continuo modi per minarla attraverso arte e retorica che mettano in luce le contraddizioni lampanti del suo governo teoricamente benevolo.
119,124,en-us,MQ4_NightEnd,,"Ma invece di negare e reprimere l’estetica pensata per criticare le élite, se ne appropria. Invece di rischiare un effetto Streisand, cava i denti all’opposizione."
119,125,en-us,MQ4_NightEnd,,"La resistenza diventa parte del sistema, e sia la Camarilla che gli Anarchici ricevono lo stesso messaggio: «Non pensatela come una patologia. Pensatela come la nuova normalità.»"
119,126,en-us,MQ4_NightEnd,QadirShadowsMasked,Vado a radunare i consiglieri principali...
119,127,en-us,MQ4_NightEnd,HelleneShadows,Gli è già stato detto di venire qui. Non credo che ci sia bisogno di tenere la riunione in un posto particolarmente appartato. La facciamo là.
119,128,en-us,MQ4_NightEnd,QadirShadowsMasked,...Ne è certa?
119,129,en-us,MQ4_NightEnd,HelleneShadows,"Assolutamente… un momento, quella dietro di lei è la signorina Sowinski?"
119,130,en-us,MQ4_NightEnd,Player,Buonasera…?
119,131,en-us,MQ4_NightEnd,QadirShadowsMasked,L’ho raccolta per strada venendo qui. Per via del suo ruolo di rappresentante Lasombra.
119,132,en-us,MQ4_NightEnd,,Di’ pure «ostaggio politico». Voialtri avete messo perfettamente in chiaro cosa succederà ai miei genitori a Chicago se vi vado contro.
119,133,en-us,MQ4_NightEnd,QadirShadowsMasked,"...Ho pensato che potesse diventare un bersaglio, e ho deciso di nasconderla a The Art Hole. Mettere tutte le uova nello stesso paniere mi semplifica il lavoro. Le cercherò un posto sicuro per la notte."
119,134,en-us,MQ4_NightEnd,ThomasArturoShadowsMasked,"Per adesso la tenga con sé, Al-Asmai. Il tempo stringe."
119,135,en-us,MQ4_NightEnd,,Non l’avevo sentito avvicinarsi. Bel completo.
119,136,en-us,MQ4_NightEnd,QadirShadowsMasked,Ne è assolutamente sicuro?
119,137,en-us,MQ4_NightEnd,ThomasArturoShadowsMasked,Ma certamente. Tutto quello che diciamo qui diventerà un segreto di Pulcinella nel giro di pochi minuti. Il Principe Panhard ha già preparato la comunicazione adeguata. 
119,138,en-us,MQ4_NightEnd,,Con la coda dell’occhio noto un vampiro anziano che accompagna una giovane umana alla moda verso il seminterrato. Condotta come un agnello al macello.
119,139,en-us,MQ4_NightEnd,,...Meglio non pensare troppo a fondo a cosa succede sotto questo posto.
119,140,en-us,MQ4_NightEnd,QadirShadowsMasked,"Prima che arrivino tutti, vorrei mettere in sicurezza il perimetro."
119,141,en-us,MQ4_NightEnd,ThomasArturoShadowsMasked,"Con calma, Al-Asmai. Tutti i protocolli di sicurezza di sua competenza sono già attivi. Io e il Principe abbiamo già mosso qualche pedina. La situazione è perlopiù sotto controllo."
119,142,en-us,MQ4_NightEnd,QadirShadowsMasked,«Perlopiù sotto controllo» non ha mai fatto dormire meglio nessuno. 
119,143,en-us,MQ4_NightEnd,ThomasArturoShadowsMasked,"Al-Asmai… so che come Spada del Principe smania per il sangue, ma deve accettare che, come quasi tutte le armi note all’uomo, è più efficace tenuta nel fodero. "
119,144,en-us,MQ4_NightEnd,QadirShadowsMasked,Adesso mi ascolti bene...
119,145,en-us,MQ4_NightEnd,Samira,"Sembra l’inizio di un’affascinante discussione filosofica, ma purtroppo sono costretta a interrompere. Principe Panhard?"
119,146,en-us,MQ4_NightEnd,,"All’improvviso Samira compare tra i due uomini, e la sua voce calma e composta cambia completamente l’atmosfera. Come ci si aspetta da una sedicente protettrice della pace."
119,147,en-us,MQ4_NightEnd,HelleneShadows,Samira. Spero che si stia divertendo?
119,148,en-us,MQ4_NightEnd,Samira,"A essere sincera, mi sento fuori posto. "
119,149,en-us,MQ4_NightEnd,,"Mi fa un cenno e un sorriso, probabilmente per farmi sapere che si consola nel non essere l’unica nella stanza a sentirsi un pesce fuor d’acqua."
119,150,en-us,MQ4_NightEnd,Samira,"Soprattutto adesso, visto che ho sentito dire che questa riunione è per chi ha un rango superiore al mio."
119,151,en-us,MQ4_NightEnd,HelleneShadows,"Sciocchezze. Abbiamo una questione delicata da discutere, che più avanti potrebbe richiedere un giudizio severo. Credo che capisca perché desideravo che fosse coinvolto un Figlio di Haqim."
119,152,en-us,MQ4_NightEnd,Samira,"Certamente. Cos’è quell’espressione che ha in faccia, Qadir?"
119,153,en-us,MQ4_NightEnd,,Si ricompone in fretta.
119,154,en-us,MQ4_NightEnd,QadirShadowsMasked,Guarda chi si unisce a noi.
119,155,en-us,MQ4_NightEnd,,"L’Alto Reggente della Cappella dei Cinque Distretti, Lady Aisling Sturbridge, si avvicina al nostro gruppo in un completo in cui non l’avrei mai immaginata, fingendo che sia tutto normalissimo."
119,156,en-us,MQ4_NightEnd,AislingShadowsHorns,"Principe Panhard. Lo Sceriffo, l’[45;Arpia], il Primogenito dei Banu Haqim… stiamo ancora aspettando qualcuno?"
119,157,en-us,MQ4_NightEnd,HelleneShadows,È quasi arrivato.
119,158,en-us,MQ4_NightEnd,Samira,"Splendi ancora più del solito, Aisling. "
119,159,en-us,MQ4_NightEnd,AislingShadowsHorns,"Adoro il tuo completo, Samira. Vorrei che il Principe avesse concesso lo stesso impegno anche a me."
119,160,en-us,MQ4_NightEnd,QadirShadowsMasked,Io invece sono contento che non l’abbia fatto. Adoro particolarmente quelle corna.
119,161,en-us,MQ4_NightEnd,AislingShadowsHorns,"Grazie per avermelo ricordato. Le ho messe su richiesta del Principe, ma credo che si sia divertita più che abbastanza."
119,162,en-us,MQ4_NightEnd,HelleneShadows,"No, non ancora… ah, vabbè, per ora può bastare. Ma non è ancora finita. Ho pagato caro per vederti così."
119,163,en-us,MQ4_NightEnd,,"Sia la voce di Qadir che quella del Principe si irrigidiscono ogni volta che tentano una battuta. Hanno chiaramente la testa altrove, e non in un posto felice. Arturo invece sembra tranquillo."
119,164,en-us,MQ4_NightEnd,AislingShadows,"Ognuno celebra il proprio potere a modo suo, immagino. Allora, di cosa si tratta?"
119,165,en-us,MQ4_NightEnd,HelleneShadows,"Un momento solo. Da questa parte, Addison!"
119,166,en-us,MQ4_NightEnd,,"Il famigerato portavoce della Camarilla si avvicina, spinto verso di noi su una sedia a rotelle dal suo servitore."
119,167,en-us,MQ4_NightEnd,AddisonServant,Hellene. Signori. Spero proprio che sia qualcosa di importante.
119,168,en-us,MQ4_NightEnd,,"Che tono autorevole. Visto che Payne non può comunicare normalmente, è il suo servitore a riferirci le sue parole, ed è abbastanza raffinato e snob da farmi credere di ascoltare la voce del suo padrone."
119,169,en-us,MQ4_NightEnd,AddisonServant,Carter non si unisce a noi?
119,170,en-us,MQ4_NightEnd,HelleneShadows,Mi ha avvisata per tempo che forse stanotte non ce l’avrebbe fatta. Gli ho mandato i dettagli.
119,171,en-us,MQ4_NightEnd,AddisonServant,"Allora dovrò trovare il tempo di vederlo più avanti. Trovare il tempo, cercare il tempo perduto, giuro che di questi tempi non faccio altro. E non basta mai. "
119,172,en-us,MQ4_NightEnd,HelleneShadows,"Immagino che adesso capisca perché ho insistito che questo evento durasse una settimana intera. Tanti ospiti illustri, molti dei quali da fuori città, ognuno meritevole di almeno qualche ora…"
119,173,en-us,MQ4_NightEnd,,La figura sulla sedia a rotelle agita la mano con impazienza. 
119,174,en-us,MQ4_NightEnd,AddisonServant,"Sì, sì. Andiamo dritti al punto, che ne dite?"
119,175,en-us,MQ4_NightEnd,QadirShadowsMasked,Potrebbe essere la mossa più saggia. Mio Principe?
119,176,en-us,MQ4_NightEnd,HelleneShadows,Arturo.
119,177,en-us,MQ4_NightEnd,ThomasArturoShadows,"Mio Principe. Signori. Lasciate che cominci sottolineando questi punti importanti: la situazione è ampiamente sotto controllo, le trattative sono in corso, e la situazione è più tesa che pericolosa. Siamo al sicuro."
119,178,en-us,MQ4_NightEnd,ThomasArturoShadows,"Lasciate che ripeta: Siamo. Al. Sicuro. Detto questo, ecco la grande notizia. Il Barone Callihan, di fatto capo degli Anarchici a New York, ha incontrato la sua Morte Ultima nel suo ufficio stanotte."
119,179,en-us,MQ4_NightEnd,Samira,…
119,180,en-us,MQ4_NightEnd,AislingShadows,…
119,181,en-us,MQ4_NightEnd,AddisonServant,...Come l’avete scoperto?
119,182,en-us,MQ4_NightEnd,QadirShadowsMasked,Abbiamo un buon amico vicino al suo ufficio. Le loro informazioni sono accuratissime.
119,183,en-us,MQ4_NightEnd,ThomasArturoShadows,Abbiamo anche stabilito un canale di trattativa con gli Anarchici. Ci hanno dato tutte le conferme che ci servivano.
119,184,en-us,MQ4_NightEnd,AislingShadows,La nostra Corte è stata coinvolta nella sua distruzione?
119,185,en-us,MQ4_NightEnd,,"La guardo incredula. E con me tutti gli altri. Non che lo stesso pensiero non mi sia passato per la testa, ma sbatterlo lì così..."
119,186,en-us,MQ4_NightEnd,AislingShadows,"Oh, risparmiatemi la sbandierata di virtù. Pensavo fossimo trasparenti qui. Non me ne frega niente se ci siamo occupati noi di Callihan o meno. Voglio solo avere un’idea chiara di quello con cui ho a che fare."
119,187,en-us,MQ4_NightEnd,AddisonServant,Sì. Una risposta chiara… serve anche a me.
119,188,en-us,MQ4_NightEnd,HelleneShadows,"Per quanto ne so, nessuno dei presenti ha ordinato la sua distruzione. Né vi ha partecipato. A meno che qualcuno non voglia confessare… è ora o mai più."
119,189,en-us,MQ4_NightEnd,,Ovviamente nessuno parla. Arturo finge di schiarirsi la gola. 
119,190,en-us,MQ4_NightEnd,ThomasArturoShadows,"È anche la nostra posizione ufficiale. L’organo di governo della Camarilla non c’entra niente, e a tutti gli effetti i suoi rivali Anarchici avevano più interesse di noi a toglierlo di mezzo."
119,191,en-us,MQ4_NightEnd,Samira,"Quell’interesse si manifesterà di sicuro in un modo, adesso. I suoi vecchi nemici lo isseranno a martire della causa."
119,192,en-us,MQ4_NightEnd,ThomasArturoShadows,"Sì, ed è per questo che purtroppo non possiamo lasciare gli Anarchici a sbrigarsela da soli. Per quanto vorremmo evitare di riconoscere la loro setta in qualsiasi modo, ci siamo offerti di assisterli in un’indagine ufficiale."
119,193,en-us,MQ4_NightEnd,,La faccia rugosa di Addison Payne si contrae leggermente.
119,194,en-us,MQ4_NightEnd,AddisonServant,"Una domanda sola. Vi rendete conto che quei cani bastardi non hanno alcun rispetto per le nostre [44;Tradizioni], vero?"
119,195,en-us,MQ4_NightEnd,HelleneShadows,"Ce ne rendiamo conto, Addison. Ma da politico veterano dovrebbe conoscere bene le parole «opposizione controllata»."
119,196,en-us,MQ4_NightEnd,ThomasArturoShadows,Sì. Per ora è impossibile contenere del tutto la minaccia Anarchica a New York. Per ora la nostra unica opzione è sostenere un candidato che offra la minima resistenza ai nostri piani futuri per la città.
119,197,en-us,MQ4_NightEnd,ThomasArturoShadows,"Tendiamo la mano al contendente più promettente, dandogli il modo di presentarsi come diplomatico, uomo del compromesso ragionevole. La marmaglia si allinea. I puristi si infuriano e si isolano.  "
119,198,en-us,MQ4_NightEnd,HelleneShadows,"Abbiamo già contattato la persona migliore possibile nella loro setta. Sovrintenderà lui all’indagine, ed è nel suo interesse dimostrare di saper risolvere la situazione con calma. È abbastanza?"
119,199,en-us,MQ4_NightEnd,,"Addison riflette sulla domanda per un po’, poi agita di nuovo la mano."
119,200,en-us,MQ4_NightEnd,AddisonServant,Lo è. Procedete.
119,201,en-us,MQ4_NightEnd,,Curioso. In questo momento nessuno mi sta prestando la minima attenzione.
119,202,en-us,MQ4_NightEnd,ThomasArturoShadows,"Tenga presente, signor Payne: la gente del nostro uomo continuerà a malapena a tollerarci. E la situazione è instabile. Le altre fazioni dentro quella misera scusa di setta potrebbero comunque provare a inasprire il conflitto. "
119,203,en-us,MQ4_NightEnd,QadirShadowsMasked,Farò del mio meglio per risolvere la situazione il prima possibile.
119,204,en-us,MQ4_NightEnd,ThomasArturoShadows,E come?
119,205,en-us,MQ4_NightEnd,,Qadir resta per un attimo spiazzato dalla domanda di Arturo.
119,206,en-us,MQ4_NightEnd,QadirShadowsMasked,"Mi offro volontario per coordinare il caso con gli Anarchici, ovviamente."
119,207,en-us,MQ4_NightEnd,HelleneShadows,Mi rifiuto. Hai doveri più importanti su cui concentrarti.
119,208,en-us,MQ4_NightEnd,,Ancora una volta Qadir resta di sasso.
119,209,en-us,MQ4_NightEnd,QadirShadowsMasked,"Con tutto il rispetto, Principe, ma se non mi ritiene in grado di affrontare questa faccenda e di occuparmi allo stesso tempo dei miei doveri abituali, credo che mi sottovaluti gravemente."
119,210,en-us,MQ4_NightEnd,HelleneShadows,"La sua inclinazione ad ammazzarsi di lavoro è nota e apprezzata da tutti in questa stanza, Sceriffo. Ma lo è anche il suo perfezionismo."
119,211,en-us,MQ4_NightEnd,HelleneShadows,"Se esaudissimo il suo desiderio e la lasciassimo indagare pur continuando ad assolvere gli obblighi di routine, può garantire di dare il meglio in entrambi i compiti?"
119,212,en-us,MQ4_NightEnd,QadirShadowsMasked,Posso garantire qualcosa di molto vicino al mio meglio.
119,213,en-us,MQ4_NightEnd,ThomasArturoShadows,"Vicino al suo meglio non basta, Al-Asmai, non quando gli avvoltoi sono a caccia in massa. La distruzione di Callihan causerà di certo agitazione tra gli Anarchici, e c’è uno sfogo ovvio per la loro rabbia repressa."
119,214,en-us,MQ4_NightEnd,HelleneShadows,"Voglio che sia perfettamente chiaro: le celebrazioni ANDRANNO avanti come previsto, qualunque cosa accada. Ecco perché la sua presenza qui è assolutamente necessaria, Sceriffo. Contiamo sulla sua protezione costante."
119,215,en-us,MQ4_NightEnd,ThomasArturoShadows,"Certamente, mio Principe. Dobbiamo restare vigili per qualche giorno. La spada di Al-Asmai deve restare costantemente puntata sui nemici che ci circondano."
119,216,en-us,MQ4_NightEnd,QadirShadowsMasked,...
119,217,en-us,MQ4_NightEnd,AislingShadows,Il tempismo della distruzione del Barone è impeccabile... i capi Anarchici punteranno di sicuro il dito contro di noi e diranno che ne stiamo festeggiando la fine senza pudore. Qualcuno crede che sia solo un caso?
119,218,en-us,MQ4_NightEnd,Samira,"Gli omicidi sono faccende sporche. Quasi quanto la politica. È impossibile prevedere con certezza l’esito di un atto violento. Credo sarebbe saggio prepararci a un sacco di sfortunate coincidenze, Aisling. "
119,219,en-us,MQ4_NightEnd,ThomasArturoShadows,"In ogni caso, la marmaglia non deve avere l’impressione che le loro lotte di potere ci stiano molto a cuore. Ma non deve nemmeno pensare che abbiamo qualcosa da nascondere. Il che mi porta al punto."
119,220,en-us,MQ4_NightEnd,ThomasArturoShadows,"Ci serve un gesto simbolico, di intensità sapientemente calibrata. La mia proposta è un umile inviato diplomatico. Un funzionario di basso rango che faccia da investigatore. "
119,221,en-us,MQ4_NightEnd,QadirShadowsMasked,"La imploro, Principe…"
119,222,en-us,MQ4_NightEnd,HelleneShadows,Qadir.
119,223,en-us,MQ4_NightEnd,,"Si morde la lingua e fatica a ricomporsi. Raramente lo vedo perdere la calma, almeno quando c’è di mezzo la Camarilla. Cosa sta succedendo? "
119,224,en-us,MQ4_NightEnd,AddisonServant,"Mi domando quale sia la vostra proposta per questo ruolo. In fondo non è particolarmente prestigioso, ma comporta molta responsabilità. Parliamo pur sempre di un rappresentante della Camarilla."
119,225,en-us,MQ4_NightEnd,ThomasArturoShadows,"Oh, credo che ci sia un candidato piuttosto ovvio."
119,226,en-us,MQ4_NightEnd,,Sia lui che Qadir mi guardano contemporaneamente. E con loro tutti gli altri nella stanza.
119,227,en-us,MQ4_NightEnd,,Un attimo. Non può davvero intendere…
119,228,en-us,MQ4_NightEnd,ThomasArturoShadows,Signorina Julia… ancora una volta il suo cognome mi sfugge.
119,229,en-us,MQ4_NightEnd,,"Mi è concesso parlare? O dovrei aspettare il permesso? Prima che riesca a decidermi, lo Sceriffo sospira profondamente e prende la parola."
119,230,en-us,MQ4_NightEnd,QadirShadowsMasked,...Sowinski.
119,231,en-us,MQ4_NightEnd,ThomasArturoShadows,"Signorina Julia Sowinski, giusto. Mi risulta che prima dell’Abbraccio facesse la giornalista investigativa."
119,232,en-us,MQ4_NightEnd,Player,Ehm… È corretto.
119,233,en-us,MQ4_NightEnd,ThomasArturoShadows,"Tra gli altri, il Primogenito dei Banu Haqim ha insistito che lei sia degna di maggiori privilegi e che vada messa alla prova."
119,234,en-us,MQ4_NightEnd,,Samira squadra Arturo con sospetto.
119,235,en-us,MQ4_NightEnd,Samira,Sì.
119,236,en-us,MQ4_NightEnd,ThomasArturoShadows,Pensa ancora che ne sia capace?
119,237,en-us,MQ4_NightEnd,,Mi guarda dritto negli occhi. 
119,238,en-us,MQ4_NightEnd,,"Giuro che sta cercando di dirmi per telepatia «ti prego, ti prego, ti prego, non mandare tutto a puttane, stupida ragazzina bianca»."
119,239,en-us,MQ4_NightEnd,Samira,Certamente.
119,240,en-us,MQ4_NightEnd,ThomasArturoShadows,"Bene. E sono certo che lei, Al-Asmai, non abbia problemi con la sua protetta che si imbarca in questa missione? A parte il dolore che prova una madre nel guardare il figlio lasciare il nido?"
119,241,en-us,MQ4_NightEnd,QadirShadowsMasked,"Che ne abbia o meno non è particolarmente rilevante al momento, giusto?"
119,242,en-us,MQ4_NightEnd,HelleneShadows,Lo è eccome. 
119,243,en-us,MQ4_NightEnd,,L’appoggio di Panhard ad Arturo lo spiazza per un attimo. 
119,244,en-us,MQ4_NightEnd,QadirShadowsMasked,"Principe Panhard, io..."
119,245,en-us,MQ4_NightEnd,HelleneShadows,"Se il piano di Arturo è avventato, voglio che me lo dica. Mi serve un semplice sì o no. La ragazza ne è capace?"
119,246,en-us,MQ4_NightEnd,,Adesso sa di non avere scelta.
119,247,en-us,MQ4_NightEnd,QadirShadowsMasked,"Non le affiderei tutte le responsabilità che le affido, se non lo fosse."
119,248,en-us,MQ4_NightEnd,,"Si scambia uno sguardo con me, ma è diverso da quello di Samira. È come se stesse cercando di… scusarsi con me."
119,249,en-us,MQ4_NightEnd,ThomasArturoShadows,"Eccoci qua, allora. Una raccomandazione dal Primogenito dei Banu Haqim e dallo Sceriffo. "
119,250,en-us,MQ4_NightEnd,ThomasArturoShadows,"A dirla tutta stavo solo buttando lì delle idee, ma con questo appoggio non posso dubitare che la rappresentante del Clan della Notte porterà a termine il lavoro. Sono certo che tutti la pensiamo così. Signor Payne?"
119,251,en-us,MQ4_NightEnd,,"L’atmosfera nella stanza suggerisce soprattutto che siano contenti di non dover discutere oltre l’argomento. Un’alzata di spalle qui, uno sguardo distolto là."
119,252,en-us,MQ4_NightEnd,AddisonServant,È come dice lei. Osserverò con grande interesse il modo in cui gestirà la situazione.
119,253,en-us,MQ4_NightEnd,ThomasArturoShadows,"Bene, allora, signorina Sowinski. Pare che abbia la sua occasione per il grande salto."
119,254,Menu Text en-us,MQ4_NightEnd,Player,Ditemi solo cosa fare.
119,255,Menu Text en-us,MQ4_NightEnd,Player,Nessuno ha chiesto a me.
119,256,en-us,MQ4_NightEnd,Player,Ho delle condizioni.
119,257,en-us,MQ4_NightEnd,Player,...Sì. Indicatemi la direzione giusta e ditemi cosa fare.
119,258,en-us,MQ4_NightEnd,,"Inutile fingere che io abbia una scelta, no?"
119,259,en-us,MQ4_NightEnd,Player,E come mai nessuno mi ha chiesto se sono d’accordo?
119,260,en-us,MQ4_NightEnd,QadirShadowsMasked,Credi davvero di essere nella posizione di rifiutare?
119,261,en-us,MQ4_NightEnd,,"Guardo lui, guardo Arturo, guardo il Principe e so la risposta. "
119,262,en-us,MQ4_NightEnd,,"Posso rifiutare, certo. L’unico problema è che se lo faccio sono completamente fottuta."
119,263,en-us,MQ4_NightEnd,Player,Era una domanda retorica. Come quella che il signor Arturo si è dimenticato di fare. Credo solo che sarebbe stato educato da parte sua fingere che il mio consenso gli importasse.
119,264,en-us,MQ4_NightEnd,,Gli occhi di Arturo si stringono. Qadir cerca di trattenere un sorrisetto furbo che gli sale sulle labbra.
119,265,en-us,MQ4_NightEnd,QadirShadowsMasked,"Credo che la ragazza abbia ragione. Come ha detto lei stesso una volta, signor Arturo. È l’etichetta che ci distingue dagli animali."
119,266,en-us,MQ4_NightEnd,ThomasArturoShadows,"E va bene, allora. È d’accordo, signorina Sowinski?"
119,267,en-us,MQ4_NightEnd,,No. Andate all’inferno.
119,268,en-us,MQ4_NightEnd,Player,Certamente. Indicatemi solo la direzione giusta e ditemi cosa fare.
119,269,en-us,MQ4_NightEnd,Player,"«Grande salto» da solo non vuol dire granché. Io vedo solo una grande responsabilità messa sulle mie spalle. Cosa ci guadagno, esattamente?"
119,270,en-us,MQ4_NightEnd,,"Anche se di solito salterei al volo sull’occasione di rendermi utile, faccio la disinvolta."
119,271,en-us,MQ4_NightEnd,,"All’improvviso non solo tutti riconoscono la mia esistenza, ma credono che io sia in grado di risolvere un caso criminale delicato? Se una cosa sembra troppo bella per essere vera…"
119,272,en-us,MQ4_NightEnd,ThomasArturoShadows,"Non scendiamo nel volgare, suvvia. Ci guadagna il miglioramento della sua posizione a Corte."
119,273,en-us,MQ4_NightEnd,HelleneShadows,Sì. Potremo discutere i dettagli in base ai suoi risultati.
119,274,en-us,MQ4_NightEnd,,"...già, non hanno intenzione di darmi un cazzo. Ci mancherebbe."
119,275,en-us,MQ4_NightEnd,,"Non è che possa rifiutare, ma è una cosa di cui devo tenere conto mentre mi occupo di questo caso. Mi serve una posizione negoziale, se voglio cavarne qualcosa."
119,276,en-us,MQ4_NightEnd,Player,"...Sì, lo farò. Indicatemi solo la direzione giusta e ditemi cosa fare."
119,277,en-us,MQ4_NightEnd,ThomasArturoShadowsMasked,"Eccellente. Ci resta una sola questione, sulla quale spero possiamo trovarci d’accordo."
119,278,en-us,MQ4_NightEnd,,Il Principe Panhard fa un cenno a qualcuno con la mano. La figura emerge da dietro l’angolo.
119,279,en-us,MQ4_NightEnd,KatherineWiese,Buonasera. 
119,280,en-us,MQ4_NightEnd,AddisonServant,...Katherine. Che piacevole sorpresa. Nessuno ci aveva informati che fosse in città.
119,281,en-us,MQ4_NightEnd,KatherineWiese,Addison. In salute più che mai.
119,282,en-us,MQ4_NightEnd,AislingShadows,E Wiese cosa c’entra?
119,283,en-us,MQ4_NightEnd,HelleneShadows,Ci serve un osservatore imparziale che tutti rispettino. E si dà il caso che Katherine abbia sempre saputo farsi amici su entrambi i fronti senza far arrabbiare nessuno dei due.
119,284,en-us,MQ4_NightEnd,AislingShadows,Mi permetto di dissen--
119,285,en-us,MQ4_NightEnd,KatherineWiese,"Le sarei grata se, almeno per una volta, decidesse di non fare i capricci sul mio conto, Alto Reggente."
119,286,en-us,MQ4_NightEnd,,"Una smorfia dolorosa attraversa la faccia di Aisling, ma è pronta a interpretare la provocazione come l’invito a un gioco che non può vincere."
119,287,en-us,MQ4_NightEnd,AislingShadows,Purché riesca a rendersi utile in qualche modo ai lavori.
119,288,en-us,MQ4_NightEnd,Samira,"Se metà di quello che ho sentito su di lei dal signor Vanderweyden è vero, dovrebbe riuscirci."
119,289,en-us,MQ4_NightEnd,KatherineWiese,E cos’ha detto di me il povero Carter stavolta?
119,290,en-us,MQ4_NightEnd,Samira,Niente di preciso. Con lui bisogna sempre leggere tra le righe. Ma era soprattutto invidia.
119,291,en-us,MQ4_NightEnd,ThomasArturoShadows,"La signorina Wiese ha gentilmente accettato di mediare tra il rappresentante Anarchico e la rappresentante Lasombra, garantendo la collaborazione reciproca e attenuando i potenziali conflitti."
119,292,en-us,MQ4_NightEnd,,"Mi è sembrato un lapsus freudiano. «Rappresentante Lasombra», non «rappresentante della Camarilla». Cioè qualcuno che, se combina un guaio, si può catapultare fuori dalla setta senza troppi danni per la Torre d’Avorio?"
119,293,en-us,MQ4_NightEnd,Player,C’è già un incontro fissato?
119,294,en-us,MQ4_NightEnd,,Arturo guarda l’orologio dall’altra parte della stanza.
119,295,en-us,MQ4_NightEnd,ThomasArturoShadows,Tra meno di un’ora. Allora è meglio che si sbrighi.
119,296,en-us,MQ4_NightEnd,,Ma che diavolo.
119,297,en-us,MQ4_NightEnd,,Sta succedendo tutto così in fretta.
119,298,en-us,MQ4_NightEnd,QadirShadowsMasked,"Se la situazione è davvero sotto controllo, la accompagno io e sorveglio."
119,299,en-us,MQ4_NightEnd,ThomasArturoShadowsMasked,"Fuori discussione. Ha i suoi ordini, Sceriffo. Si occupi di quelli."
119,300,en-us,MQ4_NightEnd,QadirShadows,Sciocco. La ragazza ha bisogno di una guida.
119,301,en-us,MQ4_NightEnd,HelleneShadows,E noi della tua. Nessuno sa cosa potrebbe succedere adesso.
119,302,en-us,MQ4_NightEnd,QadirShadows,Ma--
119,303,en-us,MQ4_NightEnd,ThomasArturoShadows,"Non è che gli Anarchici la amino molto, Al-Asmai. È troppo efficiente nei suoi doveri perché la tollerino. Meglio risparmiare alla signorina Sowinski di farsi vedere insieme a lei."
119,304,en-us,MQ4_NightEnd,QadirShadows,...
119,305,en-us,MQ4_NightEnd,KatherineWiese,"Pensa che la mia guida per Julia sarebbe insufficiente, Qadir?"
119,306,en-us,MQ4_NightEnd,QadirShadows,Non ho mai detto questo.
119,307,en-us,MQ4_NightEnd,KatherineWiese,Allora ha obiezioni sul metterla sotto la mia tutela?
119,308,en-us,MQ4_NightEnd,,"Abbassa lo sguardo, ma sembra… rassicurato."
119,309,en-us,MQ4_NightEnd,QadirShadows,Nessuna.
119,310,en-us,MQ4_NightEnd,KatherineWiese,"È tutto quello che dovevo sentire. Noi andiamo, allora."
119,311,en-us,MQ4_NightEnd,HelleneShadows,"Non perde tempo, come al solito. Ha almeno assaggiato gli aperitivi?"
119,312,en-us,MQ4_NightEnd,KatherineWiese,"Aspettare è un gioco da vecchi, Hellene. Io mi sento ancora giovane."
119,313,en-us,MQ4_NightEnd,HelleneShadows,"Ricorda, se ti serve aiuto per qualsiasi cosa..."
119,314,en-us,MQ4_NightEnd,KatherineWiese,"Probabilmente no, ma apprezzo comunque il pensiero. Buona notte a tutti. Ti raggiungo più tardi, Addison."
119,315,en-us,MQ4_NightEnd,AddisonServant,Lo spero proprio.
119,316,en-us,MQ4_NightEnd,,"E così ce ne andiamo. Di corsa. Buffo, considerando cosa mi aveva detto ieri sull’avere fretta."
119,317,en-us,MQ4_NightEnd,,...
119,318,en-us,MQ4_NightEnd,KatherineWiese,Siamo arrivate.
119,319,en-us,MQ4_NightEnd,,"Ringrazia l’autista e mi fa scendere dall’auto in un quartiere tranquillo, da qualche parte nel Queens."
119,320,en-us,MQ4_NightEnd,Player,Sembrava avesse fretta.
119,321,en-us,MQ4_NightEnd,KatherineWiese,Non sopportavo la folla.
119,322,en-us,MQ4_NightEnd,,"È sincera. Probabilmente in modo studiato, giusto per entrare nelle mie grazie. Be’, funziona."
119,323,en-us,MQ4_NightEnd,Player,E perché mai?
119,324,en-us,MQ4_NightEnd,KatherineWiese,"Per esperienza, i raduni come quello favoriscono sempre una noiosa mentalità da branco. Tutte le solite bugie che ci raccontiamo per giustificare la brama di avere di più, ripetute fino alla nausea."
119,325,en-us,MQ4_NightEnd,Julia_doubtCross,E lei che bugie si racconta?
119,326,en-us,MQ4_NightEnd,,La sua aura si fa immediatamente più fredda. 
119,327,en-us,MQ4_NightEnd,KatherineWiese,"Hai problemi più grossi di cui preoccuparti, tesoro."
119,328,en-us,MQ4_NightEnd,,Vabbè. Almeno adesso so quanta confidenza posso prendermi con lei.
119,329,en-us,MQ4_NightEnd,Player,"A The Art Hole ha detto qualcosa sul guidarmi, ma io non ho la minima idea di cosa fare. Nessunissima."
119,330,en-us,MQ4_NightEnd,KatherineWiese,"Prima di arrivare qui ho dovuto prendere qualche accordo necessario al telefono, per assicurarmi che la tua bella testolina resti attaccata al collo. Per ora, almeno."
119,331,en-us,MQ4_NightEnd,Player,"Le sono grata, ma… mi sento comunque fuori dalla mia portata. Devo sapere cosa fare."
119,332,en-us,MQ4_NightEnd,KatherineWiese,"Ti guadagnavi da vivere facendo la giornalista investigativa, no? Indaga sull’omicidio."
119,333,en-us,MQ4_NightEnd,Player,"Nelle serie TV, quando una giornalista investigativa si avvicina troppo al cuore di un caso politicamente esplosivo, di rado finisce bene. Una testa di gatto sulla veranda, un proiettile in testa..."
119,334,en-us,MQ4_NightEnd,KatherineWiese,Quindi hai paura di essere una pedina in una partita che non capisci? Che i tuoi anziani ti considerino una risorsa sacrificabile? Che una sola mossa sbagliata possa costarti tutto quello a cui tieni?
119,335,en-us,MQ4_NightEnd,Player,"Direi che ci siamo, sì."
119,336,en-us,MQ4_NightEnd,KatherineWiese,"Be’, a sentirti, la tua situazione la capisci perfettamente."
119,337,en-us,MQ4_NightEnd,Julia_angry,Non mi prenda in giro. Mi serve il suo consiglio.
119,338,en-us,MQ4_NightEnd,KatherineWiese,"Sii quello che vuoi, ma non essere noiosa, Julia. Se volessi prenderti in giro ti avrei annegata di banalità già da un pezzo."
119,339,en-us,MQ4_NightEnd,KatherineWiese,"Conosci te stessa. Credi nella tua forza. Non fidarti di nessuno. Mostrati sicura. Gira la scacchiera e leggi nella mente dell’avversario. Leggi Sun Tzu e citalo di continuo. Dimmi, ti senti meglio adesso?"
119,340,en-us,MQ4_NightEnd,Julia_doubtCross,Posso chiederle una cosa?
119,341,en-us,MQ4_NightEnd,KatherineWiese,Visto che Mia non è ancora qui… Certamente.
119,342,en-us,MQ4_NightEnd,Julia_baseCross,Sa chi ha ucciso il Barone Callihan?
119,343,en-us,MQ4_NightEnd,KatherineWiese,Non ne ho la più pallida idea.
119,344,en-us,MQ4_NightEnd,Julia_baseCross,La sua morte l’ha toccata emotivamente?
119,345,en-us,MQ4_NightEnd,KatherineWiese,Per niente.
119,346,en-us,MQ4_NightEnd,Player,Lo conosceva?
119,347,en-us,MQ4_NightEnd,KatherineWiese,"Solo di sfuggita, temo. Mi aspettavo che perisse prima o poi, quindi non mi sono mai presa la briga di migliorare i nostri rapporti."
119,348,en-us,MQ4_NightEnd,Player,Perché mi sta aiutando?
119,349,en-us,MQ4_NightEnd,KatherineWiese,Davvero? Questo è tutto da vedere.
119,350,en-us,MQ4_NightEnd,Julia_doubtCross,In che senso?
119,351,en-us,MQ4_NightEnd,KatherineWiese,Non vuoi una risposta dolorosamente sincera.
119,352,en-us,MQ4_NightEnd,Julia_baseCross,Invece sì.
119,353,en-us,MQ4_NightEnd,,"Mi fissa. Il suo tono irriverente rende impossibile indovinare cosa provi, ancora più della maschera."
119,354,en-us,MQ4_NightEnd,KatherineWiese,"Quando ti guardo, vedo qualcuno di penoso. Qualcuno la cui [8;Fame] è puramente biologica, solo una scarica animalesca."
119,355,en-us,MQ4_NightEnd,KatherineWiese,"Quando ho visto nascere un piano per metterti in una situazione ben oltre le tue capacità, ho offerto il mio aiuto. Ero curiosa di vedere in prima persona la tua vera natura venire a galla."
119,356,en-us,MQ4_NightEnd,KatherineWiese,"Quando sarà tutto finito e l’assassino di Callihan sarà indicato, sarai un animale che guaisce o una vincitrice che si prende il bottino? Non vedo l’ora di scoprirlo."
119,357,en-us,MQ4_NightEnd,,"Non so cosa dire. Mi sta provocando, o…"
119,358,en-us,MQ4_NightEnd,KatherineWiese,Mia dovrebbe arrivare da un momento all’altro. Hai tempo per un’altra domanda.
119,359,Menu Text en-us,MQ4_NightEnd,Player,Cosa la rende importante?
119,360,Menu Text en-us,MQ4_NightEnd,Player,Chi è Mia?
119,361,en-us,MQ4_NightEnd,Julia_doubtCross,Cosa fa per avere tanto peso in questa città?
119,362,en-us,MQ4_NightEnd,KatherineWiese,Ho il mestiere più bello del mondo... e mi sono assicurata che nessuno lo faccia meglio di me.
119,363,en-us,MQ4_NightEnd,Julia_baseCross,E questo mestiere sarebbe...
119,364,en-us,MQ4_NightEnd,KatherineWiese,La socialite.
119,365,en-us,MQ4_NightEnd,KatherineWiese,E quella era la tua ultima domanda. Le altre rivolgile a lei.
119,366,en-us,MQ4_NightEnd,Julia_doubtCross,Chi è Mia?
119,367,en-us,MQ4_NightEnd,,"Scuote la testa, mezza delusa e mezza divertita."
119,368,en-us,MQ4_NightEnd,KatherineWiese,Davvero? Che noia. Guarda dietro di te. Ecco la tua risposta. 
119,369,en-us,MQ4_NightEnd,,Una donna più o meno della mia età sbuca dall’angolo della strada.
119,370,en-us,MQ4_NightEnd,MiaShadows,...
119,371,en-us,MQ4_NightEnd,,"Non l’ho mai incontrata, ma se dovessi descriverla in due parole basandomi solo sulla sua aura, direi «perennemente incazzata». Ancora più dell’Anarchico medio."
119,372,en-us,MQ4_NightEnd,MiaShadows,Tu devi essere Katherine Wiese.
119,373,en-us,MQ4_NightEnd,KatherineWiese,E tu devi essere Mia Morgan. Piacere di conoscerti.
119,374,en-us,MQ4_NightEnd,MiaShadows,Piacere mio. Questa è la tua ragazza?
119,375,en-us,MQ4_NightEnd,KatherineWiese,"Julia Sowinski, il Primogenito Lasombra."
119,376,en-us,MQ4_NightEnd,Player,La rappresentante Lasombra. 
119,377,en-us,MQ4_NightEnd,,La correggo automaticamente. A questo punto è un’abitudine.
119,378,en-us,MQ4_NightEnd,MiaShadows,"Bene. Se fossi un Primogenito, forse avrei provato ad ammazzarti qui e ora."
119,379,en-us,MQ4_NightEnd,KatherineWiese,Torque è ancora sul posto?
119,380,en-us,MQ4_NightEnd,MiaShadows,No. Gli ho detto che ci penso io da qui in avanti. 
119,381,en-us,MQ4_NightEnd,MiaShadows,Entro stanotte deve sembrare il candidato naturale alla guida degli Anarchici di New York. Ci vorrà un sacco di giri in macchina e di trattative.
119,382,en-us,MQ4_NightEnd,KatherineWiese,Come ha reagito trovando i resti di Callihan?
119,383,en-us,MQ4_NightEnd,MiaShadows,"Non è che si sia dilungato sui suoi sentimenti, ma immagino abbia reagito come ogni vero credente nella causa. È quel guazzabuglio complicato di tutti i sentimenti possibili sotto la luna."
119,384,en-us,MQ4_NightEnd,Julia_doubtCross,Quindi è stato il primo a vedere la scena dell’omicidio?
119,385,en-us,MQ4_NightEnd,MiaShadows,"Oh, quindi la chiami già scena dell’omicidio? La Torre d’Avorio sa qualcosa che noi non sappiamo?"
119,386,en-us,MQ4_NightEnd,Julia_baseCross,"Non è la posizione ufficiale, ma immagino che molti di loro pensino che sia Torque ad avere più da guadagnare dalla morte del Boss. E a quanto pare è svelto a cogliere le nuove occasioni."
119,387,en-us,MQ4_NightEnd,MiaShadows,Non lo conosci.
119,388,en-us,MQ4_NightEnd,Player,"No, ma mi piacerebbe molto incontrarlo e fargli qualche domanda. Soprattutto se è stato lui a trovare il corpo."
119,389,en-us,MQ4_NightEnd,MiaShadows,"Be’, se mai incontrerai Torque, non sarà stanotte. È troppo occupato."
119,390,en-us,MQ4_NightEnd,Player,Mi hanno assegnato l’indagine. Non riuscirò a farla come si deve se non posso interrogare un testimone chiave.
119,391,en-us,MQ4_NightEnd,MiaShadows,Farò in modo che ti riceva questa settimana.
119,392,en-us,MQ4_NightEnd,Player,«Questa settimana?» Le tensioni non sono un po’ troppo alte per rimandare un’indagine del genere?
119,393,en-us,MQ4_NightEnd,MiaShadows,"Be’, il lavoro di Torque è la nostra migliore possibilità di evitare che salgano ancora, quindi cazzi tuoi."
119,394,en-us,MQ4_NightEnd,MiaShadows,"Comunque sono il suo braccio destro. Se hai domande, falle a me."
119,395,en-us,MQ4_NightEnd,KatherineWiese,Forse fareste meglio ad andare all’ufficio di Callihan. La discussione qui non sembra prendere la direzione giusta. Né una particolarmente interessante.
119,396,en-us,MQ4_NightEnd,Julia_doubtCross,Lei non viene?
119,397,en-us,MQ4_NightEnd,KatherineWiese,Torque e te non siete le uniche ad avere il suo bel daffare stanotte. Confido che da qui in poi te la cavi.
119,398,en-us,MQ4_NightEnd,KatherineWiese,"E Mia – vacci piano con lei. In circostanze appena diverse, immagino che voi due sareste finite dalla stessa parte della barricata."
119,399,en-us,MQ4_NightEnd,MiaShadows,Mh-mh.
119,400,en-us,MQ4_NightEnd,Player,Si riguardi.
119,401,en-us,MQ4_NightEnd,,Torna verso la sua auto.
119,402,en-us,MQ4_NightEnd,MiaShadows,"Be’, seguimi. Ti mostro casa sua."
119,403,en-us,MQ4_NightEnd,,"È un ufficio in stile Ottocento. Classico, in legno, puzzolente. L’aria stantia di libri, mobili vecchi e polvere copre gran parte dell’odore di decomposizione, ma non tutto."
119,404,en-us,MQ4_NightEnd,,"È la prima volta che vedo i resti di un vampiro che ha incontrato la Morte Ultima. Ho sentito storie di Fratelli antichissimi che si sbriciolano in polvere, ma è un’esagerazione: qui almeno non è successo."
119,405,en-us,MQ4_NightEnd,,"Quando i Fratelli muoiono, il tempo li raggiunge. Se mi facessi fuori adesso, diventerei probabilmente un brutto cadavere che cola. Ma Callihan aveva ben più di un secolo. È come guardare una mummia elegante."
119,406,en-us,MQ4_NightEnd,,"Un corpo disseccato in un mucchio di abiti stantii. È tutto quel che resta del potente Boss Douglas Callihan, Barone Anarchico di New York... se è davvero lui."
119,407,en-us,MQ4_NightEnd,,"Inutile dirlo, stabilire l’ora o la causa della morte potrebbe essere un po’ difficile, tanto più che i suoi abiti non presentano danni evidenti."
119,408,en-us,MQ4_NightEnd,,Che bel punto di partenza.
119,409,en-us,MQ4_NightEnd,Player,Avete già trovato qualcosa di sospetto?
119,410,en-us,MQ4_NightEnd,MiaShadows,Niente che tu non abbia davanti agli occhi.
119,411,en-us,MQ4_NightEnd,,Mh-mh.
119,412,en-us,MQ4_NightEnd,Player,"Questa porta è l’unico accesso alla stanza, giusto?"
119,413,en-us,MQ4_NightEnd,MiaShadows,"Sì, se non conti le finestre. Ma nessuno tranne Callihan sapeva come manovrarle, e non lasciano passare né aria né luce."
119,414,en-us,MQ4_NightEnd,,"Serrande metalliche sulle finestre esposte a est. L’unico elemento moderno della stanza, stona da morire."
119,415,en-us,MQ4_NightEnd,,Sembrano automatizzate.
119,416,en-us,MQ4_NightEnd,Player,La porta era aperta quando Torque è arrivato?
119,417,en-us,MQ4_NightEnd,MiaShadows,"Ecco, quella è l’unica cosa sospetta. Non lo era. È come se Callihan si fosse chiuso dentro da solo."
119,418,en-us,MQ4_NightEnd,Julia_doubtCross,"Un omicidio in camera chiusa, eh."
119,419,en-us,MQ4_NightEnd,,C’è del vetro sparso sul pavimento. Lo indico.
119,420,en-us,MQ4_NightEnd,Julia_baseCross,Potrebbe venire dalla finestra?
119,421,en-us,MQ4_NightEnd,MiaShadows,L’ho controllata dall’esterno. È in condizioni perfette.
119,422,en-us,MQ4_NightEnd,Player,E allora cos’è questo vetro?
119,423,en-us,MQ4_NightEnd,MiaShadows,Non ne ho idea. 
119,424,en-us,MQ4_NightEnd,,"Perché ho la sensazione che abbia i suoi sospetti, ma resti poco collaborativa solo perché, ehm, «vaffanculo, feccia della Camarilla»?"
119,425,en-us,MQ4_NightEnd,,Controllo il punto d’interesse successivo. Una cassaforte a muro. Sorprendentemente grande.
119,426,en-us,MQ4_NightEnd,Player,Qual è la combinazione?
119,427,en-us,MQ4_NightEnd,MiaShadows,È di Callihan. Cosa ti fa pensare che io la sappia?
119,428,en-us,MQ4_NightEnd,,Almeno ci ho provato.
119,429,en-us,MQ4_NightEnd,,Una scrivania con sopra solo una busta. Vuota.
119,430,en-us,MQ4_NightEnd,,Controllo tutti i cassetti...
119,431,en-us,MQ4_NightEnd,,Sono stati svuotati accuratamente tutti quanti. Non so cosa mi aspettassi. È così che gli Anarchici mettono in sicurezza le scene del crimine?
119,432,en-us,MQ4_NightEnd,Player,Sono stati svuotati prima che arrivasse Torque?
119,433,en-us,MQ4_NightEnd,MiaShadows,Non lo so. Ma al posto tuo non lo accuserei di manomettere le prove.
119,434,en-us,MQ4_NightEnd,,"Be’, grazie tante."
119,435,en-us,MQ4_NightEnd,,"L’arredamento della stanza è piuttosto scarno, quindi non ci sono molti punti d’interesse che possano illuminare il caso. Comincio a innervosirmi."
119,436,en-us,MQ4_NightEnd,,Indico il quadro alla parete.
119,437,en-us,MQ4_NightEnd,Julia_angry,Ovviamente non hai idea di chi sia.
119,438,en-us,MQ4_NightEnd,MiaShadows,"Un antenato di Callihan, immagino?"
119,439,en-us,MQ4_NightEnd,,Sono a corto di idee. Tutto quello che guardo sembra un altro vicolo cieco.
119,440,en-us,MQ4_NightEnd,,Sono frustrata. Mi sembra di aver fallito questa indagine prima ancora che cominciasse. Ci dev’essere qualcos’altro.
119,441,en-us,MQ4_NightEnd,,"Comincio a girare per la stanza, cercando di trovare un solo indizio. Mia si limita a guardarmi con indifferenza."
119,442,en-us,MQ4_NightEnd,,Dammi qualcosa.
119,443,en-us,MQ4_NightEnd,,"Qualcosa, maledizione."
119,444,en-us,MQ4_NightEnd,,Qualcosa.
119,445,en-us,MQ4_NightEnd,,Qual...
119,446,en-us,MQ4_NightEnd,MQ4_Ghost_,...
119,447,en-us,MQ4_NightEnd,,"Un’ombra lampeggia dentro e fuori dall’esistenza, vicino ai resti di Callihan."
119,448,en-us,MQ4_NightEnd,,Mi blocco sul posto. 
119,449,en-us,MQ4_NightEnd,MiaShadows,Hai finito qui?
119,450,en-us,MQ4_NightEnd,,Non sembra che Mia l’abbia notata.  
119,451,en-us,MQ4_NightEnd,Player,Dammi solo un altro momento.
119,452,en-us,MQ4_NightEnd,,Borbotta sottovoce e torna a messaggiare con qualcuno sul telefono.
119,453,en-us,MQ4_NightEnd,,"Appena lo fa, l’ombra ricompare."
119,454,en-us,MQ4_NightEnd,MQ4_Ghost_,...
119,455,en-us,MQ4_NightEnd,,"Ancora una volta, appare e scompare. Ci… ci potrebbe essere qualcosa lì?"
119,456,en-us,MQ4_NightEnd,,Mi avvicino agli abiti e comincio a frugarli in cerca di un indizio. Magari si sono persi qualcosa…
119,457,en-us,MQ4_NightEnd,MiaShadows,"Cominci a disperarti, eh."
119,458,en-us,MQ4_NightEnd,Player,Sono solo scrupolosa.
119,459,en-us,MQ4_NightEnd,MiaShadows,Quel bastardo l’abbiamo perquisito tipo tre volte. Non aveva niente di interessante addosso…
119,460,en-us,MQ4_NightEnd,Player,E questo?
119,461,en-us,MQ4_NightEnd,,"Un bigliettino, quasi invisibile, che sembra una lista della spesa, è infilato in fondo a uno strappo quasi impercettibile nel tessuto."
119,462,en-us,MQ4_NightEnd,,Lo tiro fuori e lo mostro a Mia.
119,463,en-us,MQ4_NightEnd,MiaShadows,"Eh. Non ce l’avrai messo tu, vero?"
119,464,en-us,MQ4_NightEnd,Player,No. Tu?
119,465,en-us,MQ4_NightEnd,MiaShadows,Levati. Cosa c’è scritto?
119,466,en-us,MQ4_NightEnd,Player,È un elenco di quattro nomi. «D’Angelo. Hope. Agathon. Tamika.»
119,467,en-us,MQ4_NightEnd,MiaShadows,Mmh.
119,468,en-us,MQ4_NightEnd,Player,Hai idea di cosa significhi?
119,469,en-us,MQ4_NightEnd,MiaShadows,Boh.
119,470,en-us,MQ4_NightEnd,,"Sta mentendo, ma non m’importa. Domani notte incontrerò Qadir e gli chiederò di aiutarmi a capirci qualcosa."
119,471,en-us,MQ4_NightEnd,Player,Direi che qui ho finito.
119,472,en-us,MQ4_NightEnd,MiaShadows,Che la porta non ti sbatta sul culo mentre esci.
119,473,en-us,MQ4_NightEnd,,Immagino che mi veda solo come un’agente nemica. 
119,474,en-us,MQ4_NightEnd,Player,Quando potrò incontrare Torque?
119,477,en-us,MQ4_NightEnd,,"Si sta facendo tardi. O presto, dipende da come la si guarda. Appena lascio l’ufficio di Callihan vado dritta all’appartamento di Dakota."
119,478,en-us,MQ4_NightEnd,,"Provo a sgattaiolare in camera mia, ma lei è sveglia e mi aspetta."
119,479,en-us,MQ4_NightEnd,Dakota,Com’è andata la notte?
119,480,en-us,MQ4_NightEnd,,Merda.
119,481,en-us,MQ4_NightEnd,Julia_angry,Domani. 
119,482,en-us,MQ4_NightEnd,Dakota,Cos’è successo? Sembri uno straccio.
119,483,en-us,MQ4_NightEnd,Player,Domani. Te lo prometto.
119,484,en-us,MQ4_NightEnd,Dakota,Ma sono preoccupata.
119,485,en-us,MQ4_NightEnd,Player,Non esserlo. Domani.
119,486,en-us,MQ4_NightEnd,,"Mi rivolge uno sguardo preoccupato, poi chiude gli occhi, lascia cadere le spalle e aggrotta la fronte."
119,487,en-us,MQ4_NightEnd,Dakota,...va bene.
119,488,en-us,MQ4_NightEnd,Player,Sei la migliore.
119,489,en-us,MQ4_NightEnd,,Raggiungo la mia stanza buia pesta e mi butto sul letto.
119,490,en-us,MQ4_NightEnd,,Le responsabilità. La posta in gioco. Il modo in cui mi sento sempre troppo lenta a reagire come si deve in queste situazioni.
119,491,en-us,MQ4_NightEnd,,Non voglio pensare. Voglio spegnere il cervello. Voglio andare alla deriva nel vuoto.
119,492,en-us,MQ4_NightEnd,,Nel vuoto. Nel vuoto. Nel vuoto.
119,493,en-us,MQ4_NightEnd,,Ancora una volta mi torna in mente un vecchio stronzo convinto di poter governare il mondo.
119,494,en-us,MQ4_NightEnd,,"Be’, pare che il mondo se lo sia lasciato alle spalle."
119,495,en-us,MQ4_NightEnd,MiaShadows,"Se, e sarebbe un grosso «se», accetterà di vederti a quattr’occhi, te lo farà sapere Katherine. "
119,496,en-us,MQ4_NightEnd,MiaShadows,Probabilmente comunque non si farà vedere da un cagnolino fedele della Camarilla come te senza la sua supervisione. 
119,497,en-us,MQ4_NightEnd,,"Un cagnolino della Camarilla, eh."
119,498,en-us,MQ4_NightEnd,,"È una mossa rischiosa, ovvio, e potrebbe ritorcermisi contro… ma forse mi converrebbe mettere in dubbio la mia fedeltà alla Corte. "
119,499,Menu Text en-us,MQ4_NightEnd,Player,Un cagnolino della Camarilla? Non direi.
119,500,Menu Text en-us,MQ4_NightEnd,Player,(No. Non ne vale la pena.)
119,501,en-us,MQ4_NightEnd,Player,Un cagnolino della Camarilla? Ma per favore.
119,502,en-us,MQ4_NightEnd,MiaShadows,"Be’, non lo sei?"
119,503,en-us,MQ4_NightEnd,Player,"Fidati, non sono il tipo che morde la mano che la nutre… ma il passatempo preferito della Corte è tenermi affamata."
119,504,en-us,MQ4_NightEnd,MiaShadows,"Ah, quindi è così, eh."
119,505,en-us,MQ4_NightEnd,Player,Già.
119,506,en-us,MQ4_NightEnd,,Mi studia con attenzione.
119,507,en-us,MQ4_NightEnd,MiaShadows,"Me lo… terrò a mente, a seconda di come si mette la situazione."
119,508,en-us,MQ4_NightEnd,Player,"Bene. Nel frattempo, buona notte."
119,509,en-us,MQ4_NightEnd,MiaShadows,Anche a te.
119,510,en-us,MQ4_NightEnd,,"Ehh. Giocare su due tavoli suona come una ricetta per i guai, troppo rischioso e stressante. Passo."
119,511,en-us,MQ4_NightEnd,Player,"Capisco. Be’, buona notte."
119,513,en-us,MQ4_NightEnd,QadirShadows,...
119,514,en-us,MQ4_NightEnd,Julia_doubtCross,"Mi darai un vestito meraviglioso e mi accompagnerai alla festa? Oh, ma è già passata mezzanotte!"
119,515,Menu Text en-us,MQ4_NightEnd,Julia_baseCross,...lupo cattivo?
119,516,en-us,MQ4_NightEnd,Julia_baseCross,Attenti tutti… È arrivato il Lupo Cattivo. Soffierà e soffierà e la nostra casa abbatterà.
119,517,en-us,MQ4_NightEnd,QadirShadows,...
119,518,en-us,MQ4_NightEnd,Julia_doubtCross,"Perché mi pedini, Lupo? Sappi che non casco più nel travestimento da nonna."
119,519,Menu Text en-us,MQ4_NightEnd,Julia_baseCross,...Vin Diesel?
119,520,en-us,MQ4_NightEnd,Julia_baseCross,"Pare che le mie preghiere siano state esaudite. È arrivato Vin Diesel in persona, pronto a portarmi via da questo posto orrendo sulla sua scintillante Dodge Charger."
119,521,en-us,MQ4_NightEnd,QadirShadows,...
119,522,en-us,MQ4_NightEnd,Julia_doubtCross,Michelle Rodriguez è di nuovo nei guai? Hai fatto pace con The Rock? Avremo giustizia per Han? Andiamo a una gara? Mi insegnerai a vivere la vita un quarto di miglio alla volta?
119,523,en-us,MQ4_NightEnd,PlayerNoPic,Un’alleanza inaspettata tra il Lupo Cattivo e la povera Cappuccetto Rosso.
119,524,en-us,MQ4_NightEnd,PlayerNoPic,"Come sempre, il mio personalissimo Vin Diesel si prende cura della familia."
119,525,Menu Text en-us,MQ4_NightEnd,Player,Buonasera...?
119,526,Menu Text en-us,MQ4_NightEnd,Player,Temo di sì.
119,527,en-us,MQ4_NightEnd,Player,Temo di sì.
119,528,Menu Text en-us,MQ4_NightEnd,Player,(Lascia parlare Qadir.)
119,530,en-us,MQ4_NightEnd,,Do una gomitata a Qadir perché prenda lui la parola.
119,531,Menu Text en-us,MQ4_NightEnd,Player,...è corretto.
119,532,Menu Text en-us,MQ4_NightEnd,Player,...e allora?
119,533,en-us,MQ4_NightEnd,Julia_baseCross,"Sì, ehm, ma… e allora?"
119,534,Menu Text en-us,MQ4_NightEnd,Player,...è stato tanto tempo fa.
119,535,en-us,MQ4_NightEnd,Player,Ehm… è stato tanto tempo fa. In una vita in cui non voglio tornare.
119,536,en-us,MQ4_NightEnd,ThomasArturoShadows,Capisco. Eppure...
119,537,Menu Text en-us,MQ4_NightEnd,Player,Lei che bugie si racconta?
119,538,en-us,MQ4_NightEnd,Player,Eccome. 
119,539,Menu Text en-us,MQ4_NightEnd,Player,Ieri ha detto che...
119,540,en-us,MQ4_NightEnd,Julia_doubtCross,"A proposito di bugie... Lei sembra sincera, ma ieri mi ha detto di non avere fretta."
119,541,en-us,MQ4_NightEnd,KatherineWiese,"E lo confermo. Fa’ come dico, non come faccio. È il miglior consiglio che posso darti."
119,542,en-us,MQ4_NightEnd,Player,Ho decisamente bisogno di più consigli di così.
119,543,Menu Text en-us,MQ4_NightEnd,Player,Mi serve una guida.
119,544,en-us,MQ4_NightEnd,Player,"Non c’è tempo per filosofeggiare. Mi serve aiuto, adesso."
119,545,Menu Text en-us,MQ4_NightEnd,Player,Perché si nasconde il viso?
119,546,en-us,MQ4_NightEnd,Player,"Spero di non essere scortese, ma ehm… C’è un motivo per cui tiene il viso nascosto?"
119,547,en-us,MQ4_NightEnd,KatherineWiese,…
119,548,en-us,MQ4_NightEnd,KatherineWiese,"Sì, un motivo c’è, e sì, sei scortese."
119,549,en-us,MQ4_NightEnd,Julia_baseCross,"Scusi, è solo... curiosità."
119,550,en-us,MQ4_NightEnd,KatherineWiese,"Capisco, ma… Diciamo che preferisco che ognuno si faccia le proprie teorie."
119,551,en-us,MQ4_NightEnd,KatherineWiese,"Più storie inventeranno, meno sarà rilevante la verità. "
119,552,en-us,MQ4_NightEnd,KatherineWiese,"Comunque, ecco Mia."
119,553,en-us,MQ4_NightEnd,,Gioco un po’ con la serratura.
119,554,Menu Text en-us,MQ4_NightEnd,Player,...
119,555,Menu Text en-us,MQ4_NightEnd,Player,Non aver paura...
119,556,Menu Text en-us,MQ4_NightEnd,Player,Stai provando a... aiutarmi?
119,557,en-us,MQ4_NightEnd,,"Ho paura di parlare, per non spaventare… qualunque cosa o chiunque fosse."
119,558,en-us,MQ4_NightEnd,Julia_doubtCross,Non aver paura di me...
119,559,en-us,MQ4_NightEnd,MiaShadows,L’unica cosa di cui ho paura è che tu mi faccia perdere troppo tempo.
119,560,en-us,MQ4_NightEnd,Julia_doubtCross,Stai provando a… aiutarmi?
119,561,en-us,MQ4_NightEnd,MiaShadows,"Ma cosa stai borbottando? Nel caso ti fosse sfuggito, la tua setta non mi piace granché."
120,1,en-us,MQ5_NightStart,Dakota_nopic,Te l’ho sempre detto che avresti sfondato.
120,2,en-us,MQ5_NightStart,PlayerNoPic,Ma per favore. Questi stronzi mi usano solo come pedina in una stupida partita a scacchi quadridimensionale.
120,3,en-us,MQ5_NightStart,Dakota_nopic,Invece di tenerti proprio fuori dalla scacchiera. Non fare la guastafeste col bicchiere mezzo vuoto.
120,4,en-us,MQ5_NightStart,PlayerNoPic,Vedrai che mi useranno come capro espiatorio.
120,5,en-us,MQ5_NightStart,Dakota_nopic,Sarebbe emozionante. Potrei scrivere un libro sul convivere con un Lee Harvey Oswald del ventunesimo secolo.
120,6,en-us,MQ5_NightStart,PlayerNoPic,"Dai, non scherzare nemmeno su una cosa così. Non ho ucciso nessuno."
120,7,en-us,MQ5_NightStart,Dakota_nopic,"Julia, tesoro, nemmeno Oswald."
120,8,en-us,MQ5_NightStart,PlayerNoPic,"Già, ehm, giusto. Me lo dimentico sempre."
120,9,en-us,MQ5_NightStart,Dakota_nopic,Smettila di dimenarti o ti rovino la faccia.
120,10,en-us,MQ5_NightStart,PlayerNoPic,...Scusa.
120,11,en-us,MQ5_NightStart,,Sono sempre obbediente quando è impegnata a truccarmi.
120,12,en-us,MQ5_NightStart,,"È difficile curare il proprio aspetto, soprattutto la faccia, quando non riesci nemmeno a vederti allo specchio. Non che io sia mai stata particolarmente brava, ma…"
120,13,en-us,MQ5_NightStart,,...a Dakota non sembra dispiacere. Sono la sua bambola goth da vestire.
120,14,en-us,MQ5_NightStart,,La sua presenza nella mia non-vita è una delle poche cose buone che il mio Sire mi ha lasciato prima di sparire a Chicago. 
120,15,en-us,MQ5_NightStart,,"Di norma mi direbbero di trovarmi un [25;ghoul], ma molti del nostro clan, me compresa, trovano l’idea dei ghoul di cattivo gusto. "
120,16,en-us,MQ5_NightStart,,"Siamo tipi da gatti, non da cani. Non vogliamo servitori ciecamente fedeli. Vogliamo compagni che dipendano da noi pur avendo - in teoria, almeno - il libero arbitrio di non farlo."
120,17,en-us,MQ5_NightStart,,"Il tipo di rapporto che ho con Dakota di norma sarebbe una violazione delle regole della [32;Masquerade], ma le regole cambiano per i Fratelli vicini alla Camarilla. Perfino per le sfigate come me. "
120,18,en-us,MQ5_NightStart,,"Semplificando, il mio sire ha messo in chiaro che la sua infante non avrebbe posseduto schiavi, e la discussione è finita lì."
120,19,en-us,MQ5_NightStart,,"A essere onesti, credo che la Corte abbia accettato quella richiesta soprattutto perché voleva un’altra cosa con cui ricattarmi, in caso di bisogno."
120,20,en-us,MQ5_NightStart,PlayerNoPic,Tu al mio posto cosa faresti?
120,21,en-us,MQ5_NightStart,Dakota_nopic,Se dovessi indagare sulle malefatte delle vostre élite?
120,22,en-us,MQ5_NightStart,PlayerNoPic,Sì.
120,23,en-us,MQ5_NightStart,Dakota_nopic,"Probabilmente cercherei i giri di pedofilia di quei ricchi di merda. Cercherei gli stronzi che nominano la pizza in modo sospettosamente frequente, vedrei chi ha amici potenti nelle carceri di Manhattan, roba così."
120,24,en-us,MQ5_NightStart,PlayerNoPic,"Oh, ma dai."
120,25,en-us,MQ5_NightStart,Dakota_nopic,"No, dico sul serio. Cerca il marcio profondo, e un sacco di crimini più piccoli si risolveranno da soli lungo la strada."
120,26,en-us,MQ5_NightStart,PlayerNoPic,Ma cos’hai tu con le teorie del complotto?
120,27,en-us,MQ5_NightStart,Dakota_nopic,"In che senso? Mi hai appena detto che i tuoi capi fanno feste alla Eyes Wide Shut, e all’improvviso non credi ai giri di pedofilia dei ricchi?"
120,28,en-us,MQ5_NightStart,PlayerNoPic,"Non lo so. Non so se voglio saperlo. Il punto è che ti comporti come se tutte le teorie del complotto fossero vere. Cioè, non è possibile che ci creda a tutte quelle stronzate. Metà non ha nemmeno senso."
120,29,en-us,MQ5_NightStart,Dakota_nopic,Be’… 
120,30,en-us,MQ5_NightStart,Dakota_nopic,Vuoi una risposta interessante o una risposta vera?
120,31,en-us,MQ5_NightStart,PlayerNoPic,La risposta vera dovrebbe essere quella più interessante.
120,32,en-us,MQ5_NightStart,,Toglie il pennello dalla mia faccia per raccogliere le idee.
120,33,en-us,MQ5_NightStart,Dakota_nopic,Oggi sono tutti persi. Guarda il mondo. Sta annegando in fatti che non riescono a comporsi in un’unica narrazione convincente. O in una storia che risuoni.
120,34,en-us,MQ5_NightStart,Dakota_nopic,"I media corporativi vogliono farti credere nel pensiero empirico, ma quello non riesce mai a consegnare verità morali o metafisiche. E alla gente quelle mancano disperatamente."
120,35,en-us,MQ5_NightStart,Dakota_nopic,E allora cosa fanno? Si rivolgono ai complottisti. E all’improvviso riescono a orientarsi nel mondo. E perché? Perché le teorie del complotto danno loro verità emotive che funzionano da bussola.
120,36,en-us,MQ5_NightStart,Dakota_nopic,Bill Gates sta cercando di infilarmi microchip satanici nel corpo? Probabilmente no. Spero di no. 
120,37,en-us,MQ5_NightStart,Dakota_nopic,"Adesso, è una persona orribile? Non ne ho idea, ma ci sono parecchi indizi che potrebbe esserlo…? Stanno nelle sue strategie aziendali spietate, nelle compagnie che frequentava, nelle filosofie che segue."
120,38,en-us,MQ5_NightStart,Dakota_nopic,"La gente lo guarda e sente puzza di marcio. Quindi quando i media lo presentano come un genio o un salvatore, e io scrivo che vuole mettermi il Marchio della Bestia nel corpo, scelgono di credere a me."
120,39,en-us,MQ5_NightStart,Dakota_nopic,"Perché per loro ha senso a livello morale, emotivo e metafisico. E alla fine è questo che conta di più. Fine."
120,40,en-us,MQ5_NightStart,PlayerNoPic,"...wow. Sono sicura al 99% che sia una stronzata totale, ma ci sto cascando."
120,41,en-us,MQ5_NightStart,PlayerNoPic,"Cioè, travisa completamente quasi tutti gli svitati complottisti che ho conosciuto…"
120,42,en-us,MQ5_NightStart,PlayerNoPic,"...ma è interessante e divertente da pensare, quindi non me ne frega granché se sia la verità."
120,43,en-us,MQ5_NightStart,Dakota_nopic,Visto? È proprio questa l’idea. Hai capito.
120,44,en-us,MQ5_NightStart,PlayerNoPic,Questo monologo te lo sei inventato da sola?
120,45,en-us,MQ5_NightStart,Dakota_nopic,"Oh, no. L’ho letto su Facebook."
120,46,en-us,MQ5_NightStart,PlayerNoPic,...Oh. Ci mancherebbe.
120,47,en-us,MQ5_NightStart,Dakota_nopic,"Comunque, ho finito."
120,48,en-us,MQ5_NightStart,PlayerNoPic,Sei la migliore. 
120,49,en-us,MQ5_NightStart,Dakota_nopic,"Già, considerando quante volte ho truccato un cadavere, ormai avrò abbastanza esperienza da fare la truccatrice di salme."
120,50,en-us,MQ5_NightStart,PlayerNoPic,Detta così suona come una carriera emozionante. Ma in realtà è probabilmente la cosa più noiosa sotto il sole.
120,51,en-us,MQ5_NightStart,Dakota_nopic,"Già, i cadaveri li preferisco loquaci, imbronciati e pieni di autodisprezzo. "
120,52,en-us,MQ5_NightStart,PlayerNoPic,Sta’ zitta. Questa carcassa adesso se ne va. Ha un lavoro da fare.
120,53,en-us,MQ5_NightStart,Dakota_nopic,"Vai a spaccare, tigre."
120,54,en-us,MQ5_NightStart,,Prima cosa da fare: incontrare Qadir stanotte e fargli rapporto. Spero sappia guidarmi fuori da questo casino.
120,55,en-us,MQ5_NightStart,,"Dovrebbe avere tempo per me tra un’ora o due. Nel frattempo, immagino sia ora di trovare un po’ di... qual è la parola più disumanizzante che potrei usare? Nutrimento."
120,56,en-us,MQ5_NightStart,,"Qadir mi ha detto che dovrei placare la [8;Fame] meno spesso se non fumassi. Il fumo ti uccide, ha detto. Ma per cominciare a uccidersi il tuo organismo deve fingere di essere vivo, e questo consuma preziosa [9;vitae]."
120,57,en-us,MQ5_NightStart,,"Ma io amo le sigarette: come profumano, come bruciano, la cenere calda che cade dalla punta, il suono dell’accendino…"
120,58,en-us,MQ5_NightStart,,"...il modo in cui ti uccidono, ovviamente..."
120,59,en-us,MQ5_NightStart,,...e immagino di aver bisogno di un legame tattile con quella che ero quando ero viva.
120,60,en-us,MQ5_NightStart,,"Okay, New York. Guida i miei passi. Mostrami quale dei tuoi figli devo bermi stanotte."
120,61,en-us,MQ5_NightStart,PlayerNoPic,Però giusto per essere sicura… i vaccini vanno bene?
120,62,en-us,MQ5_NightStart,Dakota_nopic,"Be’, per quel che ne so non causano l’autismo."
120,63,en-us,MQ5_NightStart,PlayerNoPic,Buono a sapersi.
120,64,Menu Text en-us,MQ5_NightStart,PlayerNoPic,"Ok, credo di aver capito."
120,65,Menu Text en-us,MQ5_NightStart,PlayerNoPic,"No, non ci casco."
120,66,en-us,MQ5_NightStart,PlayerNoPic,"Non ci casco, cioè, per niente, ma visto che lo dici tu, dirò solo che è carino."
120,67,en-us,MQ5_NightStart,Dakota_nopic,Per me va benissimo.
120,68,Menu Text en-us,MQ5_NightStart,PlayerNoPic,...Eh?
120,69,en-us,MQ5_NightStart,,Non so se voglio addentrarmi troppo nei contenuti di questa sfuriata.
121,9,en-us,Night5_Side1,,"Nessun sangue, per quanto squisito, vale la pena di sopportare questo rumore."
121,10,en-us,Night5_Side1,,"Al DJ precedente dev’essere successo qualcosa di terribile. Dev’essere stato improvviso e inaspettato, per assumere questo dilettante all’ultimo minuto."
121,11,en-us,Night5_Side1,,"Zero capacità di leggere la folla, nessun senso del flusso... come se quel lampeggiare continuo non bastasse già da solo a far venire l’emicrania. "
121,12,en-us,Night5_Side1,,Non che mi ricordi come sia un mal di testa normale. 
121,13,en-us,Night5_Side1,,"La Fame però la conosco, ed è per questo che stanotte sono qui."
121,14,en-us,Night5_Side1,,"Una ragazza dai capelli viola mi sbatte addosso, la testa bassa, le lacrime che le colano sulle guance, le mani che tremano. Per quanto lo capirei, non credo sia il tizio ai giradischi ad averla ridotta così."
121,15,en-us,Night5_Side1,Julia_doubtCross,Ops.
121,16,en-us,Night5_Side1,JulieShadows,"Oh, scusa, scusa tanto. Io..."
121,17,en-us,Night5_Side1,,"Scappa prima che io riesca a dire una sola parola. Be’, chi sono io per darle torto? Una ritirata tattica le sarà sembrata una buona idea."
121,18,en-us,Night5_Side1,,"La traccia di alcol scadente in ogni potenziale [39;vena] è debole, ma sempre presente. A questo punto l’odore è tutto quello che mi arriva. A pensarci, ricordo a malapena che sapore abbia l’alcol. "
121,19,en-us,Night5_Side1,,"Forse dovrei rinfrescarmi la memoria… no, è una stupidata."
121,20,en-us,Night5_Side1,,Però al momento il bancone è praticamente libero. Mmh.
121,21,en-us,Night5_Side1,,"Mi avvicino e do un’occhiata alla lista dei drink. Certi nomi sono davvero del cazzo, soprattutto dal punto di vista di una Fratello."
121,22,Menu Text en-us,Night5_Side1,Player,[Ordina il Bloody Margaret]
121,23,Menu Text en-us,Night5_Side1,Player,[Ordina il Vampiro]
121,24,Menu Text en-us,Night5_Side1,Player,[Rimetti giù la lista]
121,25,en-us,Night5_Side1,,Il barista mi porta un bicchierone guarnito con un gambo di sedano e riempito di qualcosa che somiglia più a un centrifugato di verdure che a un cocktail a base di gin. Sono tutt’altro che entusiasta.
121,26,en-us,Night5_Side1,Julia_baseCross,"Ma sì, fanculo. Andiamo."
121,27,en-us,Night5_Side1,,Me lo scolo in un colpo solo. Sa di pomodori in scatola che qualcuno ha aperto e lasciato marcire per un decennio. 
121,28,en-us,Night5_Side1,,Qualcosa mi dice che tra poco me ne pentirò.
121,29,en-us,Night5_Side1,,Dopo poco lo scricchiolio dei cubetti di ghiaccio annuncia l’arrivo della miscela frizzante. 
121,30,en-us,Night5_Side1,,"Il bicchiere alto, guarnito con una fetta d’arancia e un peperoncino, contiene abbastanza frutta e succo da mascherare con successo l’odore della tequila. "
121,31,en-us,Night5_Side1,Julia_baseCross,Mazel tov.
121,32,en-us,Night5_Side1,,"Me lo scolo in un colpo solo. Sa di un mix orribile di tutte le gassose Nesbitt’s esistenti, con in cima una punta di polpa di cactus fermentata."
121,33,en-us,Night5_Side1,,"Quasi tutti i miei simili non digeriscono i liquori. Né qualunque altro fluido che non sia sangue, o cibo, a dirla tutta. Non ho motivo di credere di essere diversa."
121,34,en-us,Night5_Side1,,"Chiudo la lista dei drink e la passo a un ubriacone yuppie. Sembra felicissimo e, con grande dispiacere del barista, ordina il drink più costoso in offerta."
121,35,en-us,Night5_Side1,,"La musica si interrompe di colpo proprio mentre mi allontano dal bancone. Non riesco a vedere la consolle, ma la reazione della folla mi dice tutto quello che devo sapere. Pare che abbiamo un nuovo DJ."
121,36,en-us,Night5_Side1,,L’atmosfera migliora all’istante. Alleluia.
121,49,en-us,Night5_Side1,,"Ma i momenti piacevoli non durano mai. Un tizio vissuto e ben oltre i quaranta decide di provarci con me. I nostri occhi si incrociano per un attimo, giusto un po’ troppo tardi perché io riesca a schivarlo. "
121,50,en-us,Night5_Side1,,"Stranamente, nel suo sguardo non c’è... desiderio? Eppure sembra un predatore che si avvicina alla preda. Merda, che sia lui la famosa «Delizia della Diva»? Un dipendente dal Bacio che mi ha riconosciuta come succhiasangue?"
121,52,en-us,Night5_Side1,BobbyPrideWellwornMan,"Come mai sei qui tutta sola, tesoro?"
121,53,en-us,Night5_Side1,,"Non riesco a mettere a fuoco cosa sia di preciso, ma c’è qualcosa di irritante nel modo in cui si muove. Mentre si avvicina comincio a sentirmi… stanca? Come se ci fosse stato un calo improvviso di pressione atmosferica."
121,54,Menu Text en-us,Night5_Side1,Player,[Ignoralo e basta]
121,55,Menu Text en-us,Night5_Side1,Player,[Fissalo finché non se ne va]
121,56,Menu Text en-us,Night5_Side1,Player,[Digli di levarsi dai piedi]
121,57,en-us,Night5_Side1,,"Gli volto le spalle, sperando che colga il messaggio."
121,58,en-us,Night5_Side1,,Non lo coglie. Sento i suoi occhi che mi scavano buchi nel cranio.
121,59,en-us,Night5_Side1,,"E infatti, quando guardo di nuovo, è ancora lì."
121,60,en-us,Night5_Side1,,"Gli rivolgo uno sguardo di puro odio, ma trovo stranamente faticoso tenergli gli occhi addosso per più di qualche secondo."
121,61,en-us,Night5_Side1,,"C’è qualcosa in lui che rovina la poca compostezza che ho, e credo che lo sappia."
121,62,en-us,Night5_Side1,,La mia voce incerta manda a monte ogni tentativo di suonare imponente.
121,63,en-us,Night5_Side1,Julia_angry,"Puoi andare a scocciare qualcun altro? Non sono in vena, cazzo."
121,64,en-us,Night5_Side1,,"Sembra per niente turbato dalle mie parole. Inclina solo un po’ la testa, come un segugio che fiuta una traccia."
121,65,en-us,Night5_Side1,,Sento ragni che mi salgono lungo la schiena. 
121,66,en-us,Night5_Side1,BobbyPrideWellwornMan,"C’è qualcosa che non va? Aspetta, lascia che io…"
121,67,en-us,Night5_Side1,Julia_angry,"Giù le mani, stronzo."
121,68,Menu Text en-us,Night5_Side1,Player,Potenza: Torcigli il polso.
121,69,Menu Text en-us,Night5_Side1,Player,Dominazione: Fallo sparire
121,70,en-us,Night5_Side1,,"Gli afferro il polso in una presa ferrea e comincio a torcere finché non sento lo schiocco di un’articolazione lussata. Urla di dolore, ma per fortuna la musica lo copre."
121,71,en-us,Night5_Side1,,"Appena gli lascio la mano corre verso l’uscita. Mi fissa prima di andarsene, e non posso fare a meno di percepire nei suoi occhi qualcosa di... peggio della paura. Mi mette a disagio."
121,72,en-us,Night5_Side1,,"Riesco a malapena a concentrarmi sui suoi occhi, ma per un attimo si blocca sul posto."
121,73,en-us,Night5_Side1,Julia_angry,"Ehi, stallone. Vai a rompere le scatole a quel tizio?"
121,74,en-us,Night5_Side1,,"Fatica a reggere il mio comando caotico e mi lancia uno sguardo inquietante, ma alla fine sembra fare quello che volevo."
121,75,en-us,Night5_Side1,,"Si avvicina a un tizio tutto muscoli, che diventa subito ostile. Il primo pugno gli rompe il naso. Non aspetto di vedere il secondo. "
121,76,en-us,Night5_Side1,,"Come se incontrare quello stronzo non mi avesse già messa alla prova abbastanza, mi sale una sensazione acre nello stomaco che mi dà la nausea all’istante."
121,77,en-us,Night5_Side1,,Faccio appena in tempo a raggiungere il primo divanetto libero prima di cominciare a vomitare violentemente. Per un minuto buono innaffio il divano con i resti di quel cocktail sciagurato. Non è una bella scena.
121,78,en-us,Night5_Side1,,"Mi riprendo appena lo stomaco si svuota. Merda, Julia. La tua vita ha avuto la sua abbondante dose di imbarazzi evitabili; è proprio necessario che la non-vita segua l’esempio?"
121,79,en-us,Night5_Side1,,Ora di svignarsela senza voltarsi indietro.
121,80,en-us,Night5_Side1,,"Proprio prima che arrivi all’uscita, la ragazza dai capelli viola di prima mi sbatte addosso un’altra volta. Stavolta so che non è un caso."
121,81,en-us,Night5_Side1,JulieShadows,"Aspetta, ti prego…"
121,82,en-us,Night5_Side1,,"Sembra trasalita, ma mi rivolge uno sguardo supplichevole."
121,83,en-us,Night5_Side1,JulieShadows,"Io… ho visto cosa hai fatto a quell’uomo. Sei, ehm… sei una di loro?"
121,84,en-us,Night5_Side1,Player,Di cosa stai parlando? Chi sono «loro»?
121,85,en-us,Night5_Side1,,Scopre i denti e si dà un colpetto sul lato del collo.
121,86,en-us,Night5_Side1,,Oh. Ho capito.
121,87,en-us,Night5_Side1,Julia_doubtCross,Quindi la «Delizia della Diva» sei tu?
121,88,en-us,Night5_Side1,,"Arrossisce con innocenza, come se l’avessi appena beccata a rubare i biscotti."
121,89,en-us,Night5_Side1,JulieShadows,"Sì… suona stupido, lo so, ma... pensavo… pensavo che avrebbe attirato qualcuno di, ehm… hai capito… qualcuno della tua specie."
121,90,en-us,Night5_Side1,JulieShadows,Mi hanno sempre detto che ho un buon sapore. Ti… ti andrebbe di provare?
121,91,en-us,Night5_Side1,,Mi guarda nello stesso modo in cui un tossico che non si buca da un po’ guarda una siringa.
121,92,en-us,Night5_Side1,Julia_baseCross,Sai troppe cose. Non è possibile che tu non abbia un… una specie di protettore.
121,93,en-us,Night5_Side1,,Gli occhi le si riempiono di nuovo di lacrime.
121,94,en-us,Night5_Side1,JulieShadows,Ce l’ho… o forse no. Non lo so più...
121,95,en-us,Night5_Side1,JulieShadows,"Si presenta quando gli pare, poi sparisce per settimane… Io non… non so nemmeno come si chiama! Dovevamo vederci qui stanotte, ma..."
121,96,en-us,Night5_Side1,,"Immagino non si sia presentato. La ragazza continua a parlare. Adesso che ha trovato qualcuno di nuovo con cui aprirsi, ogni istinto di riservatezza che poteva avere è sparito. "
121,97,en-us,Night5_Side1,JulieShadows,"Prima di lui avevo una… tutrice. Anche lei era una delle [57;Dive]… ma era eccezionale… nobile... credo che tenesse a me, a modo suo. Mi faceva sempre i complimenti per il mio sapore."
121,98,en-us,Night5_Side1,JulieShadows,Ti… ti andrebbe di provare?
121,99,en-us,Night5_Side1,,"Mi si aggrappa al braccio come se io fossi Gesù Cristo e Kurt Cobain insieme, scesa dal Paradiso apposta per trasformare la sua miseria in estasi. Non posso fare a meno di provare un po’ di disprezzo."
121,100,en-us,Night5_Side1,JulieShadows,Ti prego… ti prometto che non resterai delusa. 
121,101,en-us,Night5_Side1,,So che non lo sarò. Ho troppa fame per esserlo.
121,102,en-us,Night5_Side1,,Ma ogni tanto mi piace anche fingere di essere qualcosa di meglio che affamata.
121,103,Menu Text en-us,Night5_Side1,Player,[Rifiuta]
121,104,Menu Text en-us,Night5_Side1,Player,Occasione di Nutrimento: Ragazza Affranta
121,105,en-us,Night5_Side1,Player,No.
121,106,en-us,Night5_Side1,,"Me la scrollo di dosso più forte di quanto volessi. Mi guarda come un cane bastonato, gli occhi lucidi, i pugni stretti."
121,107,en-us,Night5_Side1,JulieShadows,Ma… perché?
121,108,en-us,Night5_Side1,Julia_angry,"Svegliati, ragazza. Sei senza guinzaglio. Smettila di cercarne uno nuovo."
121,109,en-us,Night5_Side1,,"Di nuovo, più duro del necessario. Si scioglie subito in lacrime, gira i tacchi e fugge tra la folla."
121,110,en-us,Night5_Side1,,Era la cosa giusta da fare.
121,111,en-us,Night5_Side1,,...O no?
121,112,en-us,Night5_Side1,,Mi lascio alle spalle il rimbombo del club e vado avanti con la mia notte.
121,113,en-us,Night5_Side1,,"La fame ha la meglio su di me, ma in qualche modo non mi dispiace. È quello che vuole lei, no?"
121,115,en-us,Night5_Side1,,Un’occhiata veloce in giro. Nessuno ci fa caso. E perché dovrebbero? Siamo solo due ragazze a caso che sembrano piacersi.
121,116,en-us,Night5_Side1,,Le prendo delicatamente la nuca e avvicino le labbra al suo collo. Trema visibilmente per l’eccitazione.
121,117,en-us,Night5_Side1,,"Mentre affondo il morso il suo corpo si ammorbidisce. Poi bevo, assaporando ogni sorso. Ha davvero un sapore incredibile. Come una promessa non mantenuta. Dolce, dolce innocenza."
121,118,en-us,Night5_Side1,,"Appena ho finito perde l’equilibrio, indebolita ma senza dubbio sollevata. La aiuto a sedersi per terra. Mi sorride, con una scintilla di gioia negli occhi."
121,119,en-us,Night5_Side1,JulieShadows,Grazie… è stato… ne avevo davvero bisogno… Io… mi chiamo…
121,120,en-us,Night5_Side1,Player,Non parlare. Riposa un po’ e basta.
121,121,en-us,Night5_Side1,,La lascio sola in quello stato di estasi. Non sembra dispiacersene.
121,122,en-us,Night5_Side1,,Pare che abbia fatto la cosa giusta.
121,123,en-us,Night5_Side1,,...Giusto?
121,125,en-us,Night5_Side1,,...
121,126,en-us,Night5_Side1,,Viene da chiedersi chi abbia pensato che fosse una buona idea infrangere la Masquerade per lei.
121,127,en-us,Night5_Side1,,Mi lascio alle spalle il rimbombo del club e vado avanti con la mia notte.
122,12,en-us,Night5_Side2,,"Onestamente, setacciare l’Evergreen Cemetery in cerca di Nigel Woods era l’ultima cosa che mi aspettavo di fare stanotte."
122,13,en-us,Night5_Side2,,"Eppure eccomi qui. Il passato si rifiuta di mollare la presa, anche solo per qualche giorno."
122,14,en-us,Night5_Side2,,"Anzi, una limousine nera per poco non mi ha messa sotto mentre venivo qui. Non me ne va bene una, eh?"
122,15,en-us,Night5_Side2,,"Ci metto meno di un minuto a trovare Nigel. È in piedi accanto alla lapide di John Bunny, uno degli attori più famosi degli anni Dieci."
122,16,en-us,Night5_Side2,,"Perché proprio lì? Be’... l’uomo è paranoico, ed è per questo che siamo stati costretti a inventarci un metodo così imprevedibile per scegliere i punti d’incontro."
122,17,en-us,Night5_Side2,,"Doveva essere abbastanza ambiguo da sembrare casuale a un osservatore distratto, ma ragionevolmente semplice perché quel deficiente non lo mandasse a puttane."
122,18,en-us,Night5_Side2,,Così abbiamo scelto gli attori del cinema muto. Ogni volta che voleva vedermi mi lasciava un biglietto con un titolo di film oscuro. A me bastava cercare chi ci recitava e raggiungerne la tomba.
122,19,en-us,Night5_Side2,,"Sì, magari è un po’ stupido e superfluo, ma è anche stato divertente… e prendere in giro Woods per la sua paranoia sarebbe un caso da manuale di bue che dà del cornuto all’asino."
122,20,en-us,Night5_Side2,,"Eccolo lì, che ammazza il tempo sullo smartphone, a fare swipe a sinistra con una frustrazione visibilmente crescente. Troppe ragazze di fila che sanno davvero cosa vogliono dalla vita, Nigel?"
122,21,en-us,Night5_Side2,,"Tranquillo, io di sicuro non sono quel tipo."
122,39,en-us,Night5_Side2,,Quando mi vede reagisce come se avesse appena visto un fantasma. Un vero comico.
122,40,en-us,Night5_Side2,ShadyJournalistNigel,"Ma che diavolo combini di questi tempi, Sowinski? Troppo impegnata per il tuo vecchio amico? Non scrivi mai, non chiami mai..."
122,41,en-us,Night5_Side2,,"Mette su un broncio del tutto poco convincente, ma lo perde subito e scoppia in una risata sincera."
122,42,en-us,Night5_Side2,ShadyJournalistNigel,"Merda, Jules. Non ti mento, fa piacere vederti. "
122,43,en-us,Night5_Side2,ShadyJournalistNigel,"Stai bene, ragazza! Cioè, sei ancora tutta catastrofi e tristezza, e pure più pallida del solito, ma ho sempre avuto un debole per quel tuo culo ossuto. Vieni qui, dai un abbraccio allo zio."
122,44,Menu Text en-us,Night5_Side2,Player,[Avvertilo]
122,45,Menu Text en-us,Night5_Side2,Player,[Schiaffeggialo]
122,46,Menu Text en-us,Night5_Side2,Player,[Fagli «lo sguardo»]
122,47,en-us,Night5_Side2,Julia_doubtCross,"Il buon vecchio Nigel, ottuso come sempre. Ancora in vena di collezionare denunce e ordini restrittivi con la tua parte da zio Mani Lunghe?"
122,48,en-us,Night5_Side2,Julia_baseCross,"Tieni le distanze, per il tuo bene."
122,49,en-us,Night5_Side2,,"Allargo le braccia, irrigidisco le labbra in una parodia di sorriso e lascio avvicinare il pervertito. "
122,50,en-us,Night5_Side2,,Appena è a portata di braccio prendo la rincorsa e gli cancello il ghigno dalla faccia con un manrovescio feroce.
122,51,en-us,Night5_Side2,,Ho lavorato con Nigel abbastanza a lungo perché ci accordassimo su qualche segnale non verbale di base per comunicare meglio. Nel senso di segnalargli di darsi una regolata.
122,52,en-us,Night5_Side2,,"Mi sorprende scoprire che è ancora una cosa istintiva, come se il mio corpo mortale ci si fosse adattato così bene in passato da reagire allo stesso modo anche adesso che è morto."
122,53,en-us,Night5_Side2,ShadyJournalistNigel,"Va bene, va bene. Ho capito. E pensare che una volta noi..."
122,54,en-us,Night5_Side2,Julia_angry,"Vai al punto, Woods. Questo non era un invito mondano, e ho una pazienza limitata per le tue allusioni. Cosa vuoi?"
122,55,en-us,Night5_Side2,ShadyJournalistNigel,"Sempre svelta ad andare al sodo, eh? E va bene."
122,56,en-us,Night5_Side2,ShadyJournalistNigel,"Sto cercando di mettere insieme un pezzo su certi affari particolarmente sconvenienti nel deep web. Uno dei miei contatti mi ha indirizzato verso Double Spiral, dicendo che..."
122,57,en-us,Night5_Side2,,Double Spiral… mi stupisce forse che quel nome continui a saltare fuori di continuo?
122,58,en-us,Night5_Side2,,"Mi perseguita ancora un po’. Certo, ho fatto in modo che fosse così. Ogni tanto tengo ancora d’occhio Montgomery, e rivivo di continuo quei sedici mesi in cui mi sono ammazzata di lavoro per niente..."
122,59,en-us,Night5_Side2,,"Poteva essere solo un’altra parte del rito di iniziazione di Caren, ma ho la sensazione che, anche se non fosse stato così, a Brian avrebbero comunque ordinato di far morire la storia."
122,60,en-us,Night5_Side2,ShadyJournalistNigel,"…qualche magagna su questa maga di internet, che si fa chiamare Hope. Pare abbia avuto rapporti stretti con il clan Montgomery. Mai sentita nominare?"
122,61,en-us,Night5_Side2,Player,Non sono un’esperta di speranza… e non posso dire di conoscere nemmeno la persona in questione.
122,62,en-us,Night5_Side2,,"Sto mentendo, ovviamente, fingendo indifferenza. Il nome mi fa scattare qualcosa: è uno dei quattro segnati sulla lista di Callihan. Coincidenza? Qadir ha insistito che non dovrei crederci."
122,63,en-us,Night5_Side2,ShadyJournalistNigel,"Da quel che ho capito è coinvolta soprattutto in certa roba porno perversa con scopofilia, mutilazioni, tanto sangue… roba al limite dell’occulto. La mia copertura però è saltata. Credo che qualcuno mi stia addosso."
122,64,en-us,Night5_Side2,ShadyJournalistNigel,"Comunque ho qualche pista utile, che scambierei volentieri con dei biglietti da cento prima di sparire dalla circolazione. Interessata?"
122,65,en-us,Night5_Side2,,"Conoscendolo, quelle «poche piste» sono del tutto senza valore, ma con la fortuna che ha potrebbe essere finito davvero in acque pericolose. Quello che a lui è inutile potrebbe servire a me."
122,66,en-us,Night5_Side2,,"Se sto al gioco, non saprà nemmeno che non faccio più questo mestiere."
122,67,en-us,Night5_Side2,Player,"Ti aspettavi che comprassi le tue informazioni a scatola chiusa? Niente da fare, Nigel. Spiegami tutto. Non ti frego. Mi conosci meglio di così. "
122,68,en-us,Night5_Side2,,"Sospira rumorosamente, squadrandomi da capo a piedi. Dopo un attimo rialza la voce."
122,69,en-us,Night5_Side2,ShadyJournalistNigel,Ok. Cosa vuoi sapere?
122,70,Menu Text en-us,Night5_Side2,Player,Tutto.
122,71,Menu Text en-us,Night5_Side2,Player,Parlami solo di Hope.
122,72,Menu Text en-us,Night5_Side2,Player,Come hai avuto queste info?
122,73,en-us,Night5_Side2,Julia_doubtCross,Qualunque cosa il tuo culo dipendente dal porno consideri di valore.
122,74,en-us,Night5_Side2,,"Nigel chiude gli occhi, riflettendo su da dove cominciare."
122,75,en-us,Night5_Side2,ShadyJournalistNigel,"Allora, ehm, potrebbe suonare complicato, quindi dopo posso mandarti qualche video utile su YouTube, ma ehm… ci siamo."
122,76,en-us,Night5_Side2,,Per i minuti successivi Nigel espone le sue scoperte cercando disperatamente (e per lo più fallendo) di farle suonare come qualcosa di più di stupide leggende metropolitane.
122,77,en-us,Night5_Side2,,"Tra i tanti fili nomina traffico di sangue, guerre segrete per il territorio, una congrega di tipi da Loggia massonica, il diluvio universale e uomini d’affari che si accordano col Diavolo in cerca dell’immortalità."
122,78,en-us,Night5_Side2,,A orecchie comuni tutto questo suonerebbe probabilmente come una teoria del complotto da svitati. Ma da quel che riesco a capire sta volando pericolosamente vicino al sole.
122,79,en-us,Night5_Side2,,Al momento non sa un cazzo e non ha prove di niente. Il che vuol dire che non rappresenta un pericolo reale per la Masquerade.
122,80,en-us,Night5_Side2,,Ma la sua ostinazione nel seguire ogni pista possibile è proprio il motivo per cui ho cominciato a lavorare con lui. Maledizione… non sono sicura di poterlo lasciar perdere e basta.
122,82,en-us,Night5_Side2,Julia_doubtCross,"Sai, Nigel, io il nostro amico John Bunny qui l’ho visto davvero interpretare un reporter in uno dei suoi film muti."
122,83,en-us,Night5_Side2,Julia_baseCross,Nel film si travestiva da donna e si infiltrava in una riunione segreta di suffragette. Ovviamente mandava tutto a puttane e finiva inseguito su un albero da una femminista infuriata armata di ascia.
122,84,en-us,Night5_Side2,ShadyJournalistNigel,"So come suona, Jules. Ma ho questo prurito in fondo alla testa che mi dice che c’è dell’altro. E sai che il mio sesto senso non sbaglia quasi mai."
122,85,en-us,Night5_Side2,Julia_doubtCross,"Magari comincia da come ti sei cacciato in questo casino, e da dove hai preso le informazioni?"
122,86,en-us,Night5_Side2,,"Nigel esita visibilmente, ma quando comincia a parlare sembra che non veda l’ora di togliersi questo peso da un pezzo."
122,87,en-us,Night5_Side2,,"Un lavoretto strano, roba da tenere nascosta, l’ha messo in contatto con un tizio losco che online si fa chiamare «LeakyGutSyndrome»."
122,88,en-us,Night5_Side2,,"Curiosamente, come parte dell’accordo gli è stato anche chiesto di procurare una sacca di sangue. E di un gruppo sanguigno preciso. "
122,89,en-us,Night5_Side2,,"L’ha trovato strano, ha cominciato a scavare, e alla fine si è imbattuto nel nome Hope. Scavando ancora ha iniziato a sentire qualcuno col fiato sul collo… ed è così che è arrivato qui."
122,90,en-us,Night5_Side2,Player,"Allora, questa Hope? Hai qualcosa che valga la pena seguire?"
122,91,en-us,Night5_Side2,ShadyJournalistNigel,"Forse. È un enigma, un mistero del cazzo totale. L’unica cosa di cui sono certo è che esiste e che le piace fare dirette per un pubblico esclusivo. "
122,92,en-us,Night5_Side2,ShadyJournalistNigel,"Pare che sia appassionata di criptovalute. Sai, quella roba dei bitcoin… non ci ho mai capito niente."
122,93,en-us,Night5_Side2,ShadyJournalistNigel,"È un guazzabuglio, lo so, ma ti prometto che lì dentro da qualche parte c’è una storia succosa da inseguire per una come te. Anzi, ho la sensazione che se unissimo le forze potremmo sfondare davvero, stavolta."
122,94,en-us,Night5_Side2,ShadyJournalistNigel,Che ne pensi?
122,96,en-us,Night5_Side2,,"Povero idiota… queste sue «informazioni» sembrano un romanzetto da quattro soldi. Nessuno sano di mente ci pagherà un centesimo. Gli distruggerà la credibilità, se gliene resta."
122,97,en-us,Night5_Side2,,"Se insiste a spargere queste stronzate, alla lunga probabilmente gli toglierà del tutto la capacità di farci del male."
122,98,en-us,Night5_Side2,,"Ma se la Torre d’Avorio viene a sapere delle sue attività, ci si metterà Qadir. Comincerà a fare domande. E le risposte metteranno nei guai sia me che Nigel."
122,99,en-us,Night5_Side2,ShadyJournalistNigel,"Sei stranamente silenziosa, Jules. Parla. Mi stai mettendo i brividi."
122,100,Menu Text en-us,Night5_Side2,Player,[Consigliagli di scappare]
122,101,Menu Text en-us,Night5_Side2,Player,Dominazione: Riscrivigli i ricordi.
122,102,en-us,Night5_Side2,Player,"Cosa c’è da dire? Sarò sincera, come sempre con te. Sei fottuto."
122,103,en-us,Night5_Side2,,"Strizza gli occhi, aspettando che io mi spieghi."
122,104,en-us,Night5_Side2,Julia_doubtCross,"Società segrete? Davvero? Ma che cazzo ti è successo, brutto ubriacone inquietante e delirante? Una volta ero io a contare sul tuo buonsenso, non il contrario."
122,105,en-us,Night5_Side2,ShadyJournalistNigel,Jules…
122,106,en-us,Night5_Side2,Julia_angry,Il tuo tentativo di vendere questa robaccia non fa che danneggiare la tua integrità. Il vero problema è che a Montgomery non piace la gente che annusa intorno alla sua azienda. Non sai quanto può essere pericolosa.
122,107,en-us,Night5_Side2,ShadyJournalistNigel,"Cioè, tu hai annusato intorno a Montgomery, e a me sembri a posto."
122,108,en-us,Night5_Side2,Julia_angry,"L’ho fatto, e mi sono ritrovata la vita distrutta sistematicamente. Avevo una psicopatica totale che mi pedinava. E mi hanno messa sulla lista nera a New York. Dimmi, quand’è l’ultima volta che hai letto qualcosa di mio?"
122,109,en-us,Night5_Side2,Player,"Mi dispiace, Nigel. Solo un po’, ma comunque."
122,110,en-us,Night5_Side2,ShadyJournalistNigel,Ma che…
122,111,en-us,Night5_Side2,,Si blocca sul posto mentre lo fisso negli occhi.
122,112,en-us,Night5_Side2,Player,"A New York non c’è nessun traffico di sangue né nessuna guerra segreta per il territorio. Non hai niente su Double Spiral, e Hope non esiste. Ti sei inventato tutto."
122,113,en-us,Night5_Side2,Player,L’idea che hai invece è un saggio sulla mascolinità tossica. Farai le tue ricerche e proporrai il libro a tutti da vero esperto della materia. 
122,114,en-us,Night5_Side2,,"Resta lì completamente perplesso, mentre reprime strati di ricordi riscritti. Con la bocca spalancata, bloccato in una posa bizzarra, sembra un perfetto pagliaccio."
122,115,en-us,Night5_Side2,,"Si riprenderà tra un paio di minuti, ma io non resto. Questo trucco mi ha prosciugata. Posso solo incrociare le dita e sperare che regga."
122,116,en-us,Night5_Side2,,"Meglio seppellire il ricordo di questo incontro, insieme al resto del mio passato."
122,117,en-us,Night5_Side2,,Gli ingranaggi nella testa cominciano a girare.
122,118,en-us,Night5_Side2,ShadyJournalistNigel,"Merda, mi, mi dispiace. Avevo la sensazione che qualcosa non tornasse, ma… Brian non ha potuto aiutarti?"
122,119,en-us,Night5_Side2,Julia_angry,"Brian? Brian era la persona a cui hanno detto di pugnalarmi alle spalle. A suo merito, ha fatto del suo meglio per sembrare triste mentre lo faceva."
122,120,en-us,Night5_Side2,ShadyJournalistNigel,"...Merda. Se, ehm, se c’è qualcosa che posso fare per aiutarti..."
122,121,en-us,Night5_Side2,,Eccolo. Mi chiedevo quando sarebbe saltato fuori. Quello sguardo lascivo. Uff. Mi stupisce che ci abbia messo tanto.
122,122,en-us,Night5_Side2,ShadyJournalistNigel,"Dai, dai allo zio un bacio d’addio."
122,123,Menu Text en-us,Night5_Side2,Player,[Fagli il dito]
122,124,Menu Text en-us,Night5_Side2,Player,Occasione di Nutrimento: Giornalista Losco
122,125,en-us,Night5_Side2,,"Alzo entrambe le mani, gli faccio il dito con una e con l’altra gli indico l’uscita."
122,126,en-us,Night5_Side2,,Nigel ridacchia ancora una volta e mi rivolge un sorriso mesto prima di andarsene. Credo che a questo pervertito senza speranza mancherò davvero.
122,127,en-us,Night5_Side2,,"Mi guardo dentro e scopro che il sentimento non è reciproco. Siamo mondi lontani, in più di un senso."
122,128,en-us,Night5_Side2,,Un [29;Bacio] te lo do eccome.
122,129,en-us,Night5_Side2,Julia_angry,Qualunque cosa serva a farti stare zitto.
122,130,en-us,Night5_Side2,,"Lo lascio avvicinare prima di affondargli le zanne nel collo. Il sapore di caffeina è forte, copre quasi del tutto una punta di qualcos’altro. Metanfetamina? Cristo."
122,131,en-us,Night5_Side2,,"Mentre mi stacco, Nigel quasi sviene. Lo adagio con delicatezza. Un dormiente trasandato al cimitero non è una scena così insolita."
122,132,en-us,Night5_Side2,,"Decido di non restare, lasciandomi alle spalle un altro residuo di un’epoca finita. Mai più. Non avrò grande stima di me, ma di sicuro sono… più nobile di questo. "
122,133,en-us,Night5_Side2,,"Meglio seppellire il ricordo di questo incontro, insieme al resto del mio passato."
122,134,en-us,Night5_Side2,,"Decido di non restare, lasciandomi alle spalle un altro residuo di un’epoca finita. Mai più. Non avrò grande stima di me, ma di sicuro sono… più nobile di questo. "
122,135,en-us,Night5_Side2,,"Mi guardo dentro e scopro che il sentimento non è reciproco. Siamo mondi lontani, in più di un senso."
122,136,en-us,Night5_Side2,Julia_baseCross,Questo tipo di giornalismo ha infinitamente più senso delle stronzate che stai sparando adesso. Mi spiace.
122,137,en-us,Night5_Side2,,"L’uomo si ferma a un paio di metri da me e incrocia le braccia, rivolgendomi uno sguardo storto."
122,138,en-us,Night5_Side2,,Geme in modo esagerato e alza le mani in segno di resa.
122,139,en-us,Night5_Side2,Player,"Penso che siano cazzate, e mi fermo qui."
122,140,en-us,Night5_Side2,,Non riesco a trattenere una risata. John Bunny al confronto non reggerebbe. Soprattutto se il nostro amico segue davvero la programmazione e ne nasce una commedia degli equivoci.
122,141,en-us,Night5_Side2,Player,"Preoccupati per te. Fidati, quando Double Spiral ti mette nel mirino, è il momento di toglierti il cappello di stagnola e sparire."
122,142,en-us,Night5_Side2,Player,"Non sto nemmeno scherzando. Devi svignartela, e in fretta."
122,143,en-us,Night5_Side2,,"Con mia sorpresa non ribatte. Sembra che si fosse già rassegnato all’idea di lasciare la città, e aspettasse solo la spinta giusta."
122,144,en-us,Night5_Side2,ShadyJournalistNigel,"Merda... probabilmente hai ragione, Jules."
122,145,en-us,Night5_Side2,Player,"Al posto tuo non perderei tempo. Bagaglio leggero, taglia i ponti, e vai."
122,146,en-us,Night5_Side2,ShadyJournalistNigel,Già… Peccato. Ci eravamo appena ritrovati.
123,13,en-us,Night5_Side3,,"Un membro dello staff dall’aria curata, in una divisa aziendale impeccabile, mi sorride mentre le porte dell’ascensore si aprono."
123,14,en-us,Night5_Side3,PatricianConcierge,"Buonasera, signora. Aspetta qualcuno?"
123,15,en-us,Night5_Side3,,"Liquido la domanda con un’alzata di spalle apatica. Mi squadra per un istante, dubitando visibilmente del mio senso estetico. Il suo acume professionale però ha subito la meglio sul disappunto."
123,16,en-us,Night5_Side3,PatricianConcierge,"Molto bene. Da questa parte, prego."
123,17,en-us,Night5_Side3,,I nuovi ricchi di New York sembrano terribilmente affamati di zuppe gourmet a quest’ora di notte. Il Patrician è pieno quasi fino all’orlo. 
123,18,en-us,Night5_Side3,,"Il concierge mi indica l’ultimo tavolo libero, comodamente piazzato nell’angolo più remoto della sala principale."
123,19,en-us,Night5_Side3,,"Mi accomodo sulla sedia, lasciando i gomiti sulla tovaglia ricamata. Attenti, colletti bianchi ignari. C’è una vedova nera in mezzo a voi."
123,20,en-us,Night5_Side3,,"Be’, sono qui. Tanto vale mettersi comoda e morire di noia."
123,21,Menu Text en-us,Night5_Side3,Player,[Fumati una sigaretta e osserva]
123,22,Menu Text en-us,Night5_Side3,Player,[Chiama il concierge]
123,23,Menu Text en-us,Night5_Side3,Player,[Capisci perché Samira ti ha convocata]
123,24,en-us,Night5_Side3,,"L’atmosfera pretenziosa comincia pian piano a entrarmi sotto pelle, a mettermi sotto sforzo la mente e a ottundermi i sensi."
123,25,en-us,Night5_Side3,,Do una sbirciata al mio fidato pacchetto di medicine. Restano due bare a bastoncino. 
123,26,en-us,Night5_Side3,,"Ne accendo una con noncuranza, senza badare agli sguardi sprezzanti dei clienti vicini."
123,27,en-us,Night5_Side3,,Un’occhiata veloce alla pendola lì accanto mi lascia per un attimo di sasso.
123,28,en-us,Night5_Side3,,"Sono passati appena dieci minuti dal mio arrivo, ma ho la sensazione di essere seduta qui da almeno un’ora."
123,29,en-us,Night5_Side3,,Ora basta.
123,30,en-us,Night5_Side3,,"Faccio un cenno al concierge, facendo involontariamente una scenata. Tanto vale portare in questo posto un po’ di sana volgarità."
123,31,en-us,Night5_Side3,Julia_doubtCross,"Ehi, amico! Sì, tu!"
123,32,en-us,Night5_Side3,,"Mentre aspetto, mi scervello per capire perché il Primogenito dei Banu Haqim mi volesse qui stanotte, invece che là fuori a lavorare al mio caso."
123,33,en-us,Night5_Side3,,La possibilità ovvia - e quella su cui conto - è che abbia una pista che non se l’è sentita di condividere all’Elysium.
123,34,en-us,Night5_Side3,,"Sono quasi certa che sia una falsa speranza, però. Tutta questa «indagine» continua a sembrare una barzelletta raccontata alle mie spalle."
123,35,en-us,Night5_Side3,,"Mentre cerco di capire come mi sento al riguardo, qualcuno finalmente si accorge di me."
123,36,en-us,Night5_Side3,,L’aura che avvolge questo posto è soffocante. Sembrano tutti incredibilmente col naso all’insù. Come se fossero destinati alla grandezza per il solo merito di essere nati.
123,37,en-us,Night5_Side3,,"Arie e smancerie, ovunque guardi. Una gabbia per criceti addobbata dove ognuno cerca o di leccare i piedi ai superiori o di farsi leccare il culo da sottoposti troppo zelanti."
123,38,en-us,Night5_Side3,,Il fatto che io trovi tutto questo così patetico è probabilmente una delle ragioni per cui non ho mai combinato niente. C’est la vie.
123,39,en-us,Night5_Side3,,"Mentre tiro un’altra boccata, noto un membro dello staff ben curato, il direttore immagino, che mi fissa da dietro la montatura in tartaruga. "
123,40,en-us,Night5_Side3,,"È abbastanza competente da mantenere le apparenze, ma capisco che è sul piede di guerra."
123,41,en-us,Night5_Side3,Player,[Spegni la sigaretta di malavoglia]
123,42,en-us,Night5_Side3,Player,[Fissalo finché non cede]
123,43,en-us,Night5_Side3,Player,[Ignoralo]
123,44,en-us,Night5_Side3,,Credo di sapere perché mi fissa così. Uffa. E va bene.
123,45,en-us,Night5_Side3,,Spengo la sigaretta su un portacandele indiano dall’aria finta in mezzo al tavolo. Il direttore torna alle sue faccende abituali.
123,46,en-us,Night5_Side3,,"Chissà cosa avrebbe fatto se l’avessi spenta sulla tovaglia… oh, sta’ zitta, Julia, non hai più diciassette anni."
123,47,en-us,Night5_Side3,,"C’è qualcosa in questo tizio che mi dà fastidio. 
"
123,48,en-us,Night5_Side3,,Soffio fuori nuvole di fumo con noncuranza e ricambio il suo sguardo minaccioso. Lui mi volta semplicemente le spalle come se niente fosse. 
123,49,en-us,Night5_Side3,,Ci vuole più di un atteggiamento stizzito per segnare un punto contro di me.
123,50,en-us,Night5_Side3,,Gli volto le spalle in un gesto di palese noncuranza che spero non fraintenda.
123,51,en-us,Night5_Side3,,"Mentre continuo a scrutare l’ambiente, noto il concierge che risponde a una telefonata e prende freneticamente un appunto. Bene. Torna al lavoro, amico."
123,52,en-us,Night5_Side3,,"Proprio mentre mi passa per la testa l’idea di andarmene, mi lancia una breve occhiata prima di riattaccare."
123,53,en-us,Night5_Side3,,"Il concierge mi raggiunge in fretta, danzando per abitudine tra i tavoli, e mi si rivolge prima ancora che io riesca a dire una parola."
123,54,en-us,Night5_Side3,PatricianConcierge,"Mi scusi, signora, per caso è lei la signorina Sowinski?"
123,55,en-us,Night5_Side3,,Appena annuisco mi porge un biglietto piegato con cura e se ne va. 
123,56,en-us,Night5_Side3,,"Per la velocità con cui l’ha scarabocchiato, la calligrafia è impeccabile. Dice:"
123,57,en-us,Night5_Side3,,Il biglietto dice:
123,58,en-us,Night5_Side3,,"«Il direttore di questo locale ha insultato l’autorità della Camarilla con la sua negligenza. Per quanto lieve, la sua trasgressione va punita. Vorrei che mi assistessi in questa faccenda.»"
123,59,en-us,Night5_Side3,,«Una simile dimostrazione di buona volontà da parte tua migliorerebbe di certo la tua posizione con i piani alti. Scegli una punizione adeguata e non letale. S.»
123,60,en-us,Night5_Side3,,"Be’, che delusione. Immagino fosse chiedere troppo aspettarsi un aiuto con l’indagine. Invece, un’altra commissione."
123,61,en-us,Night5_Side3,,"Il massimo che posso sperare è che sia davvero una richiesta amichevole, e non un tentativo deliberato di far deragliare il mio lavoro così presto nella partita."
123,62,en-us,Night5_Side3,Julia_angry,...Ehh. Maledizione.
123,63,en-us,Night5_Side3,,"Tanto vale sbrigarla, visto che sono già qui, così posso passare a cose più urgenti."
123,64,en-us,Night5_Side3,,Mi avvicino svelta al direttore e gli do un colpetto sulla spalla. Aggrotta la fronte appena mi nota.
123,65,en-us,Night5_Side3,PatricianManager,"Temo di essere occupato, uno del personale di sala dovrebbe poterla..."
123,66,en-us,Night5_Side3,Player,"Abbiamo una cosa di cui parlare. La sala VIP. Subito, per favore."
123,67,en-us,Night5_Side3,,"La faccia gli si scolora. Forse gli è venuto in mente che sono perfino più pallida degli altri ospiti, quelli dal sangue più blu. Diventa immediatamente docile mentre lo accompagno oltre una porta laterale."
123,68,en-us,Night5_Side3,,"La stanza non è vuota, ma i suoi ospiti stanno uscendo. Nessuno mi presta attenzione. Il direttore è gentile quanto può mentre congeda i clienti, ma vedo che sta chiaramente perdendo la testa. "
123,69,en-us,Night5_Side3,,"Chiede sottovoce a uno del personale di lasciargli cinque minuti nella sala, e chiude con delicatezza le porte alle proprie spalle. Poi cominciano le suppliche."
123,70,en-us,Night5_Side3,PatricianManager,"Senta, lo so che ho combinato un guaio… non avrei dovuto farlo entrare... come potevo sapere che non era uno dei… clienti giusti?"
123,71,en-us,Night5_Side3,Player,Non me ne frega un… senta… ehi!
123,72,en-us,Night5_Side3,,Continua come se io non fossi nemmeno qui. A ogni gemito successivo diventa sempre più irritante...
123,73,Menu Text en-us,Night5_Side3,Player,[Spiega]
123,74,Menu Text en-us,Night5_Side3,Player,[Sfogati]
123,75,en-us,Night5_Side3,Julia_angry,Solo... solo stia zitto per un maledetto secondo!
123,76,en-us,Night5_Side3,,"Il mio scatto lo fa finalmente tacere. Accendo l’ultima sigaretta del pacchetto e tiro una boccata lenta, cercando di ricompormi."
123,77,en-us,Night5_Side3,,Ne ho abbastanza di queste stronzate.
123,78,en-us,Night5_Side3,,"Lo prendo per la nuca e gli sbatto la testa sul bancone. Poi lo scaravento sul tavolino da caffè lì vicino, piccolo ma robusto."
123,79,en-us,Night5_Side3,,"Tiro fuori un mestolo dalla zuppiera elegante in cui era servito e prendo a bastonate il tizio. Non è una bella scena, e dura molto più del necessario."
123,80,en-us,Night5_Side3,,A ogni colpo i suoi gemiti si fanno più deboli. Torno in me solo quando soffoca in un singhiozzo.
123,81,en-us,Night5_Side3,,Lo guardo lì steso che ansima dopo il pestaggio ingiusto.
123,82,en-us,Night5_Side3,,Butto via l’utensile insanguinato e me ne vado di lì il più in fretta possibile.
123,83,en-us,Night5_Side3,,Non so davvero cosa mi sia preso là dentro. Ho agito d’istinto. Caren mi aveva avvertita che qualcosa nella nostra linea di sangue trova detestabili i deboli piagnucolosi. È questo che mi ha fatto scattare?
123,84,en-us,Night5_Side3,,"Be’, è una cosa di cui preoccuparsi in futuro, ma… per ora è inutile rimuginarci. Ho fatto quello che mi è stato chiesto, e ho perso fin troppo tempo qui. È tutto, gente."
123,85,en-us,Night5_Side3,Player,Non me ne faccio niente delle sue spiegazioni e giustificazioni. Non so che trasgressione abbia commesso...
123,86,en-us,Night5_Side3,PatricianManager,Non avrei mai dovuto far entrare quel tale Sansaricq…
123,87,en-us,Night5_Side3,Player,… e a dire la verità non me ne frega un cazzo.
123,88,en-us,Night5_Side3,PatricianManager,"...Non succederà mai più, lo giuro sulla tomba di mia madre… solo…"
123,89,en-us,Night5_Side3,,"Non sono una gran conoscitrice di persone, ma vederlo supplicare a braccia aperte lo fa somigliare davvero al figliol prodigo della Bibbia, che giura di cambiare vita."
123,90,Menu Text en-us,Night5_Side3,Player,[Marchialo]
123,91,Menu Text en-us,Night5_Side3,Player,[Cavatela con un avvertimento]
123,92,Menu Text en-us,Night5_Side3,Player,[Sfogati]
123,93,en-us,Night5_Side3,,"Gli afferro la mano in una presa ferrea, palmo in su, e tiro una boccata per ravvivare la punta accesa della sigaretta. Non oppone resistenza."
123,94,en-us,Night5_Side3,Julia_doubtCross,Lo sappiamo entrambi che vorranno una prova che le ho dato una lezione che non dimenticherà. Quindi spero che capisca che questa è clemenza.
123,95,en-us,Night5_Side3,,"Spengo la sigaretta nel palmo della sua mano, accompagnata dalle sue urla soffocate. Gli occhi gli si riempiono di lacrime, ma per il resto la incassa da campione."
123,96,en-us,Night5_Side3,Julia_angry,"Se devo tornare in questo cesso, la prossima andrà... proprio... qui."
123,97,en-us,Night5_Side3,,Lo guardo negli occhi e gli do un buffetto volgare sulla palpebra prima di andarmene.
123,98,en-us,Night5_Side3,,"Non sapevo di essere capace di una crudeltà del genere, eppure eccoci qui. Caren mi aveva avvertita che qualcosa nella nostra linea di sangue trova detestabili i deboli piagnucolosi. È questo che mi ha fatto scattare?"
123,99,en-us,Night5_Side3,,"Ma è un rompicapo per un’altra occasione. Ho fatto quello che mi è stato chiesto, e ho perso fin troppo tempo qui. È ora di andare."
123,100,en-us,Night5_Side3,,"Mi avvicino lentamente, con il sorriso più cattivo che riesco a tirare fuori. "
123,101,en-us,Night5_Side3,,"A ogni mio passo il suono della sua voce vacilla un pochino di più, finché non resta che il brusio della stanza e della sala principale oltre la porta."
123,102,en-us,Night5_Side3,,Poi gli piazzo un dito proprio in faccia.
123,103,en-us,Night5_Side3,Julia_angry,Questa è la sua ultima. Cazzo. Di. Occasione. Se dovessi tornare qui...
123,104,en-us,Night5_Side3,,"Mentre gli faccio il gesto di sgozzarlo, un debole odore di urina comincia a spargersi nella stanza. Gesù Cristo. Se solo potessi vedermi allo specchio adesso… "
123,105,en-us,Night5_Side3,,Mi rendo conto di quanto sono andata vicina a fargli il culo per davvero. Caren mi aveva avvertita che qualcosa nella nostra linea di sangue trova detestabili i deboli piagnucolosi. È questo che mi ha fatto scattare?
123,106,en-us,Night5_Side3,,Potrei anche lasciarlo perdere…
123,107,en-us,Night5_Side3,,…ma poi mi ricordo il modo in cui mi ha guardata storto poco fa. Come se fossi uno scarafaggio disgustoso che invade la sua casa delle bambole ben addobbata.
123,108,en-us,Night5_Side3,,"Lo prendo per la nuca e gli sbatto la testa sul bancone. Poi lo scaravento sul tavolino da caffè lì vicino, piccolo ma robusto."
123,109,en-us,Night5_Side3,,Tiro fuori un mestolo dalla zuppiera elegante in cui era servito e prendo il tizio a bastonate per un po’. Dopo un po’ tutto quello che riesce a fare è piagnucolare piano.
123,110,en-us,Night5_Side3,,"Se c’è mai stato un buon momento per dire «lavoro fatto», è adesso. Me ne vado."
123,111,en-us,Night5_Side3,,"Probabilmente sono stata troppo dura con lui. Caren mi aveva avvertita che qualcosa nella nostra linea di sangue trova detestabili i deboli piagnucolosi. Insieme al suo atteggiamento di prima, può essere stato quello a farmi scattare."
123,112,en-us,Night5_Side3,,"Be’, è una cosa di cui preoccuparsi in futuro, ma… per ora è inutile rimuginarci. Ho fatto quello che mi è stato chiesto, e ho perso fin troppo tempo qui. È tutto, gente."
123,113,en-us,Night5_Side3,,"Ma è un rompicapo per un’altra occasione. Ho fatto quello che mi è stato chiesto, e ho perso fin troppo tempo qui. È ora di andare."
123,114,en-us,Night5_Side3,,…
123,115,en-us,Night5_Side3,,Già…
123,116,en-us,Night5_Side3,,…
123,117,en-us,Night5_Side3,,"Ho davvero, DAVVERO bisogno di qualcosa che mi occupi la mente."
123,118,en-us,Night5_Side3,,"Nel bene e nel male, sei bloccata per l’eternità sui venticinque."
123,119,en-us,Night5_Side3,PatricianManager,"Non lo farei mai… la imploro… ho dei figli, per l’amor di Dio… ci sarà pure qualcosa, un accordo, un modo per..."
123,120,en-us,Night5_Side3,,...
123,121,en-us,Night5_Side3,,Non voglio restare qui un secondo di più. Me ne vado.
123,122,en-us,Night5_Side3,,...
123,123,en-us,Night5_Side3,,...
124,1,en-us,MQ5_NightEnd,,Bene. È ora di andare da Qadir.
124,2,en-us,MQ5_NightEnd,,Che gentile da parte sua fissare l’incontro nel posto più comodo per me.
124,3,en-us,MQ5_NightEnd,Qadir_nopic,"D’Angelo, Hope, Tamika, Agathon..."
124,4,en-us,MQ5_NightEnd,Qadir_nopic,Immagino sia meglio di niente. Ma nessuna prova? Davvero?
124,5,en-us,MQ5_NightEnd,PlayerNoPic,"Onestamente, sembrava che qualcuno avesse già ripulito la roba più compromettente prima che arrivassi."
124,6,en-us,MQ5_NightEnd,Qadir_nopic,Suona come gli Anarchici.  
124,7,en-us,MQ5_NightEnd,PlayerNoPic,"Ci tornerò di sicuro a controllare quel posto, ma sento che mi servirebbe una specie di esperto che mi accompagni. Un investigatore navigato che mi insegni il mestiere. Qualcuno alto e affascinante, magari?"
124,8,en-us,MQ5_NightEnd,Qadir_nopic,"Sì, se non ti spaventa un incidente diplomatico, vengo con te."
124,9,en-us,MQ5_NightEnd,PlayerNoPic,Hai idee migliori?
124,10,en-us,MQ5_NightEnd,Qadir_nopic,In realtà proprio questo biglietto me ne ha data una… Ma prima devo organizzarla. Ti farò sapere. 
124,11,en-us,MQ5_NightEnd,PlayerNoPic,Conosci queste persone?
124,12,en-us,MQ5_NightEnd,Qadir_nopic,"Ho avuto contatti di sfuggita con ciascuna di loro. Fa parte del lavoro, si sa."
124,13,en-us,MQ5_NightEnd,PlayerNoPic,Immagino. Puoi darmi una mano con questa cosa? 
124,14,en-us,MQ5_NightEnd,Qadir_nopic,"Il modo in cui l’affronterei io sarebbe: occuparsi di una persona della lista ogni notte, chiedere in giro su di lei, e vedere cosa sa se poi riesci a incontrarla."
124,15,en-us,MQ5_NightEnd,PlayerNoPic,«Se» riesco a incontrarla?
124,16,en-us,MQ5_NightEnd,Qadir_nopic,"Non sono particolarmente facili da rintracciare. Hanno sempre preferito restare un po’ fuori dai radar, ma di questi tempi… sono praticamente tutti nascosti, quando non scomparsi o morti."
124,17,en-us,MQ5_NightEnd,PlayerNoPic,Che buffa coincidenza?
124,18,en-us,MQ5_NightEnd,Qadir_nopic,Non è compito mio speculare.
124,19,en-us,MQ5_NightEnd,,"In altre parole, sa qualcosa ma non è nella posizione di dirlo. "
124,20,en-us,MQ5_NightEnd,,Immagino che lo scoprirò comunque... se riuscirò a incontrarli.
124,21,en-us,MQ5_NightEnd,PlayerNoPic,E perché una notte per ciascuno? Non dovrei seguire ogni filo finché non siamo soddisfatti?
124,22,en-us,MQ5_NightEnd,Qadir_nopic,In un mondo perfetto avresti tutto il tempo che ti serve. Ma questo non è un mondo perfetto. Cercheranno di forzare una soluzione al caso il prima possibile.
124,23,en-us,MQ5_NightEnd,Qadir_nopic,"Sospetto che tra quattro notti, finite le Celebrazioni del Potere, ti chiederanno le tue conclusioni e sarà tutto lì."
124,24,en-us,MQ5_NightEnd,PlayerNoPic,...Che schifo.
124,25,en-us,MQ5_NightEnd,Qadir_nopic,"A essere brutalmente onesto, io non mi concentrerei sul risolvere l’omicidio. Mi concentrerei piuttosto sul non fare figuracce."
124,26,en-us,MQ5_NightEnd,PlayerNoPic,...Che schifoooo.
124,27,en-us,MQ5_NightEnd,Qadir_nopic,È in parte per questo che non volevo che ti coinvolgessero. Non potevi davvero pensare che Arturo ti avesse tirata dentro per bontà d’animo.
124,28,en-us,MQ5_NightEnd,Qadir_nopic,Tutta la tua «indagine» è solo di facciata. Dovevi essere un’attrice inconsapevole. 
124,29,en-us,MQ5_NightEnd,PlayerNoPic,...
124,30,en-us,MQ5_NightEnd,Qadir_nopic,A cosa stai pensando?
124,31,en-us,MQ5_NightEnd,,Tiro una boccata dalla sigaretta.
124,32,en-us,MQ5_NightEnd,PlayerNoPic,Da dove comincio?
124,33,en-us,MQ5_NightEnd,Qadir_nopic,Vieni con me. Si dà il caso che io sia qui fuori solo perché mi hanno ordinato di accompagnare Aisling a The Art Hole.
124,34,en-us,MQ5_NightEnd,Qadir_nopic,E indovina come si chiama il suo protetto.
124,35,en-us,MQ5_NightEnd,PlayerNoPic,Ohh. Quindi Agathon è lui?
124,36,en-us,MQ5_NightEnd,Qadir_nopic,O era. Nessuno lo sa. È una faccenda complicata. Vedrai.
124,37,en-us,MQ5_NightEnd,Qadir_nopic,"Ho i minuti contati, quindi muoviamoci. "
124,38,en-us,MQ5_NightEnd,AislingShadows,"Come ho già detto a Qadir, e pure parecchie volte, non ho idea di cosa sia successo ad Agathon. "
124,39,en-us,MQ5_NightEnd,,"La Cappella di Broadway, parte della Cappella dei Cinque Distretti, è il ritrovo abituale di Aisling in queste ultime notti. Ha fretta, e non è disposta a parlare."
124,40,en-us,MQ5_NightEnd,Player,"Ha idea di che collegamento avesse con i Fratelli che rispondono ai nomi di Tamika, D’Angelo e Hope?"
124,41,en-us,MQ5_NightEnd,AislingShadows,No. Mi ero imposta di mantenere il nostro rapporto strettamente professionale e non mi sono mai immischiata nei suoi affari personali… a meno che non influenzassero il lavoro. Ma è successo una volta sola.
124,42,en-us,MQ5_NightEnd,QadirShadows,"Ah, sì. Il famigerato caso Juno. "
124,43,en-us,MQ5_NightEnd,Julia_baseCross,Quel «caso Juno» potrebbe essere il motivo della sua scomparsa?
124,44,en-us,MQ5_NightEnd,AislingShadows,"Ne dubito seriamente, per molte ragioni. Credo che il ragazzo abbia perso l’appetito per lo studio della magia del sangue e sia partito a cercare se stesso. "
124,45,en-us,MQ5_NightEnd,AislingShadows,"È stato piuttosto scortese da parte sua non avvisarmi come si deve prima di andarsene. D’altra parte, questo mestiere non è particolarmente frequentato da gente con una perfetta padronanza del savoir-vivre. "
124,46,en-us,MQ5_NightEnd,AislingShadows,"Spero proprio che la sua ricerca lo riporti esattamente al punto di partenza, a implorarmi di riprenderlo. Il ragazzo è di talento, e ho investito molto tempo nel formarlo."
124,47,en-us,MQ5_NightEnd,AislingShadows,"Se non lo fa, be’, que sera, sera. Non ci perdo niente. "
124,48,en-us,MQ5_NightEnd,Julia_doubtCross,Quindi non prende nemmeno in considerazione la possibilità che si sia messo nei guai?
124,49,en-us,MQ5_NightEnd,QadirShadows,"A questa so rispondere io. Mentalità da ricercatrice. Non ritiene che valga la pena considerare seriamente lo scenario peggiore, e prende le cose come vengono."
124,50,en-us,MQ5_NightEnd,AislingShadows,"Esattamente. Se, per esempio, gli scienziati del clima non operassero così, quasi tutti si sarebbero sparati un colpo in testa da un pezzo."
124,51,en-us,MQ5_NightEnd,,Che pensiero allegro.
124,52,en-us,MQ5_NightEnd,Player,Vorrei cercare nella Cappella tracce di dove sia finito Agathon.
124,53,en-us,MQ5_NightEnd,AislingShadows,"Il nostro buon Sceriffo l’ha già fatto, tempo fa. Sprecheresti solo il tuo tempo. E il nostro, tra l’altro. Non avevi detto che Hellene ci aspetta, Qadir?"
124,54,en-us,MQ5_NightEnd,QadirShadows,"Concedi alla ragazza quindici minuti, Aisling. Un minimo di supporto a un’indagine in corso. E poi ha una certa attitudine a trovare le cose che sfuggono a tutti gli altri."
124,55,en-us,MQ5_NightEnd,AislingShadows,...Tsk.
124,56,en-us,MQ5_NightEnd,AislingShadows,"Dieci minuti. E se provi a passare questa porta, o quella lassù, non posso garantire che uscirai di qui viva."
124,57,en-us,MQ5_NightEnd,Player,"La ringrazio molto, Alto Reggente."
124,58,en-us,MQ5_NightEnd,AislingShadows,Sbrigati e basta.
124,59,en-us,MQ5_NightEnd,,...
124,60,en-us,MQ5_NightEnd,,"Il mio tempo qui è praticamente scaduto, e non ho trovato niente di utile."
124,61,en-us,MQ5_NightEnd,,Sembra che Agathon fosse completamente dedito al lavoro. Perfino i suoi alloggi personali sono spogli al massimo. Nessun tocco personale. Niente su cui basarmi.
124,62,en-us,MQ5_NightEnd,,"È tutto ricerca, ricerca, ricerca. Sembra una noia mortale."
124,63,en-us,MQ5_NightEnd,,"Concentrati, Julia. Cosa faresti se fossi uno Stregone maniaco del lavoro?"
124,64,en-us,MQ5_NightEnd,,Dove lasceresti indizi su dove sei finito?
124,65,en-us,MQ5_NightEnd,,Cosa faresti se ti trovassi in pericolo di vita e volessi che Dakota lo sapesse?
124,66,en-us,MQ5_NightEnd,MQ4_Ghost_,...È allentato.
124,67,en-us,MQ5_NightEnd,,Era...
124,68,en-us,MQ5_NightEnd,,...Sì.
124,69,en-us,MQ5_NightEnd,,"...Era rivolto da questa parte, eh."
124,70,en-us,MQ5_NightEnd,,"Mi avvicino al punto dove ho visto comparire la sagoma d’ombra. È un muro di mattoni, e…"
124,71,en-us,MQ5_NightEnd,,...uno dei mattoni è allentato.
124,72,en-us,MQ5_NightEnd,,"Qadir e Aisling sono in un’altra stanza in questo momento, ancora a discutere della festa."
124,73,en-us,MQ5_NightEnd,Qadir_nopic,Non è così grave. Dovresti imparare a trovare il lato comico nelle piccole cose.
124,74,en-us,MQ5_NightEnd,Aisling_nopic,"È umiliante, Sceriffo. È tutto qui."
124,75,en-us,MQ5_NightEnd,,"È il momento. Smuovo il mattone finché non riesco ad afferrarlo. Poi lo estraggo nel modo più silenzioso possibile, rivelando un buco nel muro. "
124,76,en-us,MQ5_NightEnd,,Dentro c’è un libro. Lo sfoglio in fretta.
124,77,en-us,MQ5_NightEnd,,Il diario di Agathon. Bingo.
124,78,en-us,MQ5_NightEnd,,…
124,79,en-us,MQ5_NightEnd,AislingShadows,"I tuoi dieci minuti sono scaduti. E anche i quindici, a dire il vero. Hai finito qui?"
124,80,en-us,MQ5_NightEnd,Player,"Se potessi avere solo altri cinque minuti… ho ancora la sensazione che potrei trovare qualcosa, se guardassi un altro po’."
124,81,en-us,MQ5_NightEnd,QadirShadows,"Assolutamente no, Julia. Ora di andare."
124,82,en-us,MQ5_NightEnd,Julia_angry,...Va bene.
124,83,en-us,MQ5_NightEnd,,"Rimetto a posto il mattone e mi porto via il diario. Sembrava proprio che Agathon l’avesse lasciato perché qualcuno nella cappella lo trovasse, presumibilmente l’Alto Reggente..."
124,84,en-us,MQ5_NightEnd,,...ma per ora la mia indagine ha la precedenza.
124,85,en-us,MQ5_NightEnd,,Saluto Qadir e Aisling e comincio a cercare un posto appartato per leggere il diario. 
124,86,en-us,MQ5_NightEnd,,Questo posto qui dovrebbe essere abbastanza appartato per sfogliare il diario in pace.
124,87,en-us,MQ5_NightEnd,,"Comincio a scorrere velocemente il libro, isolando frasi e paragrafi che sembrano interessanti, cercando di farmi un’idea generale del tipo di persona che era Agathon."
124,88,en-us,MQ5_NightEnd,,O che è. Spero.
124,89,en-us,MQ5_NightEnd,,"Più leggo, più l’immagine della persona si fa nitida. Lavora sotto l’Alto Reggente da quindici anni. "
124,90,en-us,MQ5_NightEnd,,"C’è una vergogna di fondo nel modo in cui parla della magia Tremere. Si descrive sempre come troppo lento a capire, troppo in ritardo nell’imparare qualcosa, troppo dilettante. "
124,91,en-us,MQ5_NightEnd,,Ci teneva parecchio a legare il proprio valore alla propria sapienza.
124,92,en-us,MQ5_NightEnd,,"Le annotazioni, che cominciano nel 2012, sono di una regolarità terrificante. La calligrafia è straordinariamente ordinata. La dedizione assoluta dell’autore ai suoi studi è palpabile. "
124,93,en-us,MQ5_NightEnd,,"Se c’è qualcosa nella sua non-vita oltre al lavoro, sono i rapporti con le tre donne importanti a cui tiene."
124,94,en-us,MQ5_NightEnd,,"La prima è la sua maestra, Aisling Sturbridge, che venera per la sua conoscenza, il suo stoicismo e la sua disponibilità a sperimentare. "
124,95,en-us,MQ5_NightEnd,,"Speravo di trovare qui qualche dettaglio sul suo lavoro segreto, ma niente da fare. Pare fosse disposto a rischiare che qualcuno scoprisse tutto della sua vita interiore, ma niente che potesse danneggiare i suoi studi."
124,96,en-us,MQ5_NightEnd,,Un buon allievo. Al servizio di una buona maestra. Sono invidiosa. 
124,97,en-us,MQ5_NightEnd,,"La seconda è un’altra Stregone, la sua ex amante, Juno, verso la quale si sente in colpa. Hanno avuto un conflitto in cui era coinvolta Aisling. Dovendo scegliere tra le due, ha scelto Aisling. "
124,98,en-us,MQ5_NightEnd,,"Secondo Agathon, tra lui e Juno non c’è mai stato vero amore. Prima erano solo interessi condivisi, poi un distacco crescente, e infine il senso di colpa che lo faceva sentire responsabile di lei."
124,99,en-us,MQ5_NightEnd,,Ma forse sono solo scuse? Mi dà l’impressione di uno che passa quasi tutto il tempo dentro la propria testa. Non suona come qualcuno con cui si possa avere una storia appagante.
124,100,en-us,MQ5_NightEnd,,...un giorno Dakota potrebbe rendersene conto.
124,101,en-us,MQ5_NightEnd,,Comunque.
124,102,en-us,MQ5_NightEnd,,"Ultima ma non ultima: la nonna mortale di Agathon, Silvia. È la luce della sua vita, e la persona che si è presa cura di lui dopo che i suoi genitori sono morti in un omicidio rituale… non proprio quello che mi aspettavo. "
124,103,en-us,MQ5_NightEnd,,"La sua famiglia serviva un vampiro crudele a Città del Messico, e fu la punizione per la loro fuga. In realtà fu proprio lei il [58;Tremere] di punta usato per rintracciarlo?"
124,104,en-us,MQ5_NightEnd,,"L’ha tenuta in vita a lungo, ma qualche mese fa il suo cuore ha ceduto. Agathon ha dato la colpa alle proprie capacità insufficienti. Il tipo d’uomo che si carica il mondo intero sulle spalle."
124,105,en-us,MQ5_NightEnd,,"Rimasto solo con Aisling, si è annegato nel lavoro, e alla fine è crollato. Ma non sembra che la morte di Silvia sia stato l’unico evento a innescare la sua spirale depressiva?"
124,106,en-us,MQ5_NightEnd,,C’è stato una specie di incidente nel 2019. Non cita dettagli. Un’altra cosa che aveva paura di mettere per iscritto? Sono tutti accenni vaghi a una persona che «lo ha fatto volare troppo vicino al sole».
124,107,en-us,MQ5_NightEnd,,"Qualunque cosa sia successa, ha avuto lo stesso effetto della morte della nonna. New York ha smesso di sembrargli casa. È diventata «aliena», «vuota», «grottesca». Parole sue."
124,108,en-us,MQ5_NightEnd,,"Controllo la prima pagina. C’è una sua fotografia recente incollata all’interno della copertina. È girato di spalle rispetto all’obiettivo, mostra solo il profilo, in una posa piuttosto drammatica."
124,109,en-us,MQ5_NightEnd,,"A prima vista mi sembra un po’ da posatore. Guardandola meglio, però, sembra una… foto d’addio. L’ultima occhiata malinconica che lancia nella tua direzione prima di sparire per sempre."
124,110,en-us,MQ5_NightEnd,,C’è anche una sola piuma nera. Non ho idea di cosa significhi.
124,111,en-us,MQ5_NightEnd,,Accanto alla fotografia c’è scritto qualcosa con molti svolazzi. Sembra… una poesia?
124,112,en-us,MQ5_NightEnd,,«Più che annoiata. Triste.»
124,113,en-us,MQ5_NightEnd,,«Più che triste. Infelice.»
124,114,en-us,MQ5_NightEnd,,«Più che infelice. Sofferente.»
124,115,en-us,MQ5_NightEnd,,«Più che sofferente. Abbandonata.»
124,116,en-us,MQ5_NightEnd,,«Più che abbandonata. Sola al mondo.»
124,117,en-us,MQ5_NightEnd,,«Più che sola. Esiliata.»
124,118,en-us,MQ5_NightEnd,,«Più che esiliata. Morta.»
124,119,en-us,MQ5_NightEnd,,…
124,120,en-us,MQ5_NightEnd,,«Più che morta. Dimenticata.»
124,121,en-us,MQ5_NightEnd,,"«Il sedativo (1917), di Marie Laurencin.»"
124,122,en-us,MQ5_NightEnd,,Sembra che l’abbia trascritta di recente. Potrebbe aver risuonato con il suo stato d’animo di questi ultimi mesi. 
124,123,en-us,MQ5_NightEnd,,"Soprattutto, mi sembra confermare quale fosse la sua intenzione con questo diario. "
124,124,en-us,MQ5_NightEnd,,"L’idea di fondo sembra essere: la sua ricerca gli sopravvivrà, quindi non la descrive nemmeno. Voleva però lasciare ai posteri una qualche memoria tangibile di chi era."
124,125,en-us,MQ5_NightEnd,,Ma non è tutto. C’è ancora un mistero da risolvere. 
124,126,en-us,MQ5_NightEnd,,"Parecchie pagine verso la fine mancano, ma non sembra che siano state necessariamente rimosse per censurare informazioni."
124,127,en-us,MQ5_NightEnd,,"Sono state strappate in un modo che rende chiaro che la carta non era mai stata usata. Per di più, anche le pagine precedenti sono vuote."
124,128,en-us,MQ5_NightEnd,,Che sia possibile che...
124,129,en-us,MQ5_NightEnd,,È allora che succede di nuovo.
124,130,en-us,MQ5_NightEnd,,Noto una forma bizzarra con la coda dell’occhio.
124,131,en-us,MQ5_NightEnd,MQ4_Ghost_,Sanguina.
124,132,en-us,MQ5_NightEnd,,"Mi giro per coglierla il più in fretta possibile, ma è già sparita. Se il mio cuore potesse battere più forte adesso, mi salterebbe fuori dal petto. "
124,133,en-us,MQ5_NightEnd,,È inquietante. Vedo queste apparizioni da quando mi sono trasformata in… questo.
124,134,en-us,MQ5_NightEnd,,"Il peggio è che sento che ci sono sempre state. Anche da mortale a volte erano lì con la coda dell’occhio, e sparivano quando provavo a guardarle dritte, facendomi credere che fosse la mente a farmi degli scherzi."
124,135,en-us,MQ5_NightEnd,,"Ma quando fai parte del Clan della Notte, ci sono volte in cui non spariscono. Ci sono volte in cui parlano. Ci sono volte in cui provano a costringerti a fare quello che vogliono. E la cosa peggiore…"
124,136,en-us,MQ5_NightEnd,,...no. Adesso non ci voglio pensare.
124,137,en-us,MQ5_NightEnd,,"Comunque, per quel che ho visto, non sono esattamente, non so, consapevolmente malevole. Questa in particolare stava cercando di… aiutare?"
124,138,en-us,MQ5_NightEnd,,Apro il libro alla prima pagina vuota e mi guardo intorno per assicurarmi che nessuno stia fissando.
124,139,en-us,MQ5_NightEnd,,"Poi mi taglio con una lametta che tengo in tasca per ogni evenienza. Non è un taglio profondo, voglio solo far cadere una goccia di vitae sulla pagina."
124,140,en-us,MQ5_NightEnd,,È allora che compaiono le lettere.
124,141,en-us,MQ5_NightEnd,BossCallihan,"Guardatemi, un pagliaccio tr---co. Non più sicuro che ci si possa fidare di qualcuno dei miei, mi rivolgo a un cazzo di s---ca. E per giunta della Camarilla."
124,142,en-us,MQ5_NightEnd,AgathonShadows,… (Disprezzo trattenuto.)
124,143,en-us,MQ5_NightEnd,BossCallihan,"Cosa aspet---i, ragazzo. Ridi di me. Il ridicolo è tutto quello che mer---o. "
124,144,en-us,MQ5_NightEnd,AgathonShadows,…
124,145,en-us,MQ5_NightEnd,BossCallihan,"Dai. Non st---ne lì impalato come un idiota. Se hai qualcosa da dire, dilla."
124,146,en-us,MQ5_NightEnd,,...
124,147,en-us,MQ5_NightEnd,Julia_doubtCig,Ma che... Diavolo?
124,148,en-us,MQ5_NightEnd,,È l’ultima cosa che mi aspettavo.
124,149,en-us,MQ5_NightEnd,,Questo diario è… infestato. 
124,150,en-us,MQ5_NightEnd,,"Una serie di frasi e immagini che cambiano in fretta, composte di ombre e sangue, mi apre una finestra su un’altra realtà."
124,151,en-us,MQ5_NightEnd,,"Non è una visione oggettiva. È come… residui sparsi di emozioni, simili a un sogno ricordato a metà. Pieno di buchi, ma… un’espressione onesta di una mente."
124,152,en-us,MQ5_NightEnd,,"Che stia interagendo con me? È solo un’ipotesi, ma… non so per quale altro motivo mi mostrerebbe Callihan. E quella era… Ellis Island?"
124,153,en-us,MQ5_NightEnd,MQ4_Ghost_,Scrivi.
124,154,en-us,MQ5_NightEnd,,Stavolta non guardo nemmeno nella sua direzione. La voce mi rende stranamente sicura di quello che devo fare.
124,155,en-us,MQ5_NightEnd,,Prendo la piuma che era nel diario e la intingo nella mia vitae.
124,156,en-us,MQ5_NightEnd,,Poi scrivo…
124,157,Menu Text en-us,MQ5_NightEnd,Player,«Compassione.»
124,160,en-us,MQ5_NightEnd,Julia_baseCig,Proviamo con «compassione».
124,161,en-us,MQ5_NightEnd,AgathonShadows,"Può chiamarmi con tutti i nomi che vuole. Proverò comunque pietà per lei, vecchio. "
124,162,en-us,MQ5_NightEnd,BossCallihan,"Be’, che ge---rosità la tua."
124,163,en-us,MQ5_NightEnd,AgathonShadows,"Vedo cosa è. In un certo senso, la compassione da parte di uno come me è probabilmente il peggior regalo che potesse ricevere."
124,164,en-us,MQ5_NightEnd,BossCallihan,Eh. Ehehehehe---ehehe.
124,165,en-us,MQ5_NightEnd,AgathonShadows,(Sensazione di aver fatto centro.)
124,174,en-us,MQ5_NightEnd,,Non sembra che gli eventi si siano svolti così… è più un modo per esplorare la verità emotiva di Agathon su come è andata.
124,175,en-us,MQ5_NightEnd,,"In ogni caso il diario reagisce a me, e una sfumatura di verità è meglio di niente. È uno strumento comodo, e se lo uso bene potrei trovare qualche indizio utile all’indagine."
124,176,en-us,MQ5_NightEnd,,"Ho qualche pensiero che mi fluttua in testa, come entità aliene che cercano di uscire. Anche questo è un effetto del potere del diario? Proviamo con…"
124,177,Menu Text en-us,MQ5_NightEnd,Player,«Morte.»
124,180,en-us,MQ5_NightEnd,AgathonShadows,È la paura della morte che l’ha spinta a contattarmi?
124,181,en-us,MQ5_NightEnd,BossCallihan,"Non essere rid---lo. Sono pronto a morire da prima che tu uscissi dal ventre di tua madre, ragazzo. No. Temo qual---sa di peggio."
124,182,en-us,MQ5_NightEnd,AgathonShadows,Quindi quando ha saputo del loro complotto...
124,183,en-us,MQ5_NightEnd,BossCallihan,Sì. Non avevo paura che fallisse e mi lasciasse alla Morte Ultima. Av---o paura che riuscisse.
124,193,en-us,MQ5_NightEnd,,"Maledizione, di cosa state parlando voi due? Perché vi siete incontrati?"
124,194,Menu Text en-us,MQ5_NightEnd,Player,«Resistere.»
124,197,en-us,MQ5_NightEnd,AgathonShadows,"Dobbiamo solo resistere. Le ho detto quello che so, e dovrebbe farci guadagnare un po’ di tempo. Vedrò cos’altro riesco a scoprire."
124,198,en-us,MQ5_NightEnd,BossCallihan,"Tempo? Non c’è t---po. Non abbiamo a che fare con dei coglioni come te! Dobbiamo comportarci come se ci avessero già sco---ti, e in fretta! Per quel che ne so potrebbero aver già ordinato le nostre morti!"
124,199,en-us,MQ5_NightEnd,AgathonShadows,Sono l’allievo dell’Alto Reggente. Sono il suo braccio destro da anni. Non è possibile che permetta che io...
124,200,en-us,MQ5_NightEnd,BossCallihan,"Brutto succhia---zi. Nel momento in cui ti vedrà come un esperimento fallito, ti tratterà come tratta tutti i suoi esperi---ti falliti."
124,208,en-us,MQ5_NightEnd,AgathonShadows,(Sangue che si gela.)
124,209,en-us,MQ5_NightEnd,AgathonShadows,…
124,210,en-us,MQ5_NightEnd,,"Tutti gli scarabocchi spariscono, e altri cominciano a prendere il loro posto."
124,211,en-us,MQ5_NightEnd,,Il diario evoca l’immagine di un luogo completamente diverso. Ho subito una sensazione di déjà vu.
124,212,en-us,MQ5_NightEnd,,"Percepisco lo spazio in modo diverso. L’atmosfera è diversa, più… familiare, accogliente. Ma questa è senza dubbio la cappella Tremere che ho visitato prima stanotte."
124,213,en-us,MQ5_NightEnd,,E lì in piedi c’è proprio la persona che mi aspetterei.
124,214,en-us,MQ5_NightEnd,AislingCoteries,…
124,215,en-us,MQ5_NightEnd,,Pare che il mio «incontro» con Callihan finisca qui. Maledizione.
124,216,en-us,MQ5_NightEnd,,"Ma se la persona di cui parlava, e che gli suscitava una reazione emotiva così forte… fosse Aisling?"
124,217,en-us,MQ5_NightEnd,,Il diario attende il mio prossimo comando.
124,218,Menu Text en-us,MQ5_NightEnd,Player,«Perché?»
124,221,en-us,MQ5_NightEnd,AgathonShadows,Alto Reggente… Perché?
124,224,en-us,MQ5_NightEnd,AislingCoteries,"Perché? Non puoi dire sul serio. Questi esperi---ti richiedono risorse, e non sarei in grado di procurarmi tutti i materiali necessari in tempi ragionevoli da sola."
124,225,en-us,MQ5_NightEnd,AislingCoteries,È un quid pro quo. E non è che la mia ricerca non giovi a tutti i Fratelli sul lu--- periodo.
124,226,en-us,MQ5_NightEnd,AgathonShadows,"Non mi sento affatto a mio agio a farne parte. Ho sempre pensato che ci occupassimo di scienza, non di politica."
124,231,en-us,MQ5_NightEnd,AislingCoteries,"Queste sono parole da bambino, Agat---. La scienza si è sempre appoggiata alla politica, e la politica alla scienza. "
124,232,en-us,MQ5_NightEnd,AgathonShadows,"Non così, Alto Reggente."
124,233,en-us,MQ5_NightEnd,AislingCoteries,"Non mettermi in imbaraz---, Agathon."
124,331,Menu Text en-us,MQ5_NightEnd,PlayerNoPic,Sono incazzata.
124,332,en-us,MQ5_NightEnd,PlayerNoPic,"Pensieri, pensieri. Sono arrabbiata, cosa ti aspetti?"
124,333,en-us,MQ5_NightEnd,Qadir_nopic,"Qualcosa di diverso dal solito, immagino."
124,334,en-us,MQ5_NightEnd,PlayerNoPic,"I miei livelli di rabbia sono sopra il solito, immagino."
124,335,en-us,MQ5_NightEnd,Qadir_nopic,"È una brutta situazione, ma non senza un possibile lieto fine all’orizzonte… quindi spero che tu riesca a incanalare quella rabbia in qualcosa di produttivo."
124,336,en-us,MQ5_NightEnd,,Posso provarci.
124,346,Menu Text en-us,MQ5_NightEnd,Player,A proposito di quella Juno...
124,354,en-us,MQ5_NightEnd,Player,Dakota...
124,359,en-us,MQ5_NightEnd,,"Se non fosse per la lealtà che provo verso Qadir, Samira e il mio sire – Dio sa che il ricordo del mio Abbraccio ha ancora troppa presa su di me – avrei ordito una vendetta contro questi stronzi da un pezzo."
124,361,en-us,MQ5_NightEnd,,"Ma diciamocelo: anche se pensassi che mentire a Mia ieri sulla mia simpatia per gli Anarchici di New York possa giovarmi, probabilmente non lo farei comunque. Mi sembrerebbe un tradimento."
124,362,en-us,MQ5_NightEnd,,C’è qualcosa negli ideali della Camarilla che ancora mi suona vero. La fede nell’eccellenza e nella nobiltà individuali. O il modo in cui Tradizioni collaudate possono ancorarci a questa nuova esistenza terrificante.
124,363,en-us,MQ5_NightEnd,,"Ma stare dal lato di chi la subisce, questa schifosa struttura neofeudale… e vedere in prima persona come le élite giochino comunque con regole tutte loro."
124,364,en-us,MQ5_NightEnd,,Non posso fare a meno di pensare che là fuori debba esserci qualcosa di meglio. Il tipo di Camarilla che meriterebbe davvero la lealtà cieca di Fratelli come Qadir.
124,368,en-us,MQ5_NightEnd,PlayerNoPic,"Fai strada, Lupo Cattivo."
124,371,en-us,MQ5_NightEnd,Qadir_nopic,Non hai ancora finito con questa storia?
124,372,en-us,MQ5_NightEnd,PlayerNoPic,Non finché continua a darti fastidio.
124,373,en-us,MQ5_NightEnd,Qadir_nopic,...Ti lascio indietro se non stai al passo.
124,428,en-us,MQ5_NightEnd,,...
125,11,en-us,Night4_Side1,,Ma cosa mi è passato per la testa?
125,12,en-us,Night4_Side1,,"Cioè, anche gli introversi più disperati desiderano compagnia ogni tanto, che sia quella di qualcuno che conoscono o di un perfetto sconosciuto che si rivela l’anima gemella cercata da sempre."
125,13,en-us,Night4_Side1,,Perfino per una nevrotica come me c’è qualcosa di affascinante nell’idea di barattare per un attimo il proprio individualismo con un posto nella folla.
125,14,en-us,Night4_Side1,,"Puoi girovagare e stare a guardare, come un guardone nascosto in piena vista."
125,15,en-us,Night4_Side1,,"Se c’è qualcosa che manca al guscio della mia precedente vita «sociale», è proprio quella sensazione impalpabile: essere parte di una massa viva."
125,16,en-us,Night4_Side1,,Di sicuro è il mio es che finalmente rivela cosa mi è mancato da sempre. Tutto ciò che la mia anima malata voleva era sgranocchiare una mela caramellata da Williams facendo un giro sovrapprezzato sulla Wonder Wheel.
125,17,en-us,Night4_Side1,,"Be’, ormai sono qui. Tanto vale provare almeno una di queste trappole per turisti."
125,18,Menu Text en-us,Night4_Side1,Player,[Thunderbolt]
125,19,Menu Text en-us,Night4_Side1,Player,[Spook-a-Rama]
125,20,Menu Text en-us,Night4_Side1,Player,[Wonder Wheel]
125,21,en-us,Night4_Side1,,"Di tutte le montagne russe qui intorno, questa sembra attirare meno attenzione di tutte. Perfetto."
125,22,en-us,Night4_Side1,,"Mi siedo nel vagoncino più malandato, allaccio la cintura e mi preparo a estorcermi un po’ di divertimento."
125,23,en-us,Night4_Side1,,Dopo qualche minuto di corsa capisco perché tutti girano al largo da questo posto. Dire che è stata una delusione sarebbe un complimento immeritato.
125,24,en-us,Night4_Side1,,"Un ciclope di gomma dall’aria goffa, appeso sopra l’ingresso della casa stregata, ha un aspetto un po’ dozzinale ma invitante."
125,25,en-us,Night4_Side1,,Pago il biglietto nella speranza di vedere altro kitsch del genere.
125,26,en-us,Night4_Side1,,Non resto fino alla fine e sbuco fuori dall’uscita di emergenza.
125,27,en-us,Night4_Side1,,Cristo.
125,28,en-us,Night4_Side1,,"Sono morta, ho bevuto il sangue di un ratto una volta, ho perso la capacità di usare la tecnologia moderna... e con tutto questo in mente, considero ancora questa la peggiore esperienza di tutte."
125,29,en-us,Night4_Side1,,Il lento girare di quella ruota gigante mi è sempre sembrato piuttosto ipnotico da lontano.
125,30,en-us,Night4_Side1,,La curiosità ha la meglio e mi metto in fila.
125,31,en-us,Night4_Side1,,Dopo essere scesa posso dire con certezza che non valeva l’attesa. Non è riuscita a calmare i pensieri che mi girano in testa. Semmai li ha fatti prosperare.
125,32,en-us,Night4_Side1,,"Non che mi aspettassi altro, ma comunque. Non so bene cosa sperassi."
125,33,en-us,Night4_Side1,,"In mezzo alle nuvole di fumo di sigaretta noto una vecchia appollaiata in silenzio contro il muro. Sembra una gigantesca ruga, ma lo sguardo è vivace e mi trapassa da parte a parte."
125,34,en-us,Night4_Side1,,Tiro fuori il pacchetto accartocciato dalla tasca posteriore. La mia ultima sigaretta.
125,35,en-us,Night4_Side1,,"Mentre alzo l’accendino, un tizio pomposo tutto preso dalla fidanzata visibilmente annoiata mi fa saltare la sigaretta di mano. E in qualche modo è la sua scusa fatta a metà a farmi incazzare di più."
125,36,en-us,Night4_Side1,,"L’impulso di prosciugarlo è forte, ma lo lascio passare. Guardo sotto i miei piedi. Sento la vecchia megera ridacchiare mentre la mia sigaretta affonda nell’unica pozzanghera dei dintorni. "
125,37,en-us,Night4_Side1,Julia_angry,Cazzo!
125,38,en-us,Night4_Side1,,Mi giro verso l’uscita e noto un tizio massiccio che mi punta.
125,39,en-us,Night4_Side1,,Il modo in cui è vestito ha la stessa aura inquietante di Steve Buscemi che attraversa il corridoio di un liceo in tenuta da skater. Solo che Steve Buscemi è mille volte più figo di questo qui.
125,40,en-us,Night4_Side1,,"Mi si piazza in faccia e mi porge una sigaretta, tirando su un sorrisetto piuttosto fastidioso. "
125,41,en-us,Night4_Side1,CopNoCop,"Serataccia, tesoro? "
125,42,Menu Text en-us,Night4_Side1,Player,Lasciami in pace.
125,43,Menu Text en-us,Night4_Side1,Player,Fin qui andava bene.
125,44,Menu Text en-us,Night4_Side1,Player,[Non rispondere]
125,45,en-us,Night4_Side1,Julia_angry,"Sì, e la tua presenza qui la rende peggiore di un ordine di grandezza. Sparisci."
125,46,en-us,Night4_Side1,Player,Andava bene finché non sei arrivato tu.
125,47,en-us,Night4_Side1,,Guardo dall’altra parte e provo a superarlo.
125,48,en-us,Night4_Side1,,Ignora completamente la mia riluttanza e comincia ad agitare le mani a caso come un mimo di seconda mano.
125,49,en-us,Night4_Side1,CopNoCop,"Che peccato. Ma ehi, sembri una che ama divertirsi. Certe cose le riconosco. Ho qualcosa qui, apposta per te. Vuoi dare un’occhiata?"
125,50,en-us,Night4_Side1,,"Cazzo, amico. Quanto si può essere sprovveduti? È uno scherzo con la telecamera nascosta? O magari sei solo una recluta a cui il resto della squadra sotto copertura sta facendo il nonnismo?"
125,51,Menu Text en-us,Night4_Side1,Player,[Finge curiosità]
125,52,Menu Text en-us,Night4_Side1,Player,[Continua a ignorarlo]
125,53,Menu Text en-us,Night4_Side1,Player,"Oh, vaffanculo."
125,54,en-us,Night4_Side1,,Crede davvero che abboccherò. Incredibile.
125,55,en-us,Night4_Side1,,"Va bene, furbone. Ci sto."
125,56,en-us,Night4_Side1,CopNoCop,"Allora, che ne dici?"
125,57,en-us,Night4_Side1,Julia_baseCross,Continua a parlare.
125,58,en-us,Night4_Side1,CopNoCop,Perché non mi segui alla mia scorta? Ho della roba…
125,59,en-us,Night4_Side1,,Wow. Ma proprio wow.
125,60,en-us,Night4_Side1,Julia_doubtCross,"Lascia che ti fermi subito, Tony Montana."
125,61,en-us,Night4_Side1,,"Mi allontano, ma lui è insistente come un mal di denti."
125,62,en-us,Night4_Side1,CopNoCop,"Oh, non reggi il mio evidente fascino, ho capito. Tranquilla, chica, io… Ehi, dove vai?"
125,63,en-us,Night4_Side1,,"Be’, anch’io so essere insistente. Continuo a camminare."
125,64,en-us,Night4_Side1,CopNoCop,"Dai! Sei venuta qui a cercare divertimento, no? Ho proprio quello che fa per te! "
125,65,en-us,Night4_Side1,CopNoCop,Ehi! Non fare così!
125,66,en-us,Night4_Side1,,Non ho tempo per questo idiota.
125,67,en-us,Night4_Side1,Julia_angry,"Che ne dice di levarsi dai coglioni, agente?"
125,68,en-us,Night4_Side1,,"Pare che abbia toccato un nervo scoperto, e lui non sa come gestirla. Dai, omone. Dammi solo un motivo."
125,69,en-us,Night4_Side1,CopNoCop,"Be’, vaffanculo anche a te, stronza!"
125,70,en-us,Night4_Side1,,"Ecco, questo sì che è maleducato… e chiede una reazione."
125,71,Menu Text en-us,Night4_Side1,Player,[Vattene e basta]
125,72,Menu Text en-us,Night4_Side1,Player,Dominazione: Smetti di fingere davanti a tutti.
125,73,Menu Text en-us,Night4_Side1,Player,Dominazione: Spaventa i visitatori della casa stregata.
125,74,en-us,Night4_Side1,,"Non sarà una cima, ma probabilmente non è solo. Sono sicura di poter gestire lui e i suoi amici sbirri, ma stanotte non ho voglia di prendermi una scarica di taser in faccia."
125,75,en-us,Night4_Side1,,Un taser funzionerebbe su di me? Forse non è il momento giusto per scoprirlo. Adesso è il momento di lasciarmi alle spalle questa sceneggiata.
125,76,en-us,Night4_Side1,,"Arrivederci, agente."
125,77,en-us,Night4_Side1,,Si blocca sul posto mentre lo fisso negli occhi.
125,78,en-us,Night4_Side1,Player,Mostra il distintivo e di’ il tuo nome a ogni persona in quella folla.
125,79,en-us,Night4_Side1,,"Gira lentamente sui tacchi e si allontana ondeggiando come un pinguino ubriaco, urlando e sventolando il distintivo perché tutti lo vedano."
125,80,en-us,Night4_Side1,CopNoCop,Sono l’agente Brad Hines! Sono l’agente Brad Hines! Brad Hines! Sono Brad Hines… agente...
125,81,en-us,Night4_Side1,,"I suoi colleghi - due tizi in abiti casual con braccialetti azzurri identici - arrivano di corsa a recuperarlo, ma lui continua a urlare il proprio nome al gruppo sconcertato."
125,82,en-us,Night4_Side1,,Si blocca sul posto mentre lo fisso negli occhi. Punto il dito verso la casa stregata.
125,83,en-us,Night4_Side1,Player,Entra lì dentro. Fingi di essere un mostro vero.
125,84,en-us,Night4_Side1,,"Lo sbirro ondeggia in fretta oltre l’ingresso dello Spook-a-Rama, lasciando il bigliettaio sbigottito dalla sua sfrontatezza."
125,85,en-us,Night4_Side1,,Un attimo dopo vedo un addetto che lotta con l’aspirante spacciatore mentre lui fa la sua migliore imitazione di un lupo mannaro e si strappa la maglietta.
125,86,en-us,Night4_Side1,,"Due tizi in abiti casual con braccialetti azzurri identici si fiondano sulla scena, tirano fuori i distintivi e provano freneticamente a impedire al loro amico di morderli."
125,87,en-us,Night4_Side1,,Tanto basta a farmi venire il sorriso.
125,88,en-us,Night4_Side1,,Vedere la vecchia megera sbellicarsi dalle risate per quello sbirro rende di colpo tutta la gita a Coney Island degna di essere stata fatta. Mi applaude da lontano. Nessuno tranne me sembra accorgersene.
125,90,en-us,Night4_Side1,,"Forse questo posto ha qualcosa in più, dopotutto. Saluto con la mano la vecchia signora, con noncuranza, mentre me ne vado."
125,91,en-us,Night4_Side1,,"Ma davvero. Coney Island, tra tutti i posti? "
125,92,en-us,Night4_Side1,,...Cosa mi è passato per la testa?
125,93,en-us,Night4_Side1,,"Durante tutta questa bizzarra danza da pavone, il suo braccialetto colorato spunta da sotto la manica. "
125,94,en-us,Night4_Side1,,Alzo il dito medio senza nemmeno voltarmi.
125,95,en-us,Night4_Side1,Julia_doubtCross,"Meno di dieci secondi e vai dritto al traguardo? E poi, «roba»? Poveraccio. Sei fuori categoria. Chi ti ci ha messo?"
128,13,en-us,Night7_Side1,NosyReporter,"«Non so con quali armi sarà combattuta la Terza guerra mondiale, ma la Quarta sarà combattuta con bastoni e pietre.» L’uomo che l’ha detto? Albert Einstein."
128,14,en-us,Night7_Side1,,Il tono compiaciuto di una megera giornalista sensazionalista mi strappa da una piacevole fantasticheria. 
128,15,en-us,Night7_Side1,NosyReporter,…anche se i nostri eccellenti giornalisti investigativi lanciano l’allarme da anni...
128,16,en-us,Night7_Side1,,"Vestita con un tailleur di un vistoso insopportabile, spicca come una paperella di gomma sullo squallore circostante. "
128,17,en-us,Night7_Side1,NosyReporter,"…allora perché non chiediamo al newyorkese medio cosa ne pensa? Mi scusi, signorina!"
128,18,en-us,Night7_Side1,,"Mi si avvicina con passo saltellante. Il cameraman fatica a starle dietro. Cristo, non possono rompere le scatole a qualcun altro?"
128,19,en-us,Night7_Side1,NosyReporter,"Mi scusi, signorina. Qual è la sua opinione sulla Cina e sulla sua guerra biologica contro..."
128,20,Menu Text en-us,Night7_Side1,Player,"Sto camminando, io."
128,21,Menu Text en-us,Night7_Side1,Player,"Andate affanculo, stronzi."
128,22,Menu Text en-us,Night7_Side1,Player,La Cina? Non mi importa.
128,23,en-us,Night7_Side1,Player,"Sto camminando, io. Sparisci."
128,24,en-us,Night7_Side1,Julia_angry,"Andate affanculo, stronzi. Andate a scocciare un altro idiota."
128,25,en-us,Night7_Side1,Julia_doubtCross,La Cina? Non mi importa.
128,26,en-us,Night7_Side1,NosyReporter,"Le cammineremo semplicemente accanto, signorina, e le faremo qualche domanda. Tieni la telecamera accesa, Mikey, e cerca di starci dietro… Signorina!"
128,27,en-us,Night7_Side1,,"Provo a continuare a camminare, ma lei mi danza intorno, tentando disperatamente di ficcarmi il microfono sotto il naso. Come faccia a stare in equilibrio su quei tacchi a quella velocità resta un mistero."
128,28,Menu Text en-us,Night7_Side1,Player,[Continua a camminare]
128,29,Menu Text en-us,Night7_Side1,Player,[Rispondi a tono]
128,30,Menu Text en-us,Night7_Side1,Player,[Prova a fermare la ripresa]
128,31,en-us,Night7_Side1,,"Accelero il passo sperando che perda interesse, ma è un osso duro. Maledizione."
128,32,en-us,Night7_Side1,Player,"Senta, non so nemmeno quale sia la sua tesi. So solo che mi ci oppongo su basi puramente estetiche... "
128,33,en-us,Night7_Side1,Julia_angry,"Lo sa che dovrà comprarsi una telecamera nuova se non toglie questa dalla mia faccia, vero?"
128,34,en-us,Night7_Side1,NosyReporter,"Solo qualche domanda e abbiamo finito, signorina. Un dibattito razionale. È tutto quello che chiedo."
128,35,en-us,Night7_Side1,,"Faccio del mio meglio per evitare di essere ripresa, ma il cameraman è implacabile. È solo questione di tempo prima che capisca che il mio essere sfocata non è un guasto temporaneo. Devo mantenere la calma..."
128,36,en-us,Night7_Side1,Player,"Lasciami in pace, brutta… donna lucertola dal cervello liscio."
128,37,en-us,Night7_Side1,NosyReporter,"Non prima che… *ah* lei mi parli… *puff* ...della Cina. Mikey, stacci dietro…"
128,50,en-us,Night7_Side1,,"Fanculo. A questo punto non posso garantire che le riprese non violino la Masquerade, quindi tanto vale prendere precauzioni drastiche per liberarmene. E poi non sopporto di starle vicino un secondo di più."
128,51,Menu Text en-us,Night7_Side1,Player,Potenza: Sfascia l’attrezzatura.
128,52,en-us,Night7_Side1,,Do una bella occhiata al fianco dell’attrezzatura del cameraman e individuo lo slot della scheda di memoria.
128,53,en-us,Night7_Side1,,"Con un solo movimento supero la donna, strappo la telecamera dalle mani del tizio e la scaglio contro il muro della casa occupata lì vicino."
128,54,en-us,Night7_Side1,,Con uno schianto fortissimo il fianco esplode in una pioggia monocromatica di pezzi di plastica e metallo che si sparge sul marciapiede.
128,55,en-us,Night7_Side1,,"Individuo in fretta quel che resta della scheda di memoria, la raccolgo e la spezzo in due proprio davanti agli occhi dell’intervistatrice."
128,56,en-us,Night7_Side1,,"La lascio lì completamente sbalordita, mentre il cameraman prova disperatamente a rimettere insieme il suo giocattolo. Non credo che ci riuscirà."
128,57,Menu Text en-us,Night7_Side1,Player,"Dominazione: Mikey, mastica la tua scheda di memoria."
128,58,en-us,Night7_Side1,,"Guardo oltre la spalla dell’intervistatrice, fissando gli occhi del cameraman."
128,59,en-us,Night7_Side1,Player,Tira fuori la scheda di memoria dalla telecamera e mangiala. E ricordati di masticarla bene.
128,60,en-us,Night7_Side1,,"Perde immediatamente la presa sull’attrezzatura. Precipita sul marciapiede, rompendo nel frattempo il costoso obiettivo. "
128,61,en-us,Night7_Side1,,"Poi estrae rapidamente la scheda dallo slot e le rivolge uno sguardo critico, come un sommelier che giudica un vino dal colore."
128,62,en-us,Night7_Side1,,"Un attimo dopo lancia la scheda in aria, la prende al volo con le labbra e comincia a masticarla velocemente. Il suono della plastica che scricchiola tra i denti è stranamente appagante."
128,63,en-us,Night7_Side1,,"Nel frattempo l’intervistatrice gli martella la testa col microfono, cercando di impedirgli di ingoiare le preziose riprese. Basta una sola deglutizione a farla smettere."
128,64,en-us,Night7_Side1,,"Mi piacerebbe sentirlo provare a spiegare l’inspiegabile, ma preferisco non farle venire dubbi sul mio ruolo in tutto questo."
128,65,Menu Text en-us,Night7_Side1,Player,Oblio: Annienta la telecamera.
128,66,en-us,Night7_Side1,,Un grosso furgone delle consegne che sfreccia lungo la strada mi pianta un’idea in testa.
128,67,en-us,Night7_Side1,,"Socchiudo gli occhi, affino la vista e chiamo in silenzio le ombre che assistono mute al nostro piccolo dramma."
128,68,en-us,Night7_Side1,,"La loro presenza mi diventa in fretta tangibile, l’assenza di luce che risponde come arti che smaniano di essere flessi."
128,70,en-us,Night7_Side1,,"Sentendomi in pieno controllo, ordino all’ombra di strappare la telecamera dalle mani dell’uomo e di scagliarla proprio sotto il furgone in arrivo. Succede così in fretta che nessuno si accorge di niente."
128,71,en-us,Night7_Side1,,"La telecamera atterra sulla strada giusto in tempo perché il furgone ci passi sopra. La costosa attrezzatura si trasforma in una nuvola di detriti di plastica, sparsi quasi tutti in ogni direzione."
128,72,en-us,Night7_Side1,,"Mentre mi allontano, l’urlo furibondo dell’intervistatrice mi fa pensare che abbiano rinunciato alla scheda di memoria, ovunque sia finita."
128,75,en-us,Night7_Side1,,Suona come ogni episodio della mia vita legato al giornalismo. Non ci voglio tornare mai più.
128,76,en-us,Night7_Side1,NosyReporter,"Nemmeno lui poteva prevedere quello che sappiamo oggi: la Terza guerra mondiale si combatte a colpi di tosse e starnuti. Siamo in mezzo a un campo di battaglia biologico, ma la gente non vuole svegliarsi."
128,77,en-us,Night7_Side1,,"Il suo timido cameraman ne segue diligentemente ogni mossa, ma in questo momento sembra avere la testa altrove. Buon per te, amico."
128,78,en-us,Night7_Side1,,"Speravo che il linguaggio scurrile la spingesse a cercarsi un intervistato adatto a tutte le età, ma mi sbagliavo."
128,79,en-us,Night7_Side1,NosyReporter,"Ohh, questa qui ha carattere. Tieni la telecamera accesa, Mikey… Signorina! Signorina!"
128,80,en-us,Night7_Side1,NosyReporter,"Esatto. Alla Cina non importa. Ma noi, come minimo, noi popolo americano dovremmo eccome preoccuparcene. Giusto?"
128,81,en-us,Night7_Side1,NosyReporter,"Ohh, suona proprio come una socialista classica, signorina. Nessun’altra ideologia è così ossessionata dall’estetica invece che dalla verità materiale."
128,82,en-us,Night7_Side1,NosyReporter,"Oh, so benissimo come reagiscono gli studenti universitari di sinistra come lei quando sanno di non poter vincere con gli argomenti, signorina."
128,83,en-us,Night7_Side1,,Ma perché diavolo è così decisa a prendere me? Forse qualcosa nel mio stile mi fa sembrare la perfetta studentessa universitaria antiamericana da distruggere davanti alla telecamera.
128,84,en-us,Night7_Side1,NosyReporter,Signorina… lei è una di quei ragazzini innamorati della Cina? Apologeta di Tienanmen? Ammazzare i padroni di casa con Mao? È questa la sua passione? È il Libretto Rosso quello che le spunta dalla tasca? Eh?
128,85,en-us,Night7_Side1,,Sento quasi il cervello che perde le circonvoluzioni. Comincio a capire come mio padre potesse farsi il lavaggio del cervello guardando la TV.
128,86,en-us,Night7_Side1,NosyReporter,Lei crede… che la Cina che sgancia una bomba biologica… su questo Paese… non sia una cosa di cui preoccuparsi? È così… *ah* miope? *puff* ...Signorina!
128,87,en-us,Night7_Side1,Julia_angry,Voi gente... avete il cervello di un cane.
128,88,en-us,Night7_Side1,,Frustrazione prolungata e una breve scarica di euforia alla fine… 
129,2,en-us,MQ6_NightStart,,"Qualche minuto dopo essermi svegliata, vedo un messaggio infilato sotto la porta dell’appartamento. Qadir?"
129,3,en-us,MQ6_NightStart,,"Già. Pare che abbia una finestra stretta per incontrarmi nel Queens, tra qualche ora. Willets Point. Un unico suggerimento: «Preparati all’azione»."
129,4,en-us,MQ6_NightStart,,E va bene. Mi preparo. Il modo migliore sarebbe svuotare la mente. Camminare senza pensare. Resettare il quadro. Un po’ d’aria fresca dovrebbe bastare.
129,5,en-us,MQ6_NightStart,,"Magari un incontro casuale con qualcuno potrebbe tirarmi fuori da questa palude mentale, farmi guardare il mondo da un’altra angolazione per un po’ e migliorarmi l’umore. "
129,6,en-us,MQ6_NightStart,,"Anche se, quando si tratta di migliorare l’umore, niente batte un po’ di rosso cremisi che scende giù per la gola..."
129,7,en-us,MQ6_NightStart,,...per non parlare del fatto che queste sigarette sanno di più a stomaco pieno.
129,8,en-us,MQ6_NightStart,,Andiamo.
131,3,en-us,MQ7_NightStart,Player,Oh. Sei in piedi presto.
131,4,en-us,MQ7_NightStart,Dakota,"Già. Te l’ho detto, ho da lavorare. "
131,5,en-us,MQ7_NightStart,,Mi stiracchio.
131,6,en-us,MQ7_NightStart,Player,Ammirevole. Mi ricorda quella citazione che tiravi fuori sempre.
131,7,en-us,MQ7_NightStart,Dakota,"«Un sacco di gente dice che non puoi farti le canne e ubriacarti se hai dei figli, e non è vero. Puoi farlo, ma devi comunque alzarti la mattina. Questo è essere responsabili.»"
131,8,en-us,MQ7_NightStart,Player,Proprio quella. Non ho mai capito perché ti facesse così ridere.
131,9,en-us,MQ7_NightStart,Dakota,Nemmeno io. Ho semplicemente accettato il mistero e ne ho fatto il mio credo personale. Sono una persona responsabile.
131,10,en-us,MQ7_NightStart,Player,Hai in programma di fare figli?
131,11,en-us,MQ7_NightStart,Dakota,"Manco tra un milione di anni. A proposito, hai posta."
131,12,en-us,MQ7_NightStart,,Una busta accanto alla porta. È di Qadir.
131,13,en-us,MQ7_NightStart,,"Dentro c’è un messaggio che dice che stanotte non riuscirà a esserci, ma che ci vedremo domani per incontrare D’Angelo. Vuole che stia buona fino ad allora - e che resti in questo appartamento, se possibile."
131,14,en-us,MQ7_NightStart,,"A quanto pare nessuno sa dove sia Tamika. Sanno solo che è nei guai, e lui non mi vuole nei paraggi."
131,15,en-us,MQ7_NightStart,Dakota,Allora? Cos’è?
131,16,en-us,MQ7_NightStart,Player,"Ehm, pare che debba uscire. Prossima pista. Probabilmente inutile, ma… L’indagine continua."
131,17,en-us,MQ7_NightStart,Dakota,"Sarebbe bello passare ancora un po’ di tempo insieme, sai."
131,18,en-us,MQ7_NightStart,Julia_doubtCross,"Dakota, sai che per me questa cosa è importante."
131,19,en-us,MQ7_NightStart,Dakota,"Lo so, lo so. Ma mi piacerebbe sapere che anch’io sono importante per te."
131,20,en-us,MQ7_NightStart,,...Siamo in due.
131,21,en-us,MQ7_NightStart,Julia_baseCross,"Ancora qualche giorno. Troverò l’assassino, gli farò il culo, avrò una promozione, e faremo qualcosa che non abbiamo mai fatto prima."
131,22,en-us,MQ7_NightStart,Dakota,Tipo cosa?
131,23,en-us,MQ7_NightStart,Player,"Bella domanda. Mi, ehm, mi verrà in mente qualcosa."
131,24,en-us,MQ7_NightStart,Player,Per ora recupera il tuo lavoro. Io devo andare. 
131,25,en-us,MQ7_NightStart,Dakota,...Va bene. Buona fortuna. Stai attenta.
131,26,en-us,MQ7_NightStart,Player,Lo sai che lo faccio.
131,27,en-us,MQ7_NightStart,,Questo posto è… stranamente vuoto stanotte.
131,28,en-us,MQ7_NightStart,,Vabbè.
131,29,en-us,MQ7_NightStart,Player,Prendo il solito.
131,30,en-us,MQ7_NightStart,,"Sento che sta arrivando il grande discorso «cosa stiamo facendo in questa relazione», se non cambio abitudini. "
131,31,en-us,MQ7_NightStart,,"Onestamente, mi stupisce un po’ che non sia già successo. Ma per la maggior parte del tempo Dakota è sembrata abbastanza felice solo ad ascoltare le storie della mia non-vita. "
131,32,en-us,MQ7_NightStart,,"Anche se per me è tutto noioso e normale, per lei è esotico e avvincente. Immagino sia un punto a mio favore."
131,33,en-us,MQ7_NightStart,,Vabbè. 
131,34,en-us,MQ7_NightStart,,"Non ho la minima idea di cosa fare stanotte, quindi farò la cosa ovvia e improvviserò. These vagabond shoes / are longing to stray / right through the very heart of it… o come diavolo faceva."
131,35,en-us,MQ7_NightStart,,Ora di perdermi in queste strade affollate e pregare che le risposte che cerco siano là fuori.
131,36,en-us,MQ7_NightStart,,"E se non lo sono, magari almeno troverò un po’ di divertimento, o del sangue."
131,37,Menu Text en-us,MQ7_NightStart,Player,Ho la prossima pista da seguire.
131,38,Menu Text en-us,MQ7_NightStart,Player,Qadir ha bisogno di me.
131,39,en-us,MQ7_NightStart,Player,Qadir mi ha già preparato la prossima lista di incombenze. Giuro su Dio…
131,40,en-us,MQ7_NightStart,Dakota,Pensavo stessi indagando.
131,41,en-us,MQ7_NightStart,Player,Sai come funziona. Non gliene è mai importato di quanto sono sovraccarica. Devo andare.
131,42,Menu Text en-us,MQ7_NightStart,Player,"Ehm, uh..."
131,43,en-us,MQ7_NightStart,Julia_baseCross,"Ehm, uh…"
131,44,en-us,MQ7_NightStart,Dakota,…?
131,45,en-us,MQ7_NightStart,Player,"Scusa, è, ehm, top secret. Merda, per poco non ti mettevo in pericolo. Uff."
131,46,en-us,MQ7_NightStart,Dakota,…
131,47,en-us,MQ7_NightStart,Player,"Comunque, è meglio che vada."
132,27,en-us,Night7_Side2,,Eccola. Quell’atmosfera inconfondibile della zona residenziale di Manhattan.
132,29,en-us,Night7_Side2,Player,*Snif*...
132,30,en-us,Night7_Side2,,E un… inconfondibile profumo di sformato che avvolge i dintorni in un’aura paradisiaca?
132,31,en-us,Night7_Side2,,"L’atmosfera di desolazione però la fa somigliare più al Purgatorio. Non c’è anima viva in giro, e..."
132,33,en-us,Night7_Side2,DAngelo_nopic_,Ugh... Merda!
132,34,en-us,Night7_Side2,,"Pare che non sia sola, dopotutto. Un tizio si sta sfiancando per arrampicarsi su un albero lì vicino. "
132,35,en-us,Night7_Side2,,"D’istinto faccio un passo nelle ombre per restare fuori dalla sua visuale, ma da dove sto non riesco a vedere quasi niente."
132,36,Menu Text en-us,Night7_Side2,Player,[Resta nascosta]
132,37,en-us,Night7_Side2,,Meglio frenare i miei impulsi da guardona e tenere la testa bassa.
132,38,Menu Text en-us,Night7_Side2,Player,[Avvicinati]
132,39,en-us,Night7_Side2,,"La guardona che ho dentro si contorce per avere più dettagli. Mi avvicino di qualche passo, restando nelle ombre."
132,40,Menu Text en-us,Night7_Side2,Player,[Chiamalo]
132,41,en-us,Night7_Side2,,Passano tre minuti e non fa una sola mossa.
132,42,en-us,Night7_Side2,,"Santo cielo, perfino quando ti capita davanti qualcuno che sta organizzando una bravata strana, in questo posto è letargico come tutto il resto… qualunque cosa stia pianificando, non vale di sicuro l’attesa."
132,43,en-us,Night7_Side2,,La mia pazienza si assottiglia.
132,44,en-us,Night7_Side2,Julia_doubtCross,"Ehi, Free Solo! Scendi di lì!"
132,45,en-us,Night7_Side2,,"Per un bel po’ tutto quello che sento è un ansimare pesante. Dai, amico, questa quercia non è nemmeno tanto alta. Sembra proprio la prima volta che il tizio prova ad arrampicarsi su un albero."
132,46,en-us,Night7_Side2,,"Ci mette parecchio, il misterioso intruso, a riprendere fiato e andare avanti."
132,47,en-us,Night7_Side2,,A questa distanza riesco a malapena a distinguerne i lineamenti.
132,48,en-us,Night7_Side2,,"Appena striscia fuori dalla chioma dell’albero, le luci fioche della strada rivelano la faccia di un ragazzo poco più che ventenne."
132,49,en-us,Night7_Side2,,"Contro lo spettacolare cielo notturno e con quel suo sguardo romantico esageratamente tormentato, sembra davvero un eroe degno della copertina di un Harmony."
132,51,en-us,Night7_Side2,,"Valuta uno dei rami più lunghi. Sembra abbastanza robusto, e arriva quasi a una finestra stretta al primo piano. Eppure il tizio esita."
132,52,en-us,Night7_Side2,NewYorkGuy,"Va bene, niente di che. Solo… occhi sull’obiettivo…"
132,53,en-us,Night7_Side2,,"Avanza di qualche passo lungo il ramo, i piedi che gli scivolano un passo sì e uno no mentre va verso la finestra. Per un caso inspiegabile riesce a restare in equilibrio."
132,54,en-us,Night7_Side2,,"Una volta arrivato abbastanza in là, il ramo si piega lentamente sotto il suo peso. Si inginocchia, probabilmente calcolando le sue probabilità di arrivare al davanzale."
132,55,en-us,Night7_Side2,Player,"Amico mio, se ci riesci sarà un miracolo vero."
132,56,en-us,Night7_Side2,,"L’intruso perlustra i dintorni un’ultima volta, assicurandosi che nessuno lo veda. Poi si fruga in tasca, tira fuori quella che sembra una biglia e prende la mira sulla finestra."
132,57,en-us,Night7_Side2,NewYorkGuy,"Okay, ci siamo… ci siamo..."
132,58,en-us,Night7_Side2,,Lancia la biglia con la grazia di un lanciatore di baseball. 
132,59,en-us,Night7_Side2,,"Il tintinnio del vetro è lieve, ma si rivela abbastanza efficace da allertare chi vive lì dentro."
132,60,en-us,Night7_Side2,,"Qualche secondo dopo la finestra si apre con il cigolio di un telaio di legno, seguito dalla voce ovattata ma innegabilmente felice della ragazza che c’è dentro."
132,61,en-us,Night7_Side2,DAngelo_nopic_,"Prince? Ma come hai… Te l’ho detto, è troppo pericoloso. Mio padre…"
132,62,en-us,Night7_Side2,NewYorkGuy,"Oh, fanculo lui. Non puoi lasciare che sia lui a scegliere per noi. Sai cosa provo per te, no? "
132,63,en-us,Night7_Side2,DAngelo_nopic_,"Lo so, ma…"
132,64,en-us,Night7_Side2,NewYorkGuy,"Fammi entrare e basta, piccola. Ti prometto che troveremo una soluzione."
132,65,en-us,Night7_Side2,DAngelo_nopic_,"Oh, per l’amor di… e va bene. Entra, ma svelto!"
132,66,en-us,Night7_Side2,,"E così, di colpo, Prince butta via ogni dubbio e salta dentro pieno d’entusiasmo, dritto tra le braccia della sua amata proibita. "
132,67,en-us,Night7_Side2,,In effetti mi fa sorridere.
132,68,en-us,Night7_Side2,,Il mio occhio da guardona segna un’altra vittoria. Che storia. Commovente. Nostalgica. Peccato solo che sia troppo cliché per rubarla e metterla in un mio pezzo.
132,69,en-us,Night7_Side2,,"...Cosa, Julia? Tu non scrivi più."
132,71,en-us,Night7_Side2,,Ma per adesso incamminiamoci verso il centro.
132,72,en-us,Night7_Side2,Player,"Amico mio, se ci riesci sarà un miracolo vero."
132,73,en-us,Night7_Side2,NewYorkGuy,Ma che--? C’è qualcuno lì?!
132,74,en-us,Night7_Side2,,"L’intruso si gira di scatto, sorpreso dal suono della mia voce. Proprio mentre mi nota perde l’appoggio e piomba dritto nel giardino della casa più vicina."
132,75,en-us,Night7_Side2,NewYorkGuy,Ah merda--
132,76,en-us,Night7_Side2,,"Cade a terra con un tonfo attutito. Per sua fortuna il prato non è stato tagliato da un po’, e l’erba alta gli ammortizza l’atterraggio… più o meno."
132,77,en-us,Night7_Side2,,"Appena si riprende, il tizio si alza e comincia a zoppicare verso la recinzione. Prova a scavalcarla, ma finisce subito di nuovo a terra, stringendosi la gamba dal dolore."
132,78,en-us,Night7_Side2,,Si gira verso di me e comincia a implorare sottovoce.
132,79,en-us,Night7_Side2,NewYorkGuy,"Ehi, tu! Ahia… merda... ti prego, mi sono fatto male, fammi un favore e apri il cancello…"
132,81,en-us,Night7_Side2,,"Be’, con la caviglia storta non ne uscirà da solo. E non è che io sia particolarmente rispettosa della legge..."
132,82,Menu Text en-us,Night7_Side2,Player,[Puzza di trappola. Lascialo lì]
132,83,en-us,Night7_Side2,,...ma so come va a finire.
132,84,en-us,Night7_Side2,Julia_doubtCross,"Mi spiace, ma qui te la cavi da solo, amico."
132,85,en-us,Night7_Side2,NewYorkGuy,"Aspetta… aspetta! Non lasciarmi qui, ti prego!"
132,86,en-us,Night7_Side2,,"Me la svigno giusto in tempo per non farmi notare da un padre di famiglia furioso, che irrompe dalla porta d’ingresso e si scaglia subito contro l’intruso."
132,87,en-us,Night7_Side2,,"La voce sommessa di una ragazza si unisce al trambusto dopo qualche secondo, implorando disperatamente perdono."
132,88,en-us,Night7_Side2,,"Be’, è innegabile che si conoscano. Merda…"
132,90,Menu Text en-us,Night7_Side2,Player,[Avvisa quelli di casa]
132,91,en-us,Night7_Side2,Player,Dai proprio l’impressione di uno le cui intenzioni erano innocenti al cento per cento...
132,92,en-us,Night7_Side2,,"Mi guarda dritta negli occhi, lacrime di speranza che gli luccicano dentro."
132,93,en-us,Night7_Side2,Player,…ed è esattamente per questo che non ci credo.
132,94,en-us,Night7_Side2,,"Prima che riesca a dire una parola, vado al cancello e tengo premuto il citofono abbastanza a lungo da svegliare tutti gli abitanti della casa. E un paio di vicini. E anche un simpatico gatto randagio."
132,95,en-us,Night7_Side2,,"Appena la finestra sul davanti si illumina tolgo il dito dal pulsante, ma quello continua a suonare, con il tono che sale e scende come impazzito. Tipico; lo sfioro appena ed è già rotto."
132,96,en-us,Night7_Side2,NewYorkGuy,Perché… Perché l’hai fatto?! Suo padre mi spacca la faccia! Aspetta!
132,97,en-us,Night7_Side2,,...ma so come va a finire.
132,98,en-us,Night7_Side2,,"Me la svigno giusto in tempo per non farmi notare da un padre di famiglia furioso, che irrompe dalla porta d’ingresso e si scaglia subito contro l’intruso."
132,99,en-us,Night7_Side2,,"La voce sommessa di una ragazza si unisce al trambusto dopo qualche secondo, implorando disperatamente perdono."
132,100,en-us,Night7_Side2,,"Be’, è innegabile che si conoscano. Merda…"
132,101,en-us,Night7_Side2,,"Forse il mondo è un po’ meno moralmente ambiguo di quanto mi abbiano insegnato le serie TV di prestigio. Me ne vado, in colpa e imbarazzata."
132,102,en-us,Night7_Side2,,"Forse il mondo è un po’ meno moralmente ambiguo di quanto mi abbiano insegnato le serie TV di prestigio. Me ne vado, in colpa e imbarazzata."
132,104,Menu Text en-us,Night7_Side2,Player,Potenza: Rompi la serratura del cancello.
132,105,en-us,Night7_Side2,,…e allora perché non dovrei aiutarlo?
132,106,en-us,Night7_Side2,Player,"Resta dove sei, non muoverti…"
132,107,en-us,Night7_Side2,NewYorkGuy,Non so come...
132,108,en-us,Night7_Side2,Player,…e chiudi quella cazzo di bocca. Rilassati. Faccio io.
132,109,en-us,Night7_Side2,,"In due passi svelti e leggeri arrivo al cancello. Ovviamente è chiuso, ma non è che questo mi abbia mai fermata."
132,110,en-us,Night7_Side2,,"Appena sono sicura che nessuno mi veda, concentro la forza sul cancello e faccio leva finché un crack sommesso non annuncia che la serratura ha ceduto."
132,111,en-us,Night7_Side2,,"L’estrazione fila liscia il più possibile. Entro in fretta, prendo il tizio per un braccio e lo aiuto a uscire dal giardino zoppicando piano.
"
132,112,en-us,Night7_Side2,,Lo lascio andare qualche passo dopo. Si appoggia alla recinzione con evidente sollievo.
132,113,en-us,Night7_Side2,NewYorkGuy,"Ahia… grazie, amico. Te ne sono davvero grato."
132,114,en-us,Night7_Side2,Julia_baseCross,Che diavolo ci facevi lassù?
132,115,en-us,Night7_Side2,NewYorkGuy,"Be’, la cosa è imbarazzante…"
132,116,en-us,Night7_Side2,Julia_doubtCross,Più che cadere sul culo in quel modo?
132,117,en-us,Night7_Side2,,"Ridacchia piano e alza lo sguardo verso la finestra, la stessa che stava cercando di raggiungere poco fa."
132,118,en-us,Night7_Side2,NewYorkGuy,"Suonerà patetico da morire, ma... la ragazza che mi piace vive in questa casa. Suo padre, che è uno stronzo, mi odia, quindi ci vediamo di nascosto."
132,119,en-us,Night7_Side2,NewYorkGuy,"Con i suoi che le stanno addosso, non riesce a decidersi su di noi. Mi ha detto esplicitamente di non passare da casa sua, ma…"
132,120,en-us,Night7_Side2,Player,Ma tu hai pensato che fosse una buona idea scalare le mura della sua fortezza come un maledetto Principe Azzurro e romperti l’osso del collo nel suo giardino.
132,121,en-us,Night7_Side2,,La mia battuta lo colpisce davvero.
132,122,en-us,Night7_Side2,Player,Be’...
132,123,Menu Text en-us,Night7_Side2,Player,[Tira un sasso alla finestra]
132,124,en-us,Night7_Side2,Player,"Peggio per te, amico. Pensa in fretta."
132,125,en-us,Night7_Side2,,"Raccolgo un ciottolo tondo e lo tiro alla finestra. In pochi secondi si apre con il cigolio di un telaio di legno, seguito dalla voce ovattata ma innegabilmente felice di chi abita lì."
132,126,en-us,Night7_Side2,DAngelo_nopic_,Prince? Che ci fai lì sotto? Te l’avevo detto…
132,127,en-us,Night7_Side2,NewYorkGuy,"Ehm… amore, ho una cosa importante da dirti. Possiamo parlare un attimo?"
132,128,en-us,Night7_Side2,,Esita un secondo ma torna subito dentro la sua stanza. 
132,129,en-us,Night7_Side2,Player,"In bocca al lupo, Romeo. Magari stavolta evita di romperti qualcosa."
132,130,en-us,Night7_Side2,,"Mi fa un cenno di gratitudine mentre si spolvera freneticamente la giacca, preparandosi all’appuntamento a sorpresa. Gli faccio un saluto informale e me ne vado."
132,131,en-us,Night7_Side2,,"Mentre mi allontano sento solo dei baci che arrivano dal giardino. Mi fa sorridere, anche se poco."
132,132,en-us,Night7_Side2,,Il mio occhio da guardona segna un’altra vittoria. Che storia carina. Commovente. Nostalgica. Peccato solo che sia troppo cliché per rubarla e metterla in un mio pezzo.
132,135,en-us,Night7_Side2,,Ma per adesso incamminiamoci verso il centro.
132,136,Menu Text en-us,Night7_Side2,Player,[Digli di affrontare il padre]
132,137,en-us,Night7_Side2,Player,Senti... sembri un ragazzo grande. Datti una regolata e affronta suo padre.
132,138,en-us,Night7_Side2,NewYorkGuy,Cosa? Tipo… adesso?
132,139,en-us,Night7_Side2,Julia_doubtCross,"No, pagliaccio. Prima curati la gamba. Poi prova il miglior discorso della tua vita e parlaci attraverso i suoi pregiudizi. Anche se fallisce, almeno avrai dimostrato di avere le palle."
132,140,en-us,Night7_Side2,NewYorkGuy,"Merda, amico… immagino tu abbia ragione. Non ha senso rimandare l’inevitabile, no…?"
132,141,en-us,Night7_Side2,,"Mi fa un cenno di gratitudine e mi saluta con la mano prima di allontanarsi zoppicando verso casa sua. Anche se la Fame mi tenta, non lo seguo."
132,142,Menu Text en-us,Night7_Side2,Player,Occasione di Nutrimento: Intruso
132,143,en-us,Night7_Side2,NewYorkGuy,Perché mi guardi così?
132,144,en-us,Night7_Side2,,"Gli afferro di scatto i capelli e gli tiro indietro la testa. Poi affondo il morso e bevo, placando lentamente una parte della mia sete eterna con il liquido cremisi. "
132,145,en-us,Night7_Side2,,"Mentre lascio andare il suo corpo inerte, la sensazione di essere osservata mi colpisce tutti i sensi insieme. D’istinto alzo lo sguardo e noto la faccia sconvolta di una ragazza che ci guarda dalla finestra."
132,146,en-us,Night7_Side2,,"Cazzo, ditemi che non ha visto…"
132,147,en-us,Night7_Side2,DAngelo_nopic_,"Come ti permetti… e davanti a casa mia? Papà aveva ragione! Sei un pezzo di merda, Prince, tu... stammi lontano e basta!"
132,148,en-us,Night7_Side2,,"Sbatte la finestra con tanta forza da rompere uno dei vetri. Be’, almeno non ha capito cosa sia successo davvero."
132,149,en-us,Night7_Side2,,"Me la svigno giusto in tempo per non farmi notare da un padre di famiglia furioso, che irrompe dalla porta e si scaglia subito sul povero Prince, ancora intontito dopo il mio Bacio."
132,151,en-us,Night7_Side2,,"Un’altra notte, un altro disastro. Meglio sparire prima che l’imbarazzo mi raggiunga."
132,152,en-us,Night7_Side2,,"Una volta arrivato abbastanza in là, il ramo si piega lentamente sotto il suo peso. Si inginocchia, probabilmente calcolando le sue probabilità di arrivare al davanzale."
132,153,en-us,Night7_Side2,,"Mentre lo ascolto, una sensazione familiare comincia a sopraffarmi."
132,154,en-us,Night7_Side2,,Non riesco a trattenermi dal fare il tifo per lui.
132,155,en-us,Night7_Side2,,"Già, ma non è che si possa semplicemente smettere di pensare da scrittrice. Ehh. Quell’energia va usata da qualche altra parte. "
132,157,en-us,Night7_Side2,,"Ah, merda. Dovevo stare più attenta."
132,158,en-us,Night7_Side2,,"Salvi qualche poveraccio da una Situazione Moralmente Ambigua, ti senti un’eroina per un po’, e poi l’universo ti mette davanti le conseguenze impreviste delle tue azioni e ti senti una merda."
132,159,en-us,Night7_Side2,,"Da qualche parte là fuori, lo sceneggiatore invisibile delle nostre vite urla «Beccata! Dovevi saperlo che il mondo non è bianco o nero, stronza!» con grande soddisfazione."
132,160,en-us,Night7_Side2,,"Salvi qualche poveraccio da una Situazione Moralmente Ambigua, ti senti un’eroina per un po’, e poi l’universo ti mette davanti le conseguenze impreviste delle tue azioni e ti senti una merda."
132,161,en-us,Night7_Side2,,"Da qualche parte là fuori, lo sceneggiatore invisibile delle nostre vite urla «Beccata! Dovevi saperlo che il mondo non è bianco o nero, stronza!» con grande soddisfazione."
132,162,en-us,Night7_Side2,NewYorkGuy,"Sì, ma che posso fare? Rinunciare a lei, quando in fondo al cuore so che mi ama tanto quanto io amo lei?"
132,163,en-us,Night7_Side2,Julia_doubtCross,…
132,164,en-us,Night7_Side2,Julia_doubtCross,"Non è facile essere così melensi. Ti ha proprio preso, eh."
132,165,en-us,Night7_Side2,NewYorkGuy,...Eccome se l’ha fatto.
132,166,en-us,Night7_Side2,Julia_doubtCross,"Ai padri quella cosa piace, sai. Anche alle figlie."
132,167,en-us,Night7_Side2,,Almeno il mio occhio da guardona ha segnato un’altra vittoria stanotte. Che storia carina. Commovente. Nostalgica. Peccato solo che sia troppo cliché per rubarla e metterla in un mio pezzo.
132,168,en-us,Night7_Side2,,...Cosa? Tu non scrivi più.
132,169,en-us,Night7_Side2,,"Già, ma non è che si possa semplicemente smettere di pensare da scrittrice. Ehh. Quell’energia va usata da qualche altra parte."
135,27,en-us,MQ8_NightStart,,"Arrivo finalmente al Big Beat Burger, sperando di riprendermi da tutti i danni mentali accumulati in questi ultimi giorni…"
135,28,en-us,MQ8_NightStart,,...solo per scoprire che le porte sono chiuse e dentro non c’è nessuno.
135,29,en-us,MQ8_NightStart,,"No, no, no. Ho bisogno di conforto. Ho bisogno della mia routine. "
135,30,en-us,MQ8_NightStart,Julia_angryCig,Mi state assolutamente prendendo in giro.
135,31,en-us,MQ8_NightStart,Julia_angryCig,«Chiuso?» Che cazzo vuol dire «chiuso»?
135,32,en-us,MQ8_NightStart,Passerby,"Cioè, siamo in piena pandemia. È tutto chiuso."
135,33,en-us,MQ8_NightStart,Julia_doubtCig,Pandemia? Quale pandemia?
135,34,en-us,MQ8_NightStart,Passerby,"Ma dove cazzo vivi, su Marte? È un nuovo virus SARS, arrivato dritto dalla Cina. Il mondo intero sta impazzendo. La gente muore a destra e a manca."
135,35,en-us,MQ8_NightStart,Julia_baseCig,…Porca puttana.
135,36,en-us,MQ8_NightStart,,Non sapevo che una cosa del genere potesse ancora succedere di questi tempi. In qualche modo sembrava sempre che ce la fossimo lasciata alle spalle.
135,37,en-us,MQ8_NightStart,Julia_baseCig,"Be’, direi che sono fortunata a essere morta. "
135,38,en-us,MQ8_NightStart,,Mi allontano per evitare di attirare altra attenzione su di me.
135,39,en-us,MQ8_NightStart,,"Adesso capisco perché stanotte New York sembra a dir poco apocalittica. È come un’esperienza psichedelica, vedere queste strade familiari vuote e abbandonate."
135,40,en-us,MQ8_NightStart,,"Be’, vediamo quali parti della città sono ancora vive in piena pestilenza."
136,29,en-us,Night8_Side1,,"Se qualcuno mi chiedesse in questo momento come si definisce la parola «inquietante», lo guarderei dritto negli occhi e direi «Guardati intorno, idiota»."
136,30,en-us,Night8_Side1,,"Ma a parte qualche cane randagio, non c’è nessuno in giro a cui chiedere."
136,31,en-us,Night8_Side1,,"Questa non è la New York che ho imparato a conoscere. Non posso fare a meno di percepirla come… artificiale? Reale, ma con una qualità apocalittica inquietante, come un gioco di ruolo cittadino tratto da un filmaccio post-apocalittico."
136,32,en-us,Night8_Side1,,"Come se fossi, ehm... Will Smith in «Io sono leggenda»?"
136,33,en-us,Night8_Side1,Julia_doubtCross,"Cavolo. Probabilmente è la prima volta in dieci anni che qualcuno pensa a «Io sono leggenda». Al film, almeno."
136,34,en-us,Night8_Side1,,"Continuo a camminare per le strade vuote, finché all’improvviso…"
136,35,en-us,Night8_Side1,DAngelo_nopic_,Ehi! Julia! Juuu-liii-aaaa!
136,36,en-us,Night8_Side1,,...le strade si rivelano meno vuote di quanto pensassi.
136,37,en-us,Night8_Side1,Player,Charlie...? Caspita. Quanto tempo.
136,38,en-us,Night8_Side1,WaiterShadows,Julia! Perché sei così stupida?
136,39,en-us,Night8_Side1,Julia_baseCross,Wow. Non è... la battuta che sceglierei per aprire una reunion commovente.
136,40,en-us,Night8_Side1,,"L’ultima volta che ci siamo visti lavorava al Karma Circle. Uno di quei posti vegani che si vantano di assumere lavoratori con disabilità. Ci sono andata la prima volta due anni fa o giù di lì, con Dakota. "
136,41,en-us,Night8_Side1,,Charles qui presente era il nostro cameriere. Ci ha sentite litigare per una stupidaggine e si è precipitato in difesa di Dakota. E nella testa di Charlie la difesa migliore è un attacco senza pietà.
136,42,en-us,Night8_Side1,,"Ha fatto a pezzi i miei vestiti formali, i miei tic ridicoli, il mio comportamento in generale e le mie argomentazioni in particolare con una tale spietatezza che Dakota ha riso per dieci minuti di fila. Il direttore l’ha sentito e si è scusato."
136,56,en-us,Night8_Side1,WaiterShadows,La gente si ammala! Sei irresponsabile! Devo portarti a casa.
136,57,en-us,Night8_Side1,Player,"Stavo giusto andando lì, Charlie. Non c’è bisogno che ti preoccupi per me."
136,58,en-us,Night8_Side1,WaiterShadows,Ma io ero preoccupato! Non rispondi mai ai miei messaggi ultimamente!
136,59,en-us,Night8_Side1,,"Già… non è esattamente un’opzione al momento, vero? Soprattutto di giorno."
136,60,en-us,Night8_Side1,Player,"Se devi contattarmi, devi farlo tramite Dakota. Ho… deciso di non usare più gli smartphone. Sai, per tenere la testa più libera, e cose così."
136,61,en-us,Night8_Side1,WaiterShadows,Eheh! Secondo me ti sei solo stancata di romperli. Sei sempre stata così maldestra. Avevi sempre lo schermo crepato. Pensavi sempre… tanto mentre le mani facevano qualcosa di stupido. Eheh.
136,62,en-us,Night8_Side1,,Come dicevo. Spietato.
136,63,en-us,Night8_Side1,WaiterShadows,E Dakota sta bene? Siete ancora… amiche del cuore?
136,64,en-us,Night8_Side1,WaiterShadows,"Bene. Tu non sei... pratica. Sei un disastro, ragazza. Ti serve qualcuno vicino che si prenda cura di te."
136,65,en-us,Night8_Side1,Player,"Pff, ma dai. Detto da uno che vive ancora con sua madre."
136,66,en-us,Night8_Side1,WaiterShadows,Esatto. Siamo uguali. È così che lo so.
136,67,en-us,Night8_Side1,,Lo dice con un sorriso così innocente e con una tale convinzione che mi sento completamente asfaltata. 
136,68,en-us,Night8_Side1,,Inutile ribattere. Passo in modalità sincerità.
136,69,en-us,Night8_Side1,Player,"È solo che… non dirglielo, ma non sono sicura che ci rendiamo felici a vicenda? E la cosa mi preoccupa, tipo, tanto, capisci?"
136,70,en-us,Night8_Side1,WaiterShadows,Ah. È perché stai facendo la stupida.
136,71,en-us,Night8_Side1,Player,Ehi. Adesso sto essendo sincera. Non essere cattivo.
136,72,en-us,Night8_Side1,WaiterShadows,"Non ho detto «sei stupida», ma che «stai facendo la stupida» - c’è differenza."
136,73,en-us,Night8_Side1,Player,"Immagino sia una cosa che dice sempre tua madre, eh?"
136,74,en-us,Night8_Side1,WaiterShadows,"Quando resti troppo tempo nella tua testa, inciampi sempre in un bicchiere d’acqua o ti rompi il telefono. È allora che ti chiamano stupida. Quando discuti o quando scherzi? Quello è buono. Quello è... progresso."
136,76,Menu Text en-us,Night8_Side1,Player,Immagino di sì.
136,77,en-us,Night8_Side1,Player,Immagino di sì.
136,78,Menu Text en-us,Night8_Side1,Player,È più complicato di così.
136,79,en-us,Night8_Side1,Player,"Charlie, credo sia un po’ più complicato di così."
136,80,Menu Text en-us,Night8_Side1,Player,Adesso fai il filosofo?
136,81,en-us,Night8_Side1,Player,"Merda, Charles. Da quando fai il filosofo?"
136,82,en-us,Night8_Side1,WaiterShadows,"Fai ancora la, ehm… la giornalista?"
136,83,en-us,Night8_Side1,Player,Io? No. Mi hanno licenziata.
136,84,en-us,Night8_Side1,WaiterShadows,Bene.
136,85,en-us,Night8_Side1,Julia_angry,...Bene? Sul serio?
136,86,en-us,Night8_Side1,WaiterShadows,Sì. Mamma legge il Lodestar a volte. Dice che è spazzatura. Sono contento che tu non sia spazzatura.
136,87,en-us,Night8_Side1,Player,Grazie. Significa molto. E ehm… Come va al Karma Circle? Lavori ancora lì?
136,88,en-us,Night8_Side1,WaiterShadows,No. Mi hanno licenziato.
136,89,en-us,Night8_Side1,Player,Oh.
136,90,Menu Text en-us,Night8_Side1,Player,Cristo… mi dispiace.
136,91,en-us,Night8_Side1,Player,Cristo. Mi dispiace.
136,92,en-us,Night8_Side1,WaiterShadows,Sì. Tagli. Fa schifo!
136,93,en-us,Night8_Side1,Player,Fa schifo davvero.
136,94,en-us,Night8_Side1,Player,E tua madre come sta?
136,95,en-us,Night8_Side1,WaiterShadows,"È malata e non vuole che entri nella sua stanza. Mi ha mandato in farmacia. A prendere le sue medicine, sai. "
136,96,en-us,Night8_Side1,Player,Cazzo. Spero non sia grave.
136,97,en-us,Night8_Side1,WaiterShadows,È stupido. Dobbiamo prenderci cura l’uno dell’altra. Ma non possiamo nemmeno vederci. Capisci?
136,98,en-us,Night8_Side1,Player,Adesso mi sento una merda ad aver voluto lamentarmi dei miei problemi. Tu stai bene?
136,99,en-us,Night8_Side1,WaiterShadows,Sì. Sono forte.
136,100,en-us,Night8_Side1,,Fa la posa da macho. Rido.
136,119,en-us,Night8_Side1,,"Giuro, non so come si gestisca questo tizio. Deve sempre avere l’ultima parola. Perfino contro un vampiro."
136,120,en-us,Night8_Side1,,Probabilmente è per questo che lo rispetto ancora tanto. Vabbè. Ora di seguire il suo esempio e sparire.
136,121,en-us,Night8_Side1,,Ma a me non dispiaceva. Mi sono sempre piaciuti gli sfavoriti che sanno tenere il punto. Siamo perfino diventati amici online per poterci sfottere su Messenger. E lui ci riesce anche solo con le emoji.
136,122,en-us,Night8_Side1,Player,Lo siamo.
136,123,Menu Text en-us,Night8_Side1,Player,Non lo so.
136,124,Menu Text en-us,Night8_Side1,Player,«Amiche del cuore?»
136,125,en-us,Night8_Side1,Player,Lo siamo. Molto del cuore.
136,126,en-us,Night8_Side1,Player,Non so se lo siamo. Almeno usciamo ancora insieme.
136,127,en-us,Night8_Side1,Player,«Amiche del cuore?» Chi ti ha detto di chiamarci «amiche del cuore»? Non ricordo di averlo mai detto.
136,128,en-us,Night8_Side1,WaiterShadows,"Dakota. Su WhatsApp. Le ho chiesto: «Dakota, Julia è importante per te?» E lei ha detto di sì. Siamo amiche del cuore."
136,129,en-us,Night8_Side1,Player,...Lo siamo davvero. Carino che gliel’abbia chiesto.
136,130,en-us,Night8_Side1,WaiterShadows,Leggo. Tanto. Probabilmente più di te.
136,131,en-us,Night8_Side1,Player,Probabilmente sì. Sono pigra da morire. Scelgo solo le pagine che sembrano interessanti.
136,132,en-us,Night8_Side1,WaiterShadows,Nyeh.
136,133,en-us,Night8_Side1,,La sua mano scaccia semplicemente la mia obiezione. È il segno che ha già dichiarato vittoria e non ammette repliche. Lascio cadere le braccia e ammetto la sconfitta.
136,134,en-us,Night8_Side1,WaiterShadows,"Visto? Non sei stupida. Hai capito. Ah, sì. Ehm..."
136,135,Menu Text en-us,Night8_Side1,Player,Per via del virus?
136,136,Menu Text en-us,Night8_Side1,Player,[Con malizia] ...Bene.
136,137,en-us,Night8_Side1,Julia_baseCross,Bene.
136,138,en-us,Night8_Side1,WaiterShadows,No. Non bene.
136,139,en-us,Night8_Side1,Julia_baseCross,Se ti hanno licenziato vuol dire che sono spazzatura. E tu ti meriti di meglio che lavorare per gente che è spazzatura.
136,140,en-us,Night8_Side1,WaiterShadows,Bah. Lo dici e basta.
136,141,en-us,Night8_Side1,,Fa un gesto civettuolo che mi fa scoppiare a ridere.
136,142,en-us,Night8_Side1,Player,Per via del virus?
136,143,en-us,Night8_Side1,WaiterShadows,Non so. C’è un capo nuovo. Un tipo stupido. Non gli piaccio.
136,144,en-us,Night8_Side1,Player,Spero che non gli abbia dato dello stupido in faccia.
136,145,en-us,Night8_Side1,,Mi lancia un’occhiata sorniona di sbieco e muove le sopracciglia su e giù con tempi comici perfetti.
136,146,en-us,Night8_Side1,WaiterShadows,Invece sì...
136,147,en-us,Night8_Side1,,Sbotto in una risata incontrollabile.
136,148,en-us,Night8_Side1,Player,"Merda, Charlie. Sei incredibile."
136,149,en-us,Night8_Side1,WaiterShadows,"Resta forte anche tu, Julia. E scrivi qualcosa ogni tanto."
136,150,en-us,Night8_Side1,Player,"Non prometto niente. Ehi, se dovessi comportarmi da stronza con Dakota e smettessimo di essere amiche del cuore, mi perdoneresti?"
136,151,en-us,Night8_Side1,WaiterShadows,Fammi pensare…
136,152,en-us,Night8_Side1,,"Una posa del pensatore esagerata. Giuro, questo tizio..."
136,153,en-us,Night8_Side1,WaiterShadows,No.
136,154,en-us,Night8_Side1,,Poi si volta e sparisce nella notte. 
137,12,en-us,Night8_Side2,,"Ho accarezzato l’idea di intrufolarmi in un ospedale per vedere da vicino come stavano le cose, ma sembrava una vera zona di guerra, quindi ho lasciato perdere."
137,14,en-us,Night8_Side2,,Immagino sia ora di tornare alla miserabile faccenda che mi è toccata.
137,15,en-us,Night8_Side2,,"Non so cosa mi aspettassi, con la piega che hanno preso le riforme sanitarie in questo stato. Meno strutture nelle zone povere, meno posti letto, meno fondi. Stiamo solo raccogliendo quello che hanno seminato."
137,16,en-us,Night8_Side2,,È per questo che una volta pensavo sul serio di tornare in patria. Un amico americano mi fece: «perché mai vorresti tornare in quel buco di merda?» È rimasto scioccato nello scoprire che da noi la sanità è normale e gratuita.
137,17,en-us,Night8_Side2,,"Comunque, se un ospedale in funzione non va bene… questo forse sì. Lo Smallpox Hospital su Roosevelt Island. Costruito per mettere in quarantena i poveri e le vittime non amate delle pandemie, lontano dagli occhi dei cittadini «normali»."
137,18,en-us,Night8_Side2,,"Nonostante lo stato di abbandono, o forse in parte proprio per quello, l’architettura riesce ancora a trasmettere alla perfezione la storia dolorosa dell’edificio. "
137,19,en-us,Night8_Side2,,"Qui ci sono fantasmi, ma per lo più sono quelli buoni, metaforici. Non quelli che vedo di solito. "
137,20,en-us,Night8_Side2,,...pare che ci sia anche un essere fisico solitario. Sento qualcuno che si muove furtivo tra le rovine. Addio pace e tranquillità.
137,21,en-us,Night8_Side2,,Ma vabbè. Dovevo comunque placare la sete.
137,22,en-us,Night8_Side2,,Come mi avvicino a quella persona?
137,23,Menu Text en-us,Night8_Side2,Player,[Attraverso le ombre]
137,24,Menu Text en-us,Night8_Side2,Player,[Di’ «Ciao» per prima]
137,25,Menu Text en-us,Night8_Side2,Player,Dominazione: Immobilizzala
137,26,en-us,Night8_Side2,,Divento tutt’uno con le ombre. Lascio che il flusso del vuoto mi porti nella direzione dei passi.
137,27,en-us,Night8_Side2,,Alla fine una figura femminile compare davanti ai miei occhi.
137,28,en-us,Night8_Side2,,"Lentamente, emergo dal buio dietro la sua schiena…"
137,29,en-us,Night8_Side2,MysteriousVampiress_,AAAAH!
137,30,en-us,Night8_Side2,,...e nel farlo spavento il mio bersaglio.
137,31,en-us,Night8_Side2,,Nel panico si lascia cadere qualcosa. Si rompe in mille pezzetti.
137,32,en-us,Night8_Side2,,"Mi avvicino per intercettarla. Aspetto dietro un angolo per un attimo, poi sbuco fuori quando sento i suoi passi vicini."
137,33,en-us,Night8_Side2,Player,Ciao!
137,34,en-us,Night8_Side2,MysteriousVampiress_,AAAAH!
137,35,en-us,Night8_Side2,,Cammino nella direzione generica dei passi. Non ci metto molto ad avvistare una sagoma che viene verso di me. È una donna.
137,36,en-us,Night8_Side2,,"Mi piazzo in mezzo al suo cammino, le faccio segno con il palmo teso ed esclamo…"
137,37,en-us,Night8_Side2,Player,Fermati lì.
137,38,en-us,Night8_Side2,MysteriousVampiress_,AAAH!
137,39,en-us,Night8_Side2,MysteriousVampiress_,DIO! Non spaventarmi così!
137,40,en-us,Night8_Side2,Player,"Ehm, uh… mi... dispiace?"
137,41,en-us,Night8_Side2,MysteriousVampiress_,Urrrrgh… guarda cosa mi hai fatto fare...
137,42,en-us,Night8_Side2,,Si inginocchia a raccogliere i pezzi di una bruttissima scultura di vetro. La forma è familiare.
137,43,en-us,Night8_Side2,Player,Era… era una statuina di Zio Paperone?
137,44,en-us,Night8_Side2,MysteriousVampiress_,"Sì, esatto. Un disegno di Carl Barks. Hanno smesso di produrle decenni fa. Non hai idea di quanto ci ho messo a trovarla."
137,45,en-us,Night8_Side2,MysteriousVampiress_,Non vedevo l’ora di decorare il mio [26;Rifugio] con questa… Ugghghgh.
137,46,en-us,Night8_Side2,Player,...Zio Paperone?
137,47,en-us,Night8_Side2,MysteriousVampiress_,"Uffa. È pop art, chiaro?"
137,48,en-us,Night8_Side2,,"[26;«Rifugio».] Ecco, adesso capisco quello che non riuscivo a mettere in parole. Era la sensazione che potesse essere una Fratello."
137,49,en-us,Night8_Side2,,"Sembra svampita ed eccentrica, ma non vorrei litigarci. Chiamalo istinto."
137,50,en-us,Night8_Side2,Player,"Mi scuso. Mi chiamo Julia, sono la rappresentante Lasombra per questa città."
137,51,en-us,Night8_Side2,MysteriousVampiress_,Bella rappresentante. Prima impressione assolutamente ORRIBILE.
137,53,en-us,Night8_Side2,Player,"Chissà come, non ci siamo mai incontrate. Vivi qui? "
137,54,en-us,Night8_Side2,MysteriousVampiress_,"Preferisco starmene per conto mio in queste notti. Più tempo per gli hobby, se ti nascondi in posti appartati come questo."
137,55,en-us,Night8_Side2,Player,Come ti chiami?
137,56,en-us,Night8_Side2,MysteriousVampiress_,...
137,57,en-us,Night8_Side2,MysteriousVampiress,Chiamami solo Principessa.
137,58,en-us,Night8_Side2,Julia_doubtCross,...Principessa?
137,59,en-us,Night8_Side2,MysteriousVampiress,"Il mio vero nome è per gli amici, e dopo aver distrutto il mio tesoro ti considero una nemica giurata. Quando meno te lo aspetti ti troverò, e ti intrappolerò in una Realtà di Dolore Eterno."
137,60,en-us,Night8_Side2,MysteriousVampiress,"...Dovrei come minimo lamentarmi con la Corte, onestamente. Dire a Hellene di cominciare a cercarsi una sostituta. "
137,61,en-us,Night8_Side2,,"Quindi le scuse non bastano, eh."
137,62,en-us,Night8_Side2,,"Qadir sarebbe di certo entusiasta di vedere il Principe Hellene assegnarmi la missione di cercare una rara statua di Zio Paperone, ma preferirei evitare quel destino, anche se non sembra molto probabile."
137,63,en-us,Night8_Side2,Julia_baseCross,"Come posso rimediare? Devo, tipo, cercarne una uguale online, o..."
137,64,en-us,Night8_Side2,MysteriousVampiress,…
137,65,en-us,Night8_Side2,MysteriousVampiress,"Ah, vabbè. Non ti mento, preferisco non restare arrabbiata a lungo. È estenuante, ed è una minaccia per la bellezza, sia interiore che esteriore."
137,66,en-us,Night8_Side2,MysteriousVampiress,"Quindi sì, credo che ti chiederò un piccolo favore, poi saremo pari e non dovrò preoccuparmi di imbruttirmi. Ti va bene?"
137,67,en-us,Night8_Side2,Julia_doubtCross,Che favore?
137,68,en-us,Night8_Side2,MysteriousVampiress,"Vedi, in questo periodo sono fissata con l’arte bassa. Per questo colleziono roba tipo le lampade di Zio Paperone."
137,69,en-us,Night8_Side2,MysteriousVampiress,"Prima ero fissatissima con l’arte alta. Ho studiato la struttura armonica delle cantate di Bach, ho imparato l’arabo da sola solo per piangere sulla poesia mediorientale, ho letto un sacco di Joyce e Adorno, eccetera."
137,70,en-us,Night8_Side2,MysteriousVampiress,"Alla fine questi hobby sono diventati noiosi, come tutte le cose. Quindi adesso cambio registro. "
137,71,en-us,Night8_Side2,MysteriousVampiress,"Fumetti, musica rock pesante, film hollywoodiani moderni... insomma, roba fatta per bambini piccoli, in pratica."
137,72,en-us,Night8_Side2,MysteriousVampiress,"Il problema è che credo di non essere ancora abbastanza in basso. C’è ancora troppa padronanza della forma, troppo contegno, troppa rispettabilità, troppo buon gusto. "
137,73,en-us,Night8_Side2,MysteriousVampiress,Voglio provare il brivido di guardare nell’anima di qualcuno disposto ad ammettere desideri e ossessioni davvero degenerati.
137,74,en-us,Night8_Side2,MysteriousVampiress,"Quindi voglio l’arte PIÙ bassa che riesci a trovare. Fammi cadere dalla sedia, e siamo a posto."
137,75,en-us,Night8_Side2,,"...non è il tipo di richiesta che mi aspettavo, ma..."
137,76,en-us,Night8_Side2,Player,Quanto in basso è troppo in basso?
137,77,en-us,Night8_Side2,MysteriousVampiress,Non esiste il «troppo in basso».
137,78,en-us,Night8_Side2,,...Eh. Okay.
137,79,en-us,Night8_Side2,,"Quando ero viva ho respinto le avances di un tizio che viveva appena fuori Astoria. Di sicuro possiede ancora un po’ di Arte Incredibilmente Bassa. Ma cosa le prendo, di preciso?"
137,80,Menu Text en-us,Night8_Side2,Player,[Un libro fantasy]
137,81,Menu Text en-us,Night8_Side2,Player,[Un DVD anime]
137,82,Menu Text en-us,Night8_Side2,Player,[Un videogioco]
137,83,en-us,Night8_Side2,Player,...Okay. Torno in un lampo.
137,84,en-us,Night8_Side2,,"Ci metto poco più di un’ora ad arrivare, svegliarlo in piena notte, giocherellargli un po’ con la testa e tornare con un’opera d’arte adeguatamente bassa."
137,85,en-us,Night8_Side2,Julia_doubtCig,"Allora, ehm, ho una cosa."
137,86,en-us,Night8_Side2,MysteriousVampiress,Non essere timida. Cos’è?
137,87,en-us,Night8_Side2,,Le mostro il libro che le ho preso. La copertina ritrae un adolescente che lancia una palla di fuoco verso il lettore. 
137,88,en-us,Night8_Side2,,Le passo un DVD con una ragazza prosperosa disegnata a mano che lecca una katana gigante.
137,89,en-us,Night8_Side2,,Le mostro una «edizione fisica limitata» di un oscuro videogioco.
137,90,en-us,Night8_Side2,MysteriousVampiress,«Il Veggente e il Sigillatore. Tomo Primo della Saga del Sigillatore».
137,91,en-us,Night8_Side2,Player,"«Barthom, Sigillatore in addestramento, è un viaggiatore quantistico. La sua missione è distruggere o isolare ogni dimensione che possa minacciare la propria.»"
137,92,en-us,Night8_Side2,Player,"«Ma quando il malvagio signore Merian fon Corveth riesce a fuggire dal suo reame sigillato tramite il suicidio quantistico e a reincarnarsi nel mondo di Barthom, il destino dell’intero Multiverso è in pericolo.»"
137,93,en-us,Night8_Side2,Player,«Barthom avrà quello che serve per sconfiggere i 13 Deva sparsi su ogni piano dell’esistenza e cancellare Corveth dal continuum spaziotemporale una volta per tutte? Lo attendono molte battaglie iperviolente...»
137,94,en-us,Night8_Side2,Player,«Lo stile di scrittura è molto adeguato a quello che è» - Fantasy Lit Review.
137,95,en-us,Night8_Side2,Julia_doubtCross,...
137,96,en-us,Night8_Side2,Player,"Secondo la descrizione che mi ha stampato lui, questa roba si chiama «Ririsu no Daibouken»."
137,97,en-us,Night8_Side2,MysteriousVampiress,Sulla copertina c’è «Il Carnevale Carnale di Lilith».
137,98,en-us,Night8_Side2,Player,"Sì, non ho idea del perché il titolo sia scritto così. Comunque…"
137,99,en-us,Night8_Side2,Player,"«Questo original video animation degli anni Novanta ci presenta la storia di cinque guerriere samurai dal seno prosperoso che viaggiano per l’America in cerca del Generale Hastavista, il Re Incubo.»"
137,100,en-us,Night8_Side2,Player,"«Non lasciatevi ingannare dal lato piccante: qui i veri punti di forza sono una regia impareggiabile, un ritmo di montaggio quasi d’avanguardia e dialoghi che commentano con malizia i ruoli di genere tradizionali nell’anime.»"
137,101,en-us,Night8_Side2,Player,"«Una volta vista l’animazione della battaglia finale, capirete perché fa sempre battere il cuore agli appassionati di sakuga!»"
137,102,en-us,Night8_Side2,Player,"«NOTA: Sakuga (invariabile). Nell’animazione giapponese, una sequenza di qualità notevolmente superiore, usata per dare risalto a una scena particolarmente importante.»"
137,103,en-us,Night8_Side2,Player,"Allora, ehm… Hai mai giocato a un videogioco?"
137,104,en-us,Night8_Side2,MysteriousVampiress,No. Non credo di averli mai considerati arte.
137,105,en-us,Night8_Side2,Player,"Be’, vedi se questa descrizione che mi ha stampato il mio amico ti interessa abbastanza da provarci. Ehm."
137,106,en-us,Night8_Side2,Player,«Idea Versus»
137,107,en-us,Night8_Side2,Player,"«Un omaggio americano dal budget sfarzoso ai classici della visual novel, che vuole inaugurare una nuova era per il genere in Occidente.»"
137,108,en-us,Night8_Side2,Player,«21 studenti si risvegliano nel loro liceo abbandonato senza alcun ricordo di cosa sia loro successo. Una macchina spaventosa annuncia che ora fanno parte di un gioco mortale - e la loro unica arma è… l’ideologia.»
137,109,en-us,Night8_Side2,Player,"«Socialismo, libertarismo, conservatorismo, fascismo, liberalismo... hanno tutti il loro campione qui. Comincia una serie di intensi dibattiti scolastici, e ogni perdente è condannato a morte.»"
137,110,en-us,Night8_Side2,Player,«La scienza politica incontra Hunger Games.»
137,111,en-us,Night8_Side2,Player,«NOTA: Tutti i personaggi rappresentati in questo gioco hanno 18 anni o più. La patch di rimozione della censura è già stata applicata.»
137,112,en-us,Night8_Side2,,"Ecco, sì, suona proprio come arte bassa."
137,113,en-us,Night8_Side2,,"A occhi bassi, aspetto la sua risposta."
137,114,en-us,Night8_Side2,MysteriousVampiress,...Questo è fantastico.
137,115,en-us,Night8_Side2,Julia_doubtCross,...Davvero?
137,116,en-us,Night8_Side2,MysteriousVampiress,"Sì, non ho la minima idea di cosa sto guardando, ma sento che è totalmente degenerato e nudo nelle sue intenzioni. Proprio quello che mi serviva!"
137,117,en-us,Night8_Side2,MysteriousVampiress,"Credimi, ne ho avuto ABBASTANZA di arte che cerca di abbagliarmi o di conquistarmi o di essere usata come trampolino nell’illustre carriera di qualcuno."
137,118,en-us,Night8_Side2,MysteriousVampiress,"Voglio solo che qualcuno faccia tipo, CHISSENEFREGA, non voglio impressionare nessuno, non voglio arrivare da nessuna parte, voglio solo vomitare la mia anima davanti a tutti i mostri come me."
137,119,en-us,Night8_Side2,MysteriousVampiress,"Credo che, a modo suo, quella potrebbe essere la forma d’arte definitiva. "
137,120,en-us,Night8_Side2,Player,...
137,121,en-us,Night8_Side2,Player,"Allora, il mio debito è saldato?"
137,122,en-us,Night8_Side2,MysteriousVampiress,Eh... direi di sì.
137,123,en-us,Night8_Side2,Player,"Allora posso sapere il tuo nome, adesso?"
137,124,en-us,Night8_Side2,MysteriousVampiress,Mmmm… Fammi pensare...
137,125,en-us,Night8_Side2,MysteriousVampiress,No. <3
137,126,en-us,Night8_Side2,,Si volta e sparisce nella notte.
137,127,en-us,Night8_Side2,,"Be’, è stata una… interessante distrazione da tutto il malessere della città."
142,1,en-us,TraitTutorial,Tutorial_nopic,"Hai ricevuto il tuo primo Tratto. Alcune scelte nel gioco spingeranno Julia verso modi di pensare diversi, con un effetto duraturo su di lei per tutta la storia."
142,2,en-us,TraitTutorial,Tutorial_nopic,Ogni volta che ricevi un nuovo Tratto vedrai una breve notifica in cima allo schermo.
142,3,en-us,TraitTutorial,Tutorial_nopic,"Puoi sempre consultare i Tratti sbloccati nella schermata Diario, raggiungibile dall’icona in alto a sinistra."
142,4,en-us,TraitTutorial,Tutorial_nopic,Ricorda che la spietatezza è il marchio di una vera Lasombra... ma potresti percorrere un’altra strada prima di arrivare a quella meta.
